title,publication_date,source,domain,url,region,collector,location_mention
Rusia : Jerman Terlibat Perang Jika Ukraina Gunakan Rudal Taurus ! ,2025-04-18 00:30:00+00:00,Indonesia,international.sindonews.com,https://international.sindonews.com/read/1556517/41/rusia-jerman-terlibat-perang-jika-ukraina-gunakan-rudal-taurus-1744934669,Black_Sea_Ukraine,gdelt,Black_Sea_Ukraine
"Malí zelení mužíčci znovu v akci . Rusko otestuje NATO v Estonsku , varuje šéf německé rozvědky",2025-06-11 05:15:00+00:00,Czech Republic,novinky.cz,https://www.novinky.cz/clanek/zahranicni-evropa-mali-zeleni-muzicci-znovu-v-akci-rusko-otestuje-nato-v-estonsku-varuje-sef-nemecke-rozvedky-40525068,Black_Sea_Ukraine,gdelt,Black_Sea_Ukraine
Armistițiu de Paște - Putin anunță încetarea focului în Ucraina,2025-04-19 15:00:00+00:00,Romania,stiripesurse.ro,https://www.stiripesurse.ro/armistitiu-de-paste-putin-anunta-incetarea-focului-in-ucraina_3654868.html,Black_Sea_Ukraine,gdelt,Black_Sea_Ukraine
Nevypočítateľný Putin : Tajné služby varujú ! Nová hrozba útoku je horšia ako Ukrajina,2025-05-21 18:30:00+00:00,Slovak Republic,topky.sk,https://www.topky.sk/cl/11/3047731/Nevypocitatelny-Putin--Tajne-sluzby-varuju--Nova-hrozba-utoku-je-horsia-ako-Ukrajina,Black_Sea_Ukraine,gdelt,Black_Sea_Ukraine
Ukrajina válku nezačala . Ani když americký prezident Trump tvrdí opak,2025-04-17 05:15:00+00:00,Czech Republic,denik.cz,https://www.denik.cz/ze_sveta/denik-proti-fake-news-donald-trump-volodymyr-zelenskij-usa.html,Black_Sea_Ukraine,gdelt,Black_Sea_Ukraine
Polish official warns Trump against  historical mistake  regarding Russia,2025-04-06 10:30:00+00:00,United States,yahoo.com,https://www.yahoo.com/news/polish-official-warns-trump-against-082035826.html,Black_Sea_Ukraine,gdelt,Black_Sea_Ukraine
Polish official warns Trump against  historical mistake  regarding Russia,2025-04-06 22:45:00+00:00,Ukraine,pravda.com.ua,https://www.pravda.com.ua/eng/news/2025/04/6/7506262/,Black_Sea_Ukraine,gdelt,Black_Sea_Ukraine
Kowal : Trump va comite o „ greșeală istorică  dacă va recunoaște pretențiile teritoriale ale Rusiei,2025-04-06 18:30:00+00:00,Romania,stiripesurse.ro,https://www.stiripesurse.ro/kowal-trump-va-comite-o-greseala-istorica-daca-va-recunoaste-pretentiile-teritoriale-ale-rusiei_3639735.html,Black_Sea_Ukraine,gdelt,Black_Sea_Ukraine
Trump Blames Biden and Zelensky for Russian Invasion :  It Wouldnt Have Happened Without Rigged Elections  ,2025-04-15 00:00:00+00:00,Cuba,cubaheadlines.com,https://www.cubaheadlines.com/articles/300938,Black_Sea_Ukraine,gdelt,Black_Sea_Ukraine
Un oficial polonez îl avertizează pe Donald Trump : „ Ești pe cale să faci o greșeală istorică . Aceasta este linia roșie  ,2025-04-06 15:45:00+00:00,Romania,digi24.ro,https://www.digi24.ro/stiri/externe/sua/un-oficial-polonez-il-avertizeaza-pe-donald-trump-esti-pe-cale-sa-faci-o-greseala-istorica-aceasta-este-linia-rosie-3187779,Black_Sea_Ukraine,gdelt,Black_Sea_Ukraine
Poljska zaprijetila Donaldu Trumpu -  Nemoj učiniti povijesnu pogrešku  ,2025-04-08 14:45:00+00:00,Croatia,net.hr,https://net.hr:443/danas/svijet/poljska-zaprijetila-donaldu-trumpu-nemoj-uciniti-povijesnu-pogresku-6f2fa000-1474-11f0-aa87-ee0b203e749c,Black_Sea_Ukraine,gdelt,Black_Sea_Ukraine
Why does Putin insist Ukranians and Russians are  one people ? The answer spans centuries of colonisation and resistance,2025-04-15 03:15:00+00:00,Australia,theconversation.com,https://theconversation.com/why-does-putin-insist-ukranians-and-russians-are-one-people-the-answer-spans-centuries-of-colonisation-and-resistance-253043,Black_Sea_Ukraine,gdelt,Black_Sea_Ukraine
EN DIRECT Guerre en Ukraine : Une attaque de missiles sur Kiev fait au moins neuf morts … ,2025-04-24 05:15:00+00:00,France,20minutes.fr,https://www.20minutes.fr/monde/ukraine/4150093-20250424-direct-guerre-ukraine-attaque-missiles-kiev-fait-moins-neuf-morts,Black_Sea_Ukraine,gdelt,Black_Sea_Ukraine
"Even if Putin and Zelenskyy do go face - to - face , dont expect wonders − their one meeting in 2019 ended in failure",2025-06-02 20:45:00+00:00,Australia,theconversation.com,https://theconversation.com/even-if-putin-and-zelenskyy-do-go-face-to-face-dont-expect-wonders-their-one-meeting-in-2019-ended-in-failure-257093,Black_Sea_Ukraine,gdelt,Black_Sea_Ukraine
Ukraine Responds To Trump Envoy Land Surrender Comment,2025-04-17 07:30:00+00:00,United Kingdom,huffingtonpost.co.uk,https://www.huffingtonpost.co.uk/entry/ukraine-responds-to-trump-envoys-land-surrender-comment_uk_6800a1aee4b019ebe49a1176,Black_Sea_Ukraine,gdelt,Black_Sea_Ukraine
西方取消援乌远程武器射程限制风险有多大 ？ ,2025-05-29 09:00:00+00:00,China,world.qianlong.com,https://world.qianlong.com/2025/0529/8496274.shtml,Black_Sea_Ukraine,gdelt,Black_Sea_Ukraine
突发 ！ 泽连斯基拒绝普京72小时停火提议 ！ 遭乌克兰大规模无人机 、 导弹袭击 ， 俄罗斯一港口城市进入紧急状态,2025-05-04 00:45:00+00:00,China,163.com,https://www.163.com/dy/article/JULLHLO80512B07B.html,Black_Sea_Ukraine,gdelt,Black_Sea_Ukraine
IZ POLJSKE PORUČILI TRUMPU :  Nemoj napraviti historijsku grešku . Bila bi to crvena linija  ,2025-04-08 14:15:00+00:00,Bosnia-Herzegovina,slobodna-bosna.ba,https://www.slobodna-bosna.ba/vijest/407466/iz_poljske_poruchili_trumpu_nemoj_napraviti_historijsku_gresku_bila_bi_to_crvena_linija.html,Black_Sea_Ukraine,gdelt,Black_Sea_Ukraine
Rușii au desfășurat o întreagă escadrilă de nave de război în Marea Neagră . Cinci dintre ele sunt purtătoare de rachete „ Kalibr  ,2025-05-02 09:15:00+00:00,Romania,ziare.com,https://ziare.com/razboi-ucraina/rusia-nave-militare-marea-neagra-1938925,Black_Sea_Ukraine,gdelt,Black_Sea_Ukraine
"Západní zpravodajské služby : Pokud válka na Ukrajině skončí , Putin rozmístí stovky tisíc vojáků k hranicím NATO | 21 . 5 . 2025",2025-05-21 00:45:00+00:00,Czech Republic,blisty.cz,https://www.blisty.cz/art/126083-zapadni-zpravodajske-sluzby-pokud-valka-na-ukrajine-skonci-putin-rozmisti-stovky-tisic-vojaku-k-hranicim-nato.html,Black_Sea_Ukraine,gdelt,Black_Sea_Ukraine
德若援乌金牛座导弹会爆发三战吗 柏林恐引火烧身 _ 军事频道 _ 中华网,2025-05-30 03:45:00+00:00,China,military.china.com,https://military.china.com/news/13004177/20250530/48403211.html,Black_Sea_Ukraine,gdelt,Black_Sea_Ukraine
西方取消援乌远程武器射程限制风险有多大 ？ ,2025-05-28 06:45:00+00:00,China,china.com.cn,http://www.china.com.cn/opinion2020/2025-05/28/content_117899409.shtml,Black_Sea_Ukraine,gdelt,Black_Sea_Ukraine
 ¿ Y Ucrania ? | El Universal,2025-05-25 14:00:00+00:00,Mexico,eluniversal.com.mx,https://www.eluniversal.com.mx/opinion/jean-meyer/y-ucrania/,Black_Sea_Ukraine,gdelt,Black_Sea_Ukraine
"Krym zůstane Rusku , prohlásil Trump",2025-04-25 12:00:00+00:00,Czech Republic,novinky.cz,https://www.novinky.cz/clanek/valka-na-ukrajine-krym-zustane-rusku-prohlasil-trump-40518712,Black_Sea_Ukraine,gdelt,Black_Sea_Ukraine
Ukraine Russia war latest : Kyiv hit by massive missile and drone strike,2025-04-24 06:15:00+00:00,United Kingdom,independent.co.uk,https://www.independent.co.uk/news/world/europe/ukraine-russia-war-putin-trump-crimea-peace-talks-live-b2738456.html,Black_Sea_Ukraine,gdelt,Black_Sea_Ukraine
Guerre en Ukraine . Une attaque de missiles russes fait au moins 9 morts dans la capitale Kiev,2025-04-24 05:45:00+00:00,France,leprogres.fr,https://www.leprogres.fr/defense-guerre-conflit/2025/04/24/une-attaque-de-missiles-russes-fait-au-moins-9-morts-dans-la-capitale-kiev,Black_Sea_Ukraine,gdelt,Black_Sea_Ukraine
Guerre en Ukraine . Une attaque de missiles russes fait au moins 9 morts dans la capitale Kiev,2025-04-24 06:15:00+00:00,France,estrepublicain.fr,https://www.estrepublicain.fr/defense-guerre-conflit/2025/04/24/une-attaque-de-missiles-russes-fait-au-moins-9-morts-dans-la-capitale-kiev,Black_Sea_Ukraine,gdelt,Black_Sea_Ukraine
أوكرانيا تنفي تقدم روسيا في سومي وزيلينسكي ينتقد تزايد الهجمات,2025-04-06 22:15:00+00:00,Israel,aljazeera.net,https://www.aljazeera.net/news/2025/4/6/%D8%A3%D9%88%D9%83%D8%B1%D8%A7%D9%86%D9%8A%D8%A7-%D8%AA%D9%86%D9%81%D9%8A-%D8%AA%D9%82%D8%AF%D9%85%D8%A7-%D8%B1%D9%88%D8%B3%D9%8A%D8%A7-%D9%81%D9%8A-%D8%B3%D9%88%D9%85%D9%8A,Black_Sea_Ukraine,gdelt,Black_Sea_Ukraine
Guerre en Ukraine . Une attaque de missiles russes fait au moins 9 morts dans la capitale Kiev,2025-04-24 05:45:00+00:00,France,lejsl.com,https://www.lejsl.com/defense-guerre-conflit/2025/04/24/une-attaque-de-missiles-russes-fait-au-moins-9-morts-dans-la-capitale-kiev,Black_Sea_Ukraine,gdelt,Black_Sea_Ukraine
Guerre en Ukraine . Une attaque de missiles russes fait au moins 9 morts dans la capitale Kiev,2025-04-24 06:15:00+00:00,France,bienpublic.com,https://www.bienpublic.com/defense-guerre-conflit/2025/04/24/une-attaque-de-missiles-russes-fait-au-moins-9-morts-dans-la-capitale-kiev,Black_Sea_Ukraine,gdelt,Black_Sea_Ukraine
"Donald Trump nadal zapewnia , że negocjacje mogą przynieść efekt .  Myślę , że osiągniemy to  - Super Express",2025-06-13 19:15:00+00:00,Poland,se.pl,https://www.se.pl/wiadomosci/swiat/spytali-trumpa-o-koniec-wojny-na-ukrainie-odpowiedzial-krotko-aa-TeLE-DPed-WSvv.html,Black_Sea_Ukraine,gdelt,Black_Sea_Ukraine
Guerre en Ukraine . Une attaque de missiles russes fait au moins 9 morts dans la capitale Kiev,2025-04-24 06:15:00+00:00,France,lalsace.fr,https://www.lalsace.fr/defense-guerre-conflit/2025/04/24/une-attaque-de-missiles-russes-fait-au-moins-9-morts-dans-la-capitale-kiev,Black_Sea_Ukraine,gdelt,Black_Sea_Ukraine
克里米亚大桥被炸对俄方影响有多大 关键补给线受威胁 _ 军事频道 _ 中华网,2025-06-05 02:00:00+00:00,China,military.china.com,https://military.china.com/news/13004177/20250605/48424017.html,Black_Sea_Ukraine,gdelt,Black_Sea_Ukraine
  Bild : Vācija palīdzēs Ukrainai izstrādāt raķeti ar 2500 kilometru sniedzamību,2025-05-28 12:30:00+00:00,Latvia,delfi.lv,https://www.delfi.lv/46713439/arzemes/120074232/bild-vacija-palidzes-ukrainai-izstradat-raketi-ar-2500-kilometru-sniedzamibu,Black_Sea_Ukraine,gdelt,Black_Sea_Ukraine
První zprávy - Domácí - Jiří Jaroš - Nickell : Jak se mýlil spisovatel Solženicyn,2025-04-02 09:00:00+00:00,Czech Republic,prvnizpravy.cz,https://www.prvnizpravy.cz/zpravy/politika/jiri-jaros-nickell-jak-se-mylil-spisovatel-solzenicyn/,Black_Sea_Ukraine,gdelt,Black_Sea_Ukraine
"Військових РФ ліквідували на фронті , які розганяли Майдан і діяли у Криму",2025-04-15 09:30:00+00:00,Ukraine,rbc.ua,https://www.rbc.ua/rus/news/fronti-likviduvali-viyskovih-rf-ki-rozganyali-1744699933.html,Black_Sea_Ukraine,gdelt,Black_Sea_Ukraine
HNonline . sk - Medvedev označil Švédsko a Fínsko za cieľ ruskej armády,2025-04-29 13:45:00+00:00,Slovak Republic,hnonline.sk,https://hnonline.sk/svet/96209244-medvedev-oznacil-svedsko-a-finsko-za-ciel-ruskej-armady,Black_Sea_Ukraine,gdelt,Black_Sea_Ukraine
绍伊古去朝鲜要讨论什么 探讨合作与乌克兰局势 _ 军事频道 _ 中华网,2025-06-04 10:30:00+00:00,China,military.china.com,https://military.china.com/news/13004177/20250604/48423120.html,Black_Sea_Ukraine,gdelt,Black_Sea_Ukraine
U . S . Peace Plan for Russia - Ukraine War Gifts Putin Crimea,2025-05-01 06:15:00+00:00,United States,foreignpolicy.com,https://foreignpolicy.com/2025/04/30/us-peace-plan-russia-ukraine-crimea/?tpcc=recirc_trending062921,Black_Sea_Ukraine,gdelt,Black_Sea_Ukraine
Cum a schimbat războiul hibrid cursul istoriei : trei cazuri cu impact major,2025-05-31 17:30:00+00:00,Romania,libertatea.ro,https://www.libertatea.ro/stiri/razboiul-hibrid-in-istorie-trei-cazuri-5327876,Black_Sea_Ukraine,gdelt,Black_Sea_Ukraine
Guerre en Ukraine  : un tournant dans le conflit  ? LAllemagne enfin prête à fournir à lUkraine des missiles à longue portée Taurus pour frapper le pont de Crimée,2025-04-14 11:15:00+00:00,France,lindependant.fr,https://www.lindependant.fr/2025/04/14/guerre-en-ukraine-un-tournant-dans-le-conflit-lallemagne-enfin-prete-a-fournir-a-lukraine-des-missiles-a-longue-portee-taurus-pour-frapper-le-pont-de-12636217.php,Black_Sea_Ukraine,gdelt,Black_Sea_Ukraine
Ukraina zaudējusi vēl vienu F - 16,2025-05-16 12:45:00+00:00,Latvia,delfi.lv,https://www.delfi.lv/46713439/arzemes/120072629/ukraina-zaudejusi-vel-vienu-f-16,Black_Sea_Ukraine,gdelt,Black_Sea_Ukraine
Ракетні удари по Україні і атаки Шахедами – чому Росія посилила агресію – аналіз і пояснення ISW,2025-05-26 05:00:00+00:00,Ukraine,war.obozrevatel.com,https://war.obozrevatel.com/ukr/u-putina-dvi-tsili-v-isw-poyasnili-chomu-rosiya-posilila-udari-po-ukraini-j-scho-stoit-za-vimogami-kremlya.htm,Black_Sea_Ukraine,gdelt,Black_Sea_Ukraine
For second time in 3 years Zelensky sabotages Ukraine war peace deal,2025-05-02 06:45:00+00:00,Japan,nuclear-news.net,https://nuclear-news.net/2025/05/02/2-b1-for-second-time-in-3-years-zelensky-sabotages-ukraine-war-peace-deal/,Black_Sea_Ukraine,gdelt,Black_Sea_Ukraine
"Krievija Rietumiem var uzbrukt ātrāk , nekā tiek prognozēts , brīdina Bundestāga deputāts",2025-05-13 09:45:00+00:00,Latvia,delfi.lv,https://www.delfi.lv/46713439/arzemes/120072105/krievija-rietumiem-var-uzbrukt-atrak-neka-tiek-prognozets-bridina-bundestaga-deputats,Black_Sea_Ukraine,gdelt,Black_Sea_Ukraine
"  Gaidīt , kamēr mūs nogalina ? Kaujas mediķe Svitlana izglāba visu rotu",2025-05-18 07:00:00+00:00,Latvia,delfi.lv,https://www.delfi.lv/46713439/arzemes/120072689/gaidit-kamer-mus-nogalina-kaujas-medike-svitlana-izglaba-visu-rotu,Black_Sea_Ukraine,gdelt,Black_Sea_Ukraine
Προφητεία - βόμβα : Πόλεμο Ρωσίας - Γερμανίας τον Ιούνιο του 2025 « βλέπει » κορυφαίος επιστήμονας,2025-05-29 13:00:00+00:00,Greece,bankingnews.gr,https://www.bankingnews.gr/diethni/articles/805597/profiteia-vomva-polemo-metaksy-rosias-kai-germanias-apo-ton-ioynio-tou-2025-vlepei-koryfaios-epistimonas,Black_Sea_Ukraine,gdelt,Black_Sea_Ukraine
Trump Is Frustrated With Putin . Doubling Down in Ukraine Would Be a Mistake | Opinion,2025-05-29 21:00:00+00:00,United States,newsweek.com,https://www.newsweek.com/trump-frustrated-putin-doubling-down-ukraine-would-mistake-opinion-2078223,Black_Sea_Ukraine,gdelt,Black_Sea_Ukraine
Guerra Rusia Ucrania día 1197 : Aliados de Kiev se reúnen sin Jefe de Pentágono ; Kremlin reconoce ataque a puente de Crimea y más,2025-06-04 16:45:00+00:00,Mexico,sdpnoticias.com,https://www.sdpnoticias.com/internacional/guerra-rusia-ucrania-dia-1197-aliados-de-kiev-se-reunen-sin-jefe-de-pentagono-kremlin-reconoce-ataque-a-puente-de-crimea-y-mas/,Black_Sea_Ukraine,gdelt,Black_Sea_Ukraine
"5万俄军压境 , 德国导弹或援乌 , 普京还有  绝杀武器 ？ ",2025-05-30 04:15:00+00:00,China,wenxuecity.com,https://www.wenxuecity.com/news/2025/05/29/126184451.html,Black_Sea_Ukraine,gdelt,Black_Sea_Ukraine
Zelensky urges Trump to visit Ukraine ahead of deal with Russia,2025-04-14 10:30:00+00:00,Ghana,myjoyonline.com,https://www.myjoyonline.com/zelensky-urges-trump-to-visit-ukraine-ahead-of-deal-with-russia/,Black_Sea_Ukraine,gdelt,Black_Sea_Ukraine
"Guerre en Ukraine : attaque meurtrière de missiles russes sur Kiev , Trump  pense avoir un accord  avec la Russie",2025-04-24 07:30:00+00:00,France,sudouest.fr,https://www.sudouest.fr/international/guerre-en-ukraine-attaque-meurtriere-de-missiles-russes-sur-kiev-trump-pense-avoir-un-accord-avec-la-russie-24154233.php,Black_Sea_Ukraine,gdelt,Black_Sea_Ukraine
"Guerre en Ukraine : attaque meurtrière de missiles russes sur Kiev , Trump  pense avoir un accord  avec la Russie",2025-04-24 07:30:00+00:00,France,sudouest.fr,https://www.sudouest.fr:443/international/guerre-en-ukraine-attaque-meurtriere-de-missiles-russes-sur-kiev-trump-pense-avoir-un-accord-avec-la-russie-24154233.php,Black_Sea_Ukraine,gdelt,Black_Sea_Ukraine
Zelenski responde a Trump y descarta ceder territorios ocupados por Rusia,2025-04-26 01:00:00+00:00,Mexico,razon.com.mx,https://www.razon.com.mx:443/mundo/2025/04/25/zelenski-responde-a-trump-y-descarta-ceder-territorios-ocupados-por-rusia/,Black_Sea_Ukraine,gdelt,Black_Sea_Ukraine
Zelenski responde a Trump y descarta ceder territorios ocupados por Rusia,2025-04-26 01:00:00+00:00,Mexico,razon.com.mx,https://www.razon.com.mx/mundo/2025/04/25/zelenski-responde-a-trump-y-descarta-ceder-territorios-ocupados-por-rusia/,Black_Sea_Ukraine,gdelt,Black_Sea_Ukraine
"Russia says it downs 105 Ukrainian drones , fires Iskander missile",2025-05-22 10:45:00+00:00,India,hindustantimes.com,https://www.hindustantimes.com/world-news/russia-says-it-downs-105-ukrainian-drones-fires-iskander-missile-101747907464158.html,Black_Sea_Ukraine,gdelt,Black_Sea_Ukraine
Rusové údajně poprvé pronikli do centrální části Ukrajiny,2025-06-08 16:30:00+00:00,Czech Republic,eurozpravy.cz,https://eurozpravy.cz/zahranicni/rusove-udajne-poprve-pronikli-do-centralni-casti-ukrajiny.8zcnlkgv,Black_Sea_Ukraine,gdelt,Black_Sea_Ukraine
"10 Negara yang Pernah Diinvasi oleh Rusia , Ukraina Bukan yang Pertama",2025-06-05 12:45:00+00:00,Indonesia,tribunnews.com,https://www.tribunnews.com/internasional/2025/06/05/10-negara-yang-pernah-diinvasi-oleh-rusia-ukraina-bukan-yang-pertama,Black_Sea_Ukraine,gdelt,Black_Sea_Ukraine
"Війна в Україні : Працювала ППО , РФ била ракетами і дронами - новини LB . ua",2025-04-17 08:00:00+00:00,Ukraine,lb.ua,https://lb.ua/society/2025/04/17/671575_vnochi_rosiya_atakuvala_ukrainu.html,Black_Sea_Ukraine,gdelt,Black_Sea_Ukraine
Putin niega uso nuclear y resalta guerra en Ucrania,2025-05-05 12:45:00+00:00,Mexico,razon.com.mx,https://www.razon.com.mx/mundo/2025/05/05/putin-niega-uso-nuclear-y-resalta-guerra-en-ucrania/,Black_Sea_Ukraine,gdelt,Black_Sea_Ukraine
乌克兰袭击克里米亚大桥 画面曝光 大桥严重受损 _ 新闻频道 _ 中华网,2025-06-03 13:00:00+00:00,China,news.china.com,https://news.china.com/socialgd/10000169/20250603/48418120.html,Black_Sea_Ukraine,gdelt,Black_Sea_Ukraine
"Crimea was once a crossroads of civilisations , now it stuck in a wartime cul - de - sac – The Irish Times",2025-06-09 21:45:00+00:00,Ireland,irishtimes.com,https://www.irishtimes.com/world/europe/2025/06/09/crimea-was-once-a-crossroads-of-civilisations-now-its-stuck-in-a-wartime-cul-de-sac/,Black_Sea_Ukraine,gdelt,Black_Sea_Ukraine
Putin says he hopes there will be no need to use nuclear weapons in Ukraine,2025-05-05 17:30:00+00:00,United States,newdelhitimes.com,https://www.newdelhitimes.com/putin-says-he-hopes-there-will-be-no-need-to-use-nuclear-weapons-in-ukraine/,Black_Sea_Ukraine,gdelt,Black_Sea_Ukraine
被泽连斯基正面硬刚 ， 特朗普怒了 ： 他可以再打三年 ， 直到失去整个国家 ！ 基辅遭大规模导弹攻击,2025-04-24 03:45:00+00:00,China,finance.sina.com.cn,https://finance.sina.com.cn/roll/2025-04-24/doc-ineufstc3067337.shtml,Black_Sea_Ukraine,gdelt,Black_Sea_Ukraine
俄乌冲突进入关键阶段 战争新模式显现 _ 军事频道 _ 中华网,2025-06-08 04:00:00+00:00,China,military.china.com,https://military.china.com/news/13004177/20250608/48437282.html,Black_Sea_Ukraine,gdelt,Black_Sea_Ukraine
Війна в Україні : ППО знешкодила вночі 406 цілей - новини LB . ua,2025-06-06 09:30:00+00:00,Ukraine,lb.ua,https://lb.ua/society/2025/06/06/680359_unochi_ppo_zneshkodila_406_rosiyskih.html,Black_Sea_Ukraine,gdelt,Black_Sea_Ukraine
Poljska upozorava Trumpa : Nemoj napraviti povijesnu pogrešku,2025-04-08 12:15:00+00:00,Croatia,index.hr,https://www.index.hr/vijesti/clanak/poljska-upozorava-trumpa-nemoj-napraviti-povijesnu-pogresku/2659571.aspx?index_tid=673125&index_ref=naslovnica_vijesti_najnovije_d,Black_Sea_Ukraine,gdelt,Black_Sea_Ukraine
Атака по Україні 8 червня 2025 року Укрaїнa,2025-06-08 09:00:00+00:00,Ukraine,tsn.ua,https://tsn.ua/ukrayina/nichna-ataka-po-ukrayini-iaki-rehiony-pryynialy-vorozyy-udar-2844971.html,Black_Sea_Ukraine,gdelt,Black_Sea_Ukraine
"Rudal Rusia Hantam Kyiv dan Tewaskan 9 Orang , Picu Penduduk Sembunyi di Perlindungan Bom Ukraina",2025-04-24 05:45:00+00:00,Indonesia,liputan6.com,https://www.liputan6.com/global/read/6003990/rudal-rusia-hantam-kyiv-dan-tewaskan-9-orang-picu-penduduk-sembunyi-di-perlindungan-bom-ukraina,Black_Sea_Ukraine,gdelt,Black_Sea_Ukraine
"Trump Serukan Putin untuk Berhenti Serang Kyiv , Zelensky Tekankan Pentingnya Gencatan Senjata",2025-04-25 03:00:00+00:00,Indonesia,mediaindonesia.com,https://mediaindonesia.com/internasional/764190/trump-serukan-putin-untuk-berhenti-serang-kyiv-zelensky-tekankan-pentingnya-gencatan-senjata,Black_Sea_Ukraine,gdelt,Black_Sea_Ukraine
"Consilierii îl sfătuiesc pe Trump să adopte o poziție mai dură față de Rusia , dar el ascultă de prietenul său Steve Witkoff",2025-04-16 07:45:00+00:00,Romania,ziare.com,https://ziare.com/razboi-ucraina/donad-trump-consilieri-negocieri-vladimir-putin-1935649,Black_Sea_Ukraine,gdelt,Black_Sea_Ukraine
乌克兰  无人机木马 ： 动画演示袭击过程 ， 可能改变俄乌战局 _ 凤凰网,2025-06-05 02:30:00+00:00,China,news.ifeng.com,https://news.ifeng.com/c/8jvrFtjEdVX,Black_Sea_Ukraine,gdelt,Black_Sea_Ukraine
"Обстріл України 8 червня - РФ випустила 49 дронів і три ракети , є влучання",2025-06-08 08:00:00+00:00,Ukraine,rbc.ua,https://www.rbc.ua/rus/news/rosiyani-vnochi-atakuvali-ukrayinu-raketami-1749363846.html,Black_Sea_Ukraine,gdelt,Black_Sea_Ukraine
Guerre en Ukraine  : 9 morts et 63 blessés après une attaque russe sur Kiev,2025-04-24 06:45:00+00:00,France,parismatch.com,https://www.parismatch.com/actu/international/guerre-en-ukraine-9-morts-et-63-blesses-apres-une-attaque-russe-sur-kiev-250486,Black_Sea_Ukraine,gdelt,Black_Sea_Ukraine
Ruská poslankyně navrhuje jednat o nezákonnosti konce SSSR,2025-05-23 07:30:00+00:00,Czech Republic,novinky.cz,https://www.novinky.cz/clanek/zahranicni-evropa-ruska-poslankyne-navrhuje-jednat-o-nezakonnosti-konce-sssr-40522435,Black_Sea_Ukraine,gdelt,Black_Sea_Ukraine
"为报复乌军  蛛网  行动 , 俄罗斯对乌发起  最猛烈  空袭",2025-06-07 11:45:00+00:00,China,wenxuecity.com,https://www.wenxuecity.com/news/2025/06/07/126196217.html,Black_Sea_Ukraine,gdelt,Black_Sea_Ukraine
Sprængt i stumper : Frontens sidste zoologiske have er fortid,2025-05-03 21:00:00+00:00,Denmark,ekstrabladet.dk,https://ekstrabladet.dk/nyheder/krigogkatastrofer/spraengt-i-stumper-frontens-sidste-zoologiske-have-er-fortid/10601426,Black_Sea_Ukraine,gdelt,Black_Sea_Ukraine
Θα χτυπήσει η Ρωσία το Βερολίνο ; ,2025-05-30 08:45:00+00:00,Greece,naftemporiki.gr,https://www.naftemporiki.gr/kosmos/1962641/tha-chtypisei-i-rosia-to-verolino/,Black_Sea_Ukraine,gdelt,Black_Sea_Ukraine
Record Russian drone assault strikes Ukraine as peace negotiations stall,2025-06-09 16:15:00+00:00,United States,kshb.com,https://www.kshb.com/investigations/russia-ukraine-war-on-the-ground/record-russian-drone-assault-strikes-ukraine-as-peace-negotiations-stall,Black_Sea_Ukraine,gdelt,Black_Sea_Ukraine
Record Russian drone assault strikes Ukraine as peace negotiations stall,2025-06-09 18:00:00+00:00,United States,wtkr.com,https://www.wtkr.com/investigations/russia-ukraine-war-on-the-ground/record-russian-drone-assault-strikes-ukraine-as-peace-negotiations-stall,Black_Sea_Ukraine,gdelt,Black_Sea_Ukraine
Allemagne : Friedrich Merz ouvert à la livraison de missiles Taurus à Kyiv,2025-04-14 09:30:00+00:00,United States,fr.euronews.com,https://fr.euronews.com/my-europe/2025/04/14/allemagne-friedrich-merz-ouvert-a-la-livraison-de-missiles-taurus-a-kyiv,Black_Sea_Ukraine,gdelt,Black_Sea_Ukraine
Missmut im Kreml nach Merz  Taurus - Äußerung,2025-04-14 17:45:00+00:00,Germany,web.de,https://web.de/magazine/politik/russland-krieg-ukraine/missmut-kreml-merz-taurus-aeusserung-40878996,Black_Sea_Ukraine,gdelt,Black_Sea_Ukraine
Avertisment dur al Poloniei : Donald Trump riscă să facă o „ greşeală istorică ... ,2025-04-06 09:15:00+00:00,Romania,zf.ro,https://www.zf.ro/eveniment/avertisment-dur-poloniei-donald-trump-risca-faca-greseala-istorica-22765213,Black_Sea_Ukraine,gdelt,Black_Sea_Ukraine
Zelenskis kritizē ASV vēstnieces reakciju uz triecienu Krivijrihā ; nosauc nogalināto bērnu vārdus,2025-04-05 15:15:00+00:00,Latvia,delfi.lv,https://www.delfi.lv/46713439/arzemes/120067722/zelenskis-kritize-asv-vestnieces-reakciju-uz-triecienu-krivijriha-nosauc-nogalinato-bernu-vardus,Black_Sea_Ukraine,gdelt,Black_Sea_Ukraine
Missmut im Kreml nach Merz  Taurus - Äußerung,2025-04-14 16:45:00+00:00,Austria,gmx.at,https://www.gmx.at/magazine/politik/russland-krieg-ukraine/missmut-kreml-merz-taurus-aeusserung-40878996,Black_Sea_Ukraine,gdelt,Black_Sea_Ukraine
Нічна атака по Україні 21 квітня 2025 Україна,2025-04-21 07:15:00+00:00,Ukraine,tsn.ua,https://tsn.ua/auto/news/ukrayina/peremyria-zakinchylosia-rf-vhatyla-po-ukrayini-raketamy-ta-dronamy-2812613.html,Black_Sea_Ukraine,gdelt,Black_Sea_Ukraine
"ÚLTIMA HORA GUERRA RUSIA UCRANIA | Directo y última de la guerra entre Rusia y Ucrania : Zelenski , Trump , Putin ... ",2025-05-23 09:45:00+00:00,Spain,farodevigo.es,https://www.farodevigo.es/mundo/2025/05/23/guerra-ucrania-hoy-directo-kiev-111860988.html,Black_Sea_Ukraine,gdelt,Black_Sea_Ukraine
"Zelenskis : Ķīna bloķē dronu piegādes Ukrainai , bet apgādā Krieviju",2025-05-29 14:45:00+00:00,Latvia,delfi.lv,https://www.delfi.lv/46713439/arzemes/120074435/zelenskis-kina-bloke-dronu-piegades-ukrainai-bet-apgada-krieviju,Black_Sea_Ukraine,gdelt,Black_Sea_Ukraine
Звинувачення Трампа у  затягуванні  мирної угоди . Акценти світових ЗМІ 24 квітня,2025-04-24 09:45:00+00:00,Ukraine,espreso.tv,https://espreso.tv/svit-pro-ukrainu-zvinuvachennya-trampa-u-zatyaguvanni-mirnoi-ugodi-ta-raketna-ataka-rosii-po-kievu-aktsenti-svitovikh-zmi-24-kvitnya,Black_Sea_Ukraine,gdelt,Black_Sea_Ukraine
Ukraine allies condemn Russia over deadly missile attack,2025-04-14 03:00:00+00:00,United States,yahoo.com,https://www.yahoo.com/news/ukraines-allies-condemn-russia-over-012334645.html,Black_Sea_Ukraine,gdelt,Black_Sea_Ukraine
Kowal na łamach „ FT : Umożliwienie Putinowi rozszerzenia granic Rosji byłoby straszne,2025-04-06 12:15:00+00:00,Poland,bankier.pl,https://www.bankier.pl/wiadomosc/Kowal-na-lamach-FT-Umozliwienie-Putinowi-rozszerzenia-granic-Rosji-byloby-straszne-8920460.html,Black_Sea_Ukraine,gdelt,Black_Sea_Ukraine
"Trump says he is  not happy  with Russia overnight missile attack on Kyiv and urges :  Vladimir , STOP ! Let get the peace deal done ! ",2025-04-24 13:15:00+00:00,United Kingdom,dailymail.co.uk,https://www.dailymail.co.uk/news/article-14643737/Trump-says-not-happy-Russia-attack-Kyiv.html,Black_Sea_Ukraine,gdelt,Black_Sea_Ukraine
Trump says he  think Ukraine is ready to  give up  Crimea and tells Putin to  stop shooting  after US president meeting with Zelensky at Pope Francis funeral,2025-04-28 07:15:00+00:00,United Kingdom,dailymail.co.uk,https://www.dailymail.co.uk/news/article-14654565/Trump-says-thinks-Ukraine-ready-Crimea-tells-Putin-stop-shooting-US-presidents-meeting-Zelensky-Pope-Francis-funeral.html,Black_Sea_Ukraine,gdelt,Black_Sea_Ukraine
"Saksan tuleva johtaja lupailee Ukrainalle Taurus - ohjuksia – Venäjältä raju vastaus :  Mieti kaksi kertaa , natsi  | Ulkomaat",2025-04-15 18:30:00+00:00,Finland,yle.fi,https://yle.fi/a/74-20156268,Black_Sea_Ukraine,gdelt,Black_Sea_Ukraine
"Guerra Rusia Ucrania día 1196 : Acuerdan más canje de prisioneros en segunda ronda de negociaciones ; Kremlin descarta por el momento reunión entre Putin , Zelenski y Trump",2025-06-03 17:45:00+00:00,Mexico,sdpnoticias.com,https://www.sdpnoticias.com/internacional/guerra-rusia-ucrania-dia-1196-acuerdan-mas-canje-de-prisioneros-en-segunda-ronda-de-negociaciones-kremlin-descarta-por-el-momento-reunion-entre-putin-zelenski-y-trump-y-mas/,Black_Sea_Ukraine,gdelt,Black_Sea_Ukraine
Moscú responde a Occidente : Putin propone diálogo directo con Ucrania,2025-04-24 02:00:00+00:00,Mexico,laverdadnoticias.com,https://laverdadnoticias.com/internacional/moscu-responde-a-occidente-putin-propone-dialogo-directo-con-ucrania-20250423,Black_Sea_Ukraine,gdelt,Black_Sea_Ukraine
Avertisment pentru Donald Trump : „ Este pe cale să facă o greșeală istorică . Aceasta este linia roșie  ,2025-04-06 20:15:00+00:00,Romania,ziare.com,https://ziare.com/razboi-ucraina/avertisment-trump-oficial-polonez-pace-teritorii-ocupate-1933978,Black_Sea_Ukraine,gdelt,Black_Sea_Ukraine
Vladimir Putin  hopes nuclear weapons will not be required  in Ukraine,2025-05-04 17:45:00+00:00,United Kingdom,bournemouthecho.co.uk,https://www.bournemouthecho.co.uk/news/national/25137136.vladimir-putin-hopes-nuclear-weapons-will-not-required-ukraine/,Black_Sea_Ukraine,gdelt,Black_Sea_Ukraine
"Atac masiv cu drone , sunt morţi şi răniţi . NATO va consolida apărarea antirachetă",2025-06-13 16:00:00+00:00,Romania,romaniatv.net,https://www.romaniatv.net/atac-masiv-cu-drone-sunt-morti-si-raniti-nato-va-consolida-apararea-antiracheta_8979013.html,Black_Sea_Ukraine,gdelt,Black_Sea_Ukraine
There Will Be No Ukrainian Peace Deal,2025-04-24 06:15:00+00:00,United States,lewrockwell.com,https://www.lewrockwell.com/2025/04/paul-craig-roberts/there-will-be-no-ukrainian-peace-deal/,Black_Sea_Ukraine,gdelt,Black_Sea_Ukraine
Attaque de missiles sur Kiev : au moins neuf morts et 63 blessés selon les secours,2025-04-24 07:15:00+00:00,France,rmc.bfmtv.com,https://rmc.bfmtv.com/actualites/international/attaque-de-missiles-sur-kiev-neuf-morts-et-63-blesses-selon-les-secours_AN-202504240099.html,Black_Sea_Ukraine,gdelt,Black_Sea_Ukraine
"Live updates : Trump news on Iran and Ukraine talks , immigration crackdown , tariffs",2025-04-19 17:15:00+00:00,United States,edition.cnn.com,https://edition.cnn.com/politics/live-news/trump-presidency-04-19-25/,Black_Sea_Ukraine,gdelt,Black_Sea_Ukraine
"Крим - Чалий пояснив , чому визнання півострова російським буде великою помилкою США УНІАН",2025-05-31 11:00:00+00:00,Ukraine,unian.ua,https://www.unian.ua/world/krim-chaliy-poyasniv-chomu-viznannya-pivostrova-rosiyskim-bude-velikoyu-pomilkoyu-ssha-13024275.html,Black_Sea_Ukraine,gdelt,Black_Sea_Ukraine
Putin habla sobre la posibilidad de usar armas nucleares contra Ucrania,2025-05-05 07:15:00+00:00,Mexico,planoinformativo.com,https://planoinformativo.com/1072455/putin-habla-sobre-la-posibilidad-de-usar-armas-nucleares-contra-ucrania,Black_Sea_Ukraine,gdelt,Black_Sea_Ukraine
"Perché Kharkiv è sotto attacco ? Non solo riserve di gas e importanza strategica , Putin vuole vendicare il 2022",2025-06-07 17:15:00+00:00,Italy,ilmessaggero.it,https://www.ilmessaggero.it/mondo/kharkiv_guerra_attacco_russia_perche_e_importante_citta_strategica-8884558.html,Black_Sea_Ukraine,gdelt,Black_Sea_Ukraine
"Perché Kharkiv è sotto attacco ? Non solo riserve di gas e importanza strategica , Putin vuole vendicare il 2022",2025-06-07 17:15:00+00:00,Italy,ilmessaggero.it,https://www.ilmessaggero.it:443/mondo/kharkiv_guerra_attacco_russia_perche_e_importante_citta_strategica-8884558.html,Black_Sea_Ukraine,gdelt,Black_Sea_Ukraine
Війна в Україні : ППО збила 74 дрони РФ - новини LB . ua,2025-05-01 07:45:00+00:00,Ukraine,lb.ua,https://lb.ua/society/2025/05/01/674036_vnochi_ppo_zbila_74_rosiyski.html,Black_Sea_Ukraine,gdelt,Black_Sea_Ukraine
"Rusya , Ukraynanın ikinci büyük kentine şimdiye kadarki en büyük İHA saldırısını düzenledi",2025-06-07 09:15:00+00:00,Turkey,t24.com.tr,"https://t24.com.tr/haber/rusya-ukrayna-nin-ikinci-buyuk-kentine-simdiye-kadarki-en-buyuk-iha-saldirisini-duzenledi,1243531",Black_Sea_Ukraine,gdelt,Black_Sea_Ukraine
Patrušev oznámil ruské nároky na Oděsu | 30 . 4 . 2025,2025-04-30 00:45:00+00:00,Czech Republic,blisty.cz,https://www.blisty.cz/art/125637-patrusev-oznamil-ruske-naroky-na-odesu.html,Black_Sea_Ukraine,gdelt,Black_Sea_Ukraine
"Kiev attacca il ponte di Crimea , il vortice del conflitto si allarga",2025-06-03 23:00:00+00:00,Italy,ilmanifesto.it,https://ilmanifesto.it/kiev-attacca-il-ponte-di-crimea-il-vortice-del-conflitto-si-allarga,Black_Sea_Ukraine,gdelt,Black_Sea_Ukraine
Putin prepara el Día de la Victoria perfecto . Ucrania tiene la oportunidad de oro para estropeárselo,2025-05-08 04:00:00+00:00,Spain,elconfidencial.com,https://www.elconfidencial.com/mundo/2025-05-08/rusia-ucrania-dia-victoria-tregua-1hms_4124305/,Black_Sea_Ukraine,gdelt,Black_Sea_Ukraine
泽连斯基与特朗普进行会谈 ！ 特朗普曾称 ： 泽连斯基已  无牌可打 ， 他可以选择和平 ， 或再战三年 ， 直到失去整个国家,2025-04-26 11:45:00+00:00,China,finance.sina.com.cn,https://finance.sina.com.cn/roll/2025-04-26/doc-ineunvux8576549.shtml,Black_Sea_Ukraine,gdelt,Black_Sea_Ukraine
"Обстріл України 21 квітня - Росія запустила Онікс і 96 дронів , скільки збито",2025-04-21 07:15:00+00:00,Ukraine,rbc.ua,https://www.rbc.ua/rus/news/rf-atakuvala-ukrayinu-oniksom-i-mayzhe-100-1745216916.html,Black_Sea_Ukraine,gdelt,Black_Sea_Ukraine
军事晚报AI速递 ： 今日军事热点一览 丨2025年6月4日,2025-06-04 09:45:00+00:00,China,news.sina.com.cn,https://news.sina.com.cn/zx/ds/2025-06-04/doc-ineyxccz0251325.shtml,Black_Sea_Ukraine,gdelt,Black_Sea_Ukraine
泽连斯基与特朗普进行会谈 ！ 特朗普曾称 ： 泽连斯基已  无牌可打 ， 他可以选择和平 ， 或再战三年 ， 直到失去整个国家,2025-04-26 12:15:00+00:00,China,nbd.com.cn,https://www.nbd.com.cn/articles/2025-04-26/3851990.html,Black_Sea_Ukraine,gdelt,Black_Sea_Ukraine
Росія атакувала 6 ракетами та 37 ударними дронами,2025-04-18 07:45:00+00:00,Ukraine,kp.ua,https://kp.ua/ua/incidents/a709382-rosija-atakuvala-6-raketami-ta-37-udarnimi-dronami,Black_Sea_Ukraine,gdelt,Black_Sea_Ukraine
Viele Tote auf Spielplatz in der Ukraine : Kinder sind für Russland „ militärische Ziele  ,2025-04-06 18:30:00+00:00,Germany,taz.de,https://taz.de/Viele-Tote-auf-Spielplatz-in-der-Ukraine/!6077477/,Black_Sea_Ukraine,gdelt,Black_Sea_Ukraine
ترامب منتقداً بوتين بعد ضربات واسعة على أوكرانيا : توقف ! ,2025-04-25 03:00:00+00:00,Australia,sbs.com.au,https://www.sbs.com.au/language/arabic/ar/article/russian-attack-kills-12-in-kyiv-trump-tells-putin-to-stop/j97ljkfbm,Black_Sea_Ukraine,gdelt,Black_Sea_Ukraine
"Довгий Нептун - Сметанін розповів , як часто застосовують ракету по ворогу",2025-04-11 20:30:00+00:00,Ukraine,24tv.ua,https://24tv.ua/dovgiy-neptun-smetanin-rozpoviv-yak-chasto-zastosovuyut-raketu_n2797775,Black_Sea_Ukraine,gdelt,Black_Sea_Ukraine
Albares denuncia que Putin dirigió premeditadamente  contra civiles  su último ataque a Ucrania :  La voluntad de Rusia para un alto el fuego es nula  ,2025-04-14 13:15:00+00:00,Spain,elmundo.es,https://www.elmundo.es/internacional/2025/04/14/67fcfc83e4d4d87a298b459c.html,Black_Sea_Ukraine,gdelt,Black_Sea_Ukraine
Повітряні сили : війська РФ вночі запустили по Україні 23 ракети і понад сто дронів,2025-04-06 08:15:00+00:00,Ukraine,radiosvoboda.org,https://www.radiosvoboda.org/a/news-povitriani-syly-rakety-drony-rf/33375051.html,Black_Sea_Ukraine,gdelt,Black_Sea_Ukraine
Several dead in Russia massive strike on Kyiv hours after Trump lashed out at Ukraine Zelenskyy – Firstpost,2025-04-24 07:15:00+00:00,India,firstpost.com,https://www.firstpost.com/world/several-dead-in-russias-massive-strike-on-kyiv-hours-after-trump-lashed-out-at-ukraines-zelenskyy-13882638.html,Black_Sea_Ukraine,gdelt,Black_Sea_Ukraine
Напередодні Великодня рф атакувала Україну майже 100 дронами і ракетами : скільки збила ППО,2025-04-19 09:45:00+00:00,Ukraine,podrobnosti.ua,https://podrobnosti.ua/2499368-naperedodn-velikodnja-rf-atakuvala-ukranu-majzhe-100-dronami-raketami-sklki-zbila-ppo.html,Black_Sea_Ukraine,gdelt,Black_Sea_Ukraine
"Rusko by sa malo spojiť s Amerikou a zaútočiť na Európu , zaznelo v ruskej televízii",2025-04-28 12:00:00+00:00,Slovak Republic,spravy.pravda.sk,https://spravy.pravda.sk/svet/clanok/750000-rusko-by-sa-malo-spojit-s-amerikou-a-zautocit-na-europu-zaznelo-v-ruskej-televizii/,Black_Sea_Ukraine,gdelt,Black_Sea_Ukraine
Guerre en Ukraine : nouvelle attaque meurtrière de missiles russes sur Kiev,2025-04-24 08:45:00+00:00,France,lopinion.fr,https://www.lopinion.fr/international/guerre-en-ukraine-nouvelle-attaque-meurtriere-de-missiles-russes-sur-kiev,Black_Sea_Ukraine,gdelt,Black_Sea_Ukraine
Trump Message to Putin : You Blew It,2025-06-02 21:45:00+00:00,United States,dailysignal.com,https://www.dailysignal.com/2025/06/02/trumps-message-to-putin-you-blew-it/,Black_Sea_Ukraine,gdelt,Black_Sea_Ukraine
"Serangan Drone Ukraina Guncang Pangkalan Udara Rusia , Kerugian Ratusan Triliun",2025-06-02 11:15:00+00:00,Indonesia,internasional.kontan.co.id,https://internasional.kontan.co.id/news/serangan-drone-ukraina-guncang-pangkalan-udara-rusia-kerugian-ratusan-triliun,Black_Sea_Ukraine,gdelt,Black_Sea_Ukraine
俄报复乌克兰  蛛网  行动 ： 大规模出动无人机和导弹 ， 攻击全境  致死伤,2025-06-07 06:15:00+00:00,China,yangtse.com,https://www.yangtse.com/news/txs/202506/t20250607_218046.html,Black_Sea_Ukraine,gdelt,Black_Sea_Ukraine
রাশিয়া - ইউক্রেন সংঘাতে পাল্টা হামলা তীব্র হচ্ছে,2025-04-06 10:15:00+00:00,Bangladesh,dailyinqilab.com,https://dailyinqilab.com/international/news/749299,Black_Sea_Ukraine,gdelt,Black_Sea_Ukraine
"Rusia kryen sulmin më të madh ajror ndaj Ukrainës ! Shkon në 14 numri i viktimave , mes tyre edhe fëmijë",2025-05-25 14:45:00+00:00,Albania,botasot.info,https://www.botasot.info/evrope-bota/2344112/rusia-kryen-sulmin-me-te-madh-ajror-ndaj-ukraines-shkon-ne-14-numri-i-viktimave-mes-tyre-edhe-femije/,Black_Sea_Ukraine,gdelt,Black_Sea_Ukraine
"Guerre en Ukraine :  Une frappe majeure … Vexés par lopération Spider Web et lexplosion du pont de Crimée , Poutine et la Russie se vengent avec  une attaque à grande échelle  ",2025-06-06 06:30:00+00:00,France,lindependant.fr,https://www.lindependant.fr/2025/06/06/guerre-en-ukraine-une-frappe-majeure-vexes-par-loperation-spider-web-et-lexplosion-du-pont-de-crimee-poutine-et-la-russie-se-vengent-avec-une-attaque-12744545.php,Black_Sea_Ukraine,gdelt,Black_Sea_Ukraine
ترامپ : بدون بمباران با ایران به توافق می‌رسیم ؛ سرنوشت جنگ اوکراین ظرف دو هفته مشخص می‌شود,2025-04-28 02:15:00+00:00,United States,parsi.euronews.com,https://parsi.euronews.com/2025/04/28/trump-we-will-reach-an-agreement-with-iran-without-the-need-for-bombing,Black_Sea_Ukraine,gdelt,Black_Sea_Ukraine
"Mass Russian drone attack on Ukraine Kharkiv injures 10 , mayor says",2025-04-29 20:45:00+00:00,,marketscreener.com,https://www.marketscreener.com/quote/currency/US-DOLLAR-RUSSIAN-ROUBLE--2370597/news/Mass-Russian-drone-attack-on-Ukraine-s-Kharkiv-injures-10-mayor-says-49760193/,Black_Sea_Ukraine,gdelt,Black_Sea_Ukraine
"Evropská spolupráce přináší užitek všem , řekla Merkelová | iROZHLAS",2025-06-03 23:30:00+00:00,Czech Republic,irozhlas.cz,https://www.irozhlas.cz/zpravy-domov/samotna-zeme-bude-slaba-evropska-spoluprace-prinasi-uzitek-vsem-rekla-merkelova_2506032230_ntu,Black_Sea_Ukraine,gdelt,Black_Sea_Ukraine
Повітряні сили повідомили про 80 збитих за ніч дронів РФ,2025-05-14 08:30:00+00:00,Ukraine,radiosvoboda.org,https://www.radiosvoboda.org/a/news-povitriani-syly-zbyti-drony/33413270.html,Black_Sea_Ukraine,gdelt,Black_Sea_Ukraine
"Лавров : Запад од Србије  откинуо Косово , то је исто што и узимање са менија - ЈМУ Радио - телевизија Војводине",2025-06-09 15:00:00+00:00,Serbia,rtv.rs,https://www.rtv.rs/sr_ci/politika/lavrov-zapad-od-srbije-otkinuo-kosovo-to-je-isto-sto-i-uzimanje-sa-menija_1634464.html,Black_Sea_Ukraine,gdelt,Black_Sea_Ukraine
"Rusia kryen sulmin më të madh ajror ndaj Ukrainës ! Shkon në 14 numri i viktimave , mes tyre edhe fëmijë",2025-05-25 17:30:00+00:00,,aktuale.mk,https://aktuale.mk/rusia-kryen-sulmin-me-te-madh-ajror-ndaj-ukraines-shkon-ne-14-numri-i-viktimave-mes-tyre-edhe-femije/,Black_Sea_Ukraine,gdelt,Black_Sea_Ukraine
РФ атакувала Україну більш як 200 дронами та дев  ятьма ракетами – Повітряні сили,2025-06-07 07:15:00+00:00,Ukraine,radiosvoboda.org,https://www.radiosvoboda.org/a/news-drony-rakety-povitrjani-syly/33436496.html,Black_Sea_Ukraine,gdelt,Black_Sea_Ukraine
Ejército de Rusia libera Andréyevka y fortalece posiciones en la región ucraniana de Sumy,2025-06-03 18:30:00+00:00,United States,telesurtv.net,https://www.telesurtv.net/ejercito-rusia-libera-andreyevka-fortalece-posiciones-sumy/,Black_Sea_Ukraine,gdelt,Black_Sea_Ukraine
"Guerre en Ukraine : Kiev visée par une  frappe massive  russe , au moins 9 morts",2025-04-24 05:15:00+00:00,France,huffingtonpost.fr,https://www.huffingtonpost.fr/international/article/guerre-en-ukraine-kiev-visee-par-une-frappe-massive-russe-au-moins-9-morts_249169.html,Black_Sea_Ukraine,gdelt,Black_Sea_Ukraine
Trump Admin Prepared to Recognize Crimea as Russian Territory : Report,2025-04-19 01:15:00+00:00,United States,newsweek.com,https://www.newsweek.com/trump-russia-ukraine-crimea-report-2061658,Black_Sea_Ukraine,gdelt,Black_Sea_Ukraine
زيلينسكي : روسيا شنت أكثر من 350 هجوما بالمسيرات والصواريخ على أوكرانيا خلال الليل,2025-05-25 10:45:00+00:00,Egypt,shorouknews.com,https://www.shorouknews.com/news/view.aspx?cdate=25052025&id=3285df9f-7ce2-4073-9d1a-d913691ff76d,Black_Sea_Ukraine,gdelt,Black_Sea_Ukraine
Атака по Україні сьогодні 18 . 04 . 2025 - скільки ракет і Шахедів збили - новини України,2025-04-18 07:15:00+00:00,Ukraine,24tv.ua,https://24tv.ua/vnochi-vorog-atakuvav-6-raketami-37-bpla-skilki-vdalosya-zbiti_n2802428,Black_Sea_Ukraine,gdelt,Black_Sea_Ukraine
俄导弹击穿地下基地 ， 暴击训练中心 ， 对乌高官动真格吓退北约援军 俄军报复全面升级 _ 军事频道 _ 中华网,2025-06-09 06:15:00+00:00,China,military.china.com,https://military.china.com/news/13004177/20250609/48442356.html,Black_Sea_Ukraine,gdelt,Black_Sea_Ukraine
"Rusya , Ukraynanın ikinci büyük kentine şimdiye kadarki en büyük İHA saldırısını düzenledi",2025-06-07 13:30:00+00:00,Cyprus,detaykibris.com,http://www.detaykibris.com/rusya-ukraynanin-ikinci-buyuk-kentine-simdiye-kadarki-en-buyuk-iha-saldirisini-duzen-350397h.htm,Black_Sea_Ukraine,gdelt,Black_Sea_Ukraine
Ukraine in maps : Tracking the war with Russia,2025-05-07 20:45:00+00:00,United Kingdom,bbc.com,https://www.bbc.com/news/articles/c0l0k4389g2o,Black_Sea_Ukraine,gdelt,Black_Sea_Ukraine
Guerre en Ukraine  : La Russie menace lAllemagne en cas de frappe de lUkraine avec ses missiles Taurus sur le pont de Crimée,2025-04-17 15:15:00+00:00,France,lindependant.fr,https://www.lindependant.fr/2025/04/17/guerre-en-ukraine-la-russie-menace-lallemagne-en-cas-de-frappe-de-lukraine-avec-ses-missiles-taurus-sur-le-pont-de-crimee-12643012.php,Black_Sea_Ukraine,gdelt,Black_Sea_Ukraine
Polonia advierte a Trump : Reconocer los territorios rusos en Ucrania sería un  error histórico  ,2025-04-06 15:30:00+00:00,Spain,larepublica.es,http://larepublica.es/2025/04/06/polonia-advierte-a-trump-reconocer-los-territorios-rusos-en-ucrania-seria-un-error-historico/,Black_Sea_Ukraine,gdelt,Black_Sea_Ukraine
Tuskov poradca varuje united states pred uznaním územných ziskov Rusku,2025-04-06 11:15:00+00:00,Slovak Republic,sme.sk,https://www.sme.sk/minuta/23473992/tuskov-poradca-varuje-usa-pred-uznanim-uzemnych-ziskov-rusku,Black_Sea_Ukraine,gdelt,Black_Sea_Ukraine
Trump Ukraine peace plan gives Russia everything it wants . What is he trying to do ? ,2025-04-24 22:30:00+00:00,United States,slate.com,https://slate.com/news-and-politics/2025/04/donald-trump-ukraine-russia-ceasefire-peace-plan.html,Black_Sea_Ukraine,gdelt,Black_Sea_Ukraine
Poland warns Trump against  historic mistake  in Russia talks,2025-04-06 15:45:00+00:00,United States,bignewsnetwork.com,https://www.bignewsnetwork.com/news/278148546/poland-warns-trump-against-historic-mistake-in-russia-talks,Black_Sea_Ukraine,gdelt,Black_Sea_Ukraine
Poland warns Trump against historic mistake in Russia talks,2025-04-06 15:45:00+00:00,United States,bignewsnetwork.com,https://www.bignewsnetwork.com/news/278148515/poland-warns-trump-against-historic-mistake-in-russia-talks,Black_Sea_Ukraine,gdelt,Black_Sea_Ukraine
特朗普 ： 乌克兰永远不可能加入北约 ！ 俄乌非常接近达成协议 _ 东方财富网,2025-04-26 00:30:00+00:00,China,finance.eastmoney.com,https://finance.eastmoney.com/a/202504263389594677.html,Black_Sea_Ukraine,gdelt,Black_Sea_Ukraine
Нічний обстріл України : як відпрацювала ППО | podrobnosti . ua,2025-04-06 08:15:00+00:00,Ukraine,podrobnosti.ua,https://podrobnosti.ua/2498694-nchnij-obstrl-ukrani-jak-vdpratsjuvala-ppo.html,Black_Sea_Ukraine,gdelt,Black_Sea_Ukraine
"DIRECTO UCRANIA | Últimas noticias tras el fin de la tregua , al minuto",2025-04-25 05:15:00+00:00,Spain,elperiodico.com,https://www.elperiodico.com/es/internacional/20250425/guerra-ucrania-rusia-ultima-hora-directo-103935417,Black_Sea_Ukraine,gdelt,Black_Sea_Ukraine
特朗普第一次威胁普京政权可能垮台 ， 西方允许乌克兰打莫斯科 ？ ,2025-05-27 03:00:00+00:00,China,news.ifeng.com,https://news.ifeng.com/c/8jh00b5CIXu,Black_Sea_Ukraine,gdelt,Black_Sea_Ukraine
最新 ！ 特朗普称俄罗斯和乌克兰  非常接近  达成协议 ！ 事关领土问题 ， 泽连斯基强硬回应 ： 绝不承认 ...... ,2025-04-26 01:15:00+00:00,China,nbd.com.cn,https://www.nbd.com.cn/articles/2025-04-26/3851714.html,Black_Sea_Ukraine,gdelt,Black_Sea_Ukraine
Повітряні сили звітують про збиття 36 БПЛА протягом нічної атаки Росії,2025-05-17 13:45:00+00:00,Ukraine,radiosvoboda.org,https://www.radiosvoboda.org/a/news-povitriani-syly-zbyttia-36-shahediv/33416730.html,Black_Sea_Ukraine,gdelt,Black_Sea_Ukraine
俄军使用化学武器 ， 泽连斯基家乡遭导弹袭击 ， 美防长却弃乌不顾 俄乌冲突再升级 _ 军事频道 _ 中华网,2025-04-07 01:45:00+00:00,China,military.china.com,https://military.china.com/news/13004177/20250407/48177782.html,Black_Sea_Ukraine,gdelt,Black_Sea_Ukraine
Attacked on both sides : Putin launches major drone strike on Kyiv after Donald Trump blasted Zelensky for  harming peace negotiation and told him to give up land to Russia,2025-04-24 08:15:00+00:00,United Kingdom,dailymail.co.uk,https://www.dailymail.co.uk/news/article-14642457/Putin-drone-strike-Kyiv-Trump-blasted-Zelensky.html,Black_Sea_Ukraine,gdelt,Black_Sea_Ukraine
俄媒威胁打击柏林 警告德国参战后果 _ 新闻频道 _ 中华网,2025-05-29 12:30:00+00:00,China,news.china.com,https://news.china.com/socialgd/10000169/20250529/48400207.html,Black_Sea_Ukraine,gdelt,Black_Sea_Ukraine
"Guerre en Ukraine | Attaque de drones et de missiles russes sur Kyiv , au moins deux blessés",2025-05-24 00:15:00+00:00,Canada,lapresse.ca,https://www.lapresse.ca/international/europe/2025-05-23/guerre-en-ukraine/attaque-de-drones-et-de-missiles-russes-sur-kyiv-au-moins-deux-blesses.php,Black_Sea_Ukraine,gdelt,Black_Sea_Ukraine
俄遭  特洛伊木马  式袭击背后 ： 无人机能否成为攻城槌|俄军|俄罗斯|乌克兰|克里米亚|战略轰炸机,2025-06-03 10:15:00+00:00,China,163.com,https://www.163.com/dy/article/K154S7B1053469M5.html,Black_Sea_Ukraine,gdelt,Black_Sea_Ukraine
Vladimir Putin  hopes nuclear weapons will not be required  in Ukraine,2025-05-04 16:15:00+00:00,United Kingdom,oxfordmail.co.uk,https://www.oxfordmail.co.uk/news/national/25137136.vladimir-putin-hopes-nuclear-weapons-will-not-required-ukraine/,Black_Sea_Ukraine,gdelt,Black_Sea_Ukraine
 【 俄乌开战 】 俄军导弹袭击基辅 酿至少56人死伤 | 国际,2025-04-24 02:45:00+00:00,Malaysia,orientaldaily.com.my,https://www.orientaldaily.com.my/news/international/2025/04/24/728372,Black_Sea_Ukraine,gdelt,Black_Sea_Ukraine
Offensive auf Krim - Brücke : Merz - Vertrauter spekuliert offen über Taurus - Einsatz,2025-04-27 17:30:00+00:00,Germany,merkur.de,http://www.merkur.de/politik/offensive-auf-krim-bruecke-merz-vertrauter-spekuliert-offen-ueber-taurus-einsatz-zr-93697711.html,Black_Sea_Ukraine,gdelt,Black_Sea_Ukraine
"Attaque meurtrière de missiles russes sur Kiev , Trump sen prend à Zelensky",2025-04-24 08:00:00+00:00,Belgium,lalibre.be,https://www.lalibre.be/international/europe/guerre-ukraine-russie/2025/04/24/attaque-meurtriere-de-missiles-russes-sur-kiev-trump-sen-prend-a-zelensky-3V3LQCMKSVC6PHRHWLQLHEYB3I/,Black_Sea_Ukraine,gdelt,Black_Sea_Ukraine
"Rússia ataca Kiev com mísseis , deixa um morto e Polônia prepara estratégia de defesa na fronteira",2025-04-06 13:45:00+00:00,Brazil,terra.com.br,"https://www.terra.com.br/noticias/mundo/russia-ataca-kiev-com-misseis-deixa-um-morto-e-polonia-prepara-estrategia-de-defesa-na-fronteira,e2844b10a6b6b36f7b55e5f68b9a542eqmyi5ek5.html",Black_Sea_Ukraine,gdelt,Black_Sea_Ukraine
Merz - Vertrauter spekuliert offen über Taurus - Einsatz bei Angriff auf Krim - Brücke,2025-04-24 11:30:00+00:00,Germany,merkur.de,https://www.merkur.de/politik/merz-vertrauter-spekuliert-offen-ueber-taurus-einsatz-zr-93697711.html,Black_Sea_Ukraine,gdelt,Black_Sea_Ukraine
Merz - Vertrauter spekuliert offen über Taurus - Einsatz bei Angriff auf Krim - Brücke,2025-04-24 10:15:00+00:00,Germany,merkur.de,http://www.merkur.de/politik/merz-vertrauter-spekuliert-offen-ueber-taurus-einsatz-zr-93697711.html,Black_Sea_Ukraine,gdelt,Black_Sea_Ukraine
俄罗斯为何不轰炸乌克兰决策中心 避免不确定性增加 _ 军事频道 _ 中华网,2025-06-07 08:15:00+00:00,China,military.china.com,https://military.china.com/news/13004177/20250607/48435830.html,Black_Sea_Ukraine,gdelt,Black_Sea_Ukraine
"Guerre en Ukraine  : une attaque de missiles sur Kiev fait 9 morts et 63 blessés selon les secours , Trump sen prend à Zelensky",2025-04-24 09:15:00+00:00,Belgium,lavenir.net,https://www.lavenir.net/actu/monde/2025/04/24/guerre-en-ukraine-une-attaque-de-missiles-sur-kiev-fait-9-morts-et-63-blesses-selon-les-secours-7DSDILJCOBHMBLVYEFEXEXMRVQ/,Black_Sea_Ukraine,gdelt,Black_Sea_Ukraine
Merz - Vertrauter spekuliert offen über Taurus - Einsatz bei Angriff auf Krim - Brücke,2025-04-24 10:15:00+00:00,Germany,tz.de,http://www.tz.de/politik/merz-vertrauter-spekuliert-offen-ueber-taurus-einsatz-zr-93697711.html,Black_Sea_Ukraine,gdelt,Black_Sea_Ukraine
谈判话音刚落冲突又起 ， 双线博弈下俄乌和平难以  一蹴而就  前线战事胶着难解 _ 军事频道 _ 中华网,2025-06-05 04:45:00+00:00,China,military.china.com,https://military.china.com/news/13004177/20250605/48426149.html,Black_Sea_Ukraine,gdelt,Black_Sea_Ukraine
Offensive auf Krim - Brücke : Merz - Vertrauter spekuliert offen über Taurus - Einsatz,2025-04-27 17:30:00+00:00,Germany,hna.de,http://www.hna.de/politik/offensive-auf-krim-bruecke-merz-vertrauter-spekuliert-offen-ueber-taurus-einsatz-zr-93697711.html,Black_Sea_Ukraine,gdelt,Black_Sea_Ukraine
Merz - Vertrauter spekuliert offen über Taurus - Einsatz bei Angriff auf Krim - Brücke,2025-04-24 10:15:00+00:00,Germany,hna.de,http://www.hna.de/politik/merz-vertrauter-spekuliert-offen-ueber-taurus-einsatz-zr-93697711.html,Black_Sea_Ukraine,gdelt,Black_Sea_Ukraine
Ostatnia ofensywa Putina . To będzie gorące lato na Ukrainie,2025-06-11 02:15:00+00:00,Poland,niezalezna.pl,https://niezalezna.pl/swiat/ostatnia-ofensywa-putina-to-bedzie-gorace-lato-na-ukrainie/545445,Black_Sea_Ukraine,gdelt,Black_Sea_Ukraine
"Co požaduje Rusko za mír s Ukrajinou ? Věci , které se Kyjeva vůbec netýkají | Názory",2025-06-01 10:30:00+00:00,Czech Republic,lidovky.cz,https://www.lidovky.cz/nazory/rusko-valka-na-ukrajine-nato-vladimir-putin-memorandum-primeri-mir.A250530_185129_ln_nazory_lgs,Black_Sea_Ukraine,gdelt,Black_Sea_Ukraine
Reacția Moscovei la planul de pace propus de SUA . Kremlinul e încântat de propunerea ca Ucraina să renunțe la aderarea la NATO,2025-04-21 15:30:00+00:00,Romania,antena3.ro,https://www.antena3.ro/externe/reactia-moscovei-la-planul-de-pace-propus-de-sua-kremlinul-e-incantat-de-propunerea-ca-ucraina-sa-renunte-la-aderarea-la-nato-743553.html,Black_Sea_Ukraine,gdelt,Black_Sea_Ukraine
Jako s nacisty . Americký astronaut otevřeně promluvil o kosmické spolupráci s Ruskem,2025-06-02 04:30:00+00:00,Czech Republic,blesk.cz,https://www.blesk.cz/clanek/zpravy-valka-na-ukrajine/814442/jako-s-nacisty-americky-astronaut-otevrene-promluvil-o-kosmicke-spolupraci-s-ruskem.html,Black_Sea_Ukraine,gdelt,Black_Sea_Ukraine
Олександр Левченко : Україна не визнає Крим російським Блоги,2025-04-26 09:15:00+00:00,Ukraine,obozrevatel.com,https://www.obozrevatel.com/ukr/politics-news/ukraina-ne-viznae-krim-rosijskim.htm,Black_Sea_Ukraine,gdelt,Black_Sea_Ukraine
РФ атакувала Україну 250 дронами і 14 ракетами : постраждали шість областей,2025-05-24 09:45:00+00:00,Ukraine,glavcom.ua,https://glavcom.ua/country/incidents/unochi-rf-atakuvala-ukrajinu-250-dronami-postrazhdali-shist-oblastej-1060254.html,Black_Sea_Ukraine,gdelt,Black_Sea_Ukraine
"  Shoot them  Russian commander ordered troops to open fire on their comrades , intercepted call suggests",2025-04-06 16:30:00+00:00,United States,yahoo.com,https://www.yahoo.com/news/shoot-them-russian-commander-ordered-154834378.html,Black_Sea_Ukraine,gdelt,Black_Sea_Ukraine
Для масованого удару по Україні війська рф запустили 132 повітряні цілі : ППО вдалося збити 13 ракет та 40 БпЛА,2025-04-06 10:45:00+00:00,Ukraine,day.kyiv.ua,https://day.kyiv.ua/news/060425-dlya-masovanoho-udaru-po-ukrayini-viyska-rf-zapustyly-132-povitryani-tsili-ppo-vdalosya,Black_Sea_Ukraine,gdelt,Black_Sea_Ukraine
Сили оборони збили 3 ракети  Іскандер - К  і 23  шахеди  ,2025-04-18 08:00:00+00:00,Ukraine,espreso.tv,https://espreso.tv/viyna-z-rosiyeyu-sili-oboroni-zbili-3-raketi-iskander-k-i-23-shakhedi,Black_Sea_Ukraine,gdelt,Black_Sea_Ukraine
Ucrania sacude a Rusia con ataques quirúrgicos mientras Putin intenta avanzar sobre más territorio,2025-06-03 19:00:00+00:00,Argentina,infobae.com,https://www.infobae.com/america/mundo/2025/06/03/ucrania-sacude-a-rusia-con-ataques-quirurgicos-mientras-putin-intenta-avanzar-sobre-mas-territorio/,Black_Sea_Ukraine,gdelt,Black_Sea_Ukraine
Russian Cruise Missile Strikes Ukrainian - Controlled Black Sea Drilling Platform,2025-06-10 22:30:00+00:00,United States,yahoo.com,https://www.yahoo.com/news/russian-cruise-missile-strikes-ukrainian-211007576.html,Black_Sea_Ukraine,gdelt,Black_Sea_Ukraine
普京打算如何报复乌克兰 誓言强力回应袭击 _ 军事频道 _ 中华网,2025-06-10 10:15:00+00:00,China,military.china.com,https://military.china.com/news/13004177/20250610/48448776.html,Black_Sea_Ukraine,gdelt,Black_Sea_Ukraine
Українські сили оборони знищили 51 ворожий БПЛА | Новини на Gazeta . ua,2025-04-05 09:15:00+00:00,Ukraine,gazeta.ua,https://gazeta.ua/articles/np/_ukrayinski-sili-oboroni-znischili-51-vorozhij-bpla-postrazhdali-sumschina-kiyivschina-ta-inshi-oblasti/1213771,Black_Sea_Ukraine,gdelt,Black_Sea_Ukraine
"Rusija pred ključnom ljetnom ofenzivom , na vidiku nema kraja rata",2025-06-09 16:15:00+00:00,Croatia,telegram.hr,https://www.telegram.hr/politika-kriminal/pregovori-su-farsa-dva-najnovija-poteza-kijeva-i-moskve-uvod-su-u-jos-brutalniju-fazu-rata/,Black_Sea_Ukraine,gdelt,Black_Sea_Ukraine
"Attaque meurtrière de missiles russes sur Kiev , Trump sen prend à Zelensky - 24 / 04 / 2025 à 03 : 33",2025-04-24 03:30:00+00:00,France,boursorama.com,https://www.boursorama.com/actualite-economique/actualites/attaque-meurtriere-de-missiles-russes-sur-kiev-trump-s-en-prend-a-zelensky-f2be17d54e80afac98db7be0fa3c254a,Black_Sea_Ukraine,gdelt,Black_Sea_Ukraine
Повітряні сили : війська РФ з вечора атакували Україну 5 ракетами і 187 дронами,2025-05-07 16:15:00+00:00,Ukraine,radiosvoboda.org,https://www.radiosvoboda.org/a/news-povitriani-syly-drony/33407345.html,Black_Sea_Ukraine,gdelt,Black_Sea_Ukraine
Обстріл України 5 квітня - РФ випустила 92 дрони за ніч,2025-04-05 07:00:00+00:00,Ukraine,rbc.ua,https://www.rbc.ua/rus/news/rosiya-atakuvala-ukrayinu-mayzhe-sotneyu-1743834361.html,Black_Sea_Ukraine,gdelt,Black_Sea_Ukraine
  Varam atkārtot sekta : Zelenskis komentē Maskavā gaidāmo  cinisma parādi  ,2025-05-08 12:15:00+00:00,Latvia,delfi.lv,https://www.delfi.lv/46713439/arzemes/120071515/varam-atkartot-sekta-zelenskis-komente-maskava-gaidamo-cinisma-paradi,Black_Sea_Ukraine,gdelt,Black_Sea_Ukraine
Notikusi gūstekņu apmaiņa : mājās atgriezušies 205 Ukrainas karavīri,2025-05-06 14:15:00+00:00,Latvia,delfi.lv,https://www.delfi.lv/46713439/arzemes/120071231/notikusi-gusteknu-apmaina-majas-atgriezusies-205-ukrainas-karaviri,Black_Sea_Ukraine,gdelt,Black_Sea_Ukraine
"Guerre en Ukraine :  Nouvelle opération majeure  réalisée par les services secrets ukrainiens … 3 lance - missiles Iskander éliminés , ils sapprêtaient  à frapper Kyiv  ",2025-06-05 10:45:00+00:00,France,lindependant.fr,https://www.lindependant.fr/2025/06/05/guerre-en-ukraine-nouvelle-operation-majeure-realisee-par-les-services-secrets-ukrainiens-3-lance-missiles-iskander-elimines-ils-sappretaient-a-12742309.php,Black_Sea_Ukraine,gdelt,Black_Sea_Ukraine
How Zelensky Responded To Trump Demand Of Ceding Crimea To Russia,2025-04-24 02:15:00+00:00,India,ndtv.com,https://www.ndtv.com/world-news/how-ukraines-volodymyr-zelensky-responded-to-trumps-demand-of-ceding-crimea-to-russia-8241188,Black_Sea_Ukraine,gdelt,Black_Sea_Ukraine
Ucrania golpea de nuevo a Putin : explosivos submarinos destruyen parte del puente que une Crimea con Rusia,2025-06-04 12:00:00+00:00,Spain,periodistadigital.com,https://www.periodistadigital.com/mundo/20250604/ucrania-golpea-nuevo-putin-explosivos-submarinos-destruyen-parte-puente-une-crimea-rusia-noticia-689405096747/,Black_Sea_Ukraine,gdelt,Black_Sea_Ukraine
乌军无人机突袭俄轰炸机基地 ， 美军为何紧张 ？ ,2025-06-09 01:45:00+00:00,China,news.ifeng.com,https://news.ifeng.com/c/8k0rrH1h8iD,Black_Sea_Ukraine,gdelt,Black_Sea_Ukraine
俄乌双方此时互相发动大规模袭击 ， 有何目的 ？_ 军事频道 _ 中华网,2025-04-10 03:45:00+00:00,China,military.china.com,https://military.china.com/news/13004177/20250410/48193743.html,Black_Sea_Ukraine,gdelt,Black_Sea_Ukraine
Putin claims he  hopes nuclear weapons will not be needed  in Ukraine,2025-05-05 07:45:00+00:00,United Kingdom,independent.co.uk,https://www.independent.co.uk/news/world/europe/putin-nuclear-weapons-russia-ukraine-war-b2744863.html,Black_Sea_Ukraine,gdelt,Black_Sea_Ukraine
特朗普指责泽连斯基总想买导弹 挑起战争需负责 _ 军事频道 _ 中华网,2025-04-15 14:15:00+00:00,China,military.china.com,https://military.china.com/news/13004177/20250415/48215246.html,Black_Sea_Ukraine,gdelt,Black_Sea_Ukraine
"Russian drones attack Ukraine Kharkiv and Dnipro , one dead , 30 injured",2025-04-29 21:45:00+00:00,,marketscreener.com,https://www.marketscreener.com/quote/currency/US-DOLLAR-RUSSIAN-ROUBLE--2370597/news/Russian-drones-attack-Ukraine-s-Kharkiv-and-Dnipro-one-dead-30-injured-49760193/,Black_Sea_Ukraine,gdelt,Black_Sea_Ukraine
Росія атакувала дронами з усіх боків : ЗСУ знищили 174 цілі,2025-06-07 07:15:00+00:00,Ukraine,gazeta.ua,https://gazeta.ua/articles/np/_rosiya-atakuvala-dronami-z-usih-bokiv-zsu-znischili-174-cili/1220319,Black_Sea_Ukraine,gdelt,Black_Sea_Ukraine
Війна в Україні - після  перемир  я  Росія запустила по Україні майже сотню дронів та ракет УНІАН,2025-04-21 09:15:00+00:00,Ukraine,unian.ua,https://www.unian.ua/war/viyna-v-ukrajini-pislya-peremir-ya-rosiya-zapustila-po-ukrajini-mayzhe-sotnyu-droniv-ta-raket-12983817.html,Black_Sea_Ukraine,gdelt,Black_Sea_Ukraine
特朗普为何猛烈抨击泽连斯基 直指克里米亚问题 _ 军事频道 _ 中华网,2025-04-25 08:00:00+00:00,China,military.china.com,https://military.china.com/news/13004177/20250425/48257849.html,Black_Sea_Ukraine,gdelt,Black_Sea_Ukraine
Крейсер Москва - як Україна знищила флагман Чорноморського флоту РФ УНІАН,2025-04-02 00:30:00+00:00,Ukraine,unian.ua,https://www.unian.ua/war/kreyser-moskva-yak-ukrajina-znishchila-flagman-chornomorskogo-flotu-rf-12963768.html,Black_Sea_Ukraine,gdelt,Black_Sea_Ukraine
Zelenskyj odmítl hrát podle americko - ruských not . Rubio kvůli tomu bojkotuje schůzku v Londýně,2025-04-23 08:15:00+00:00,Czech Republic,novinky.cz,https://www.novinky.cz/clanek/valka-na-ukrajine-zelenskyj-odmitl-hrat-podle-americko-ruskych-not-rubio-kvuli-tomu-bojkotuje-schuzku-v-londyne-40518284,Black_Sea_Ukraine,gdelt,Black_Sea_Ukraine
Вибухи в Криму - росіяни заявляють про масштабну атаку,2025-06-05 23:30:00+00:00,Ukraine,rbc.ua,https://www.rbc.ua/rus/news/krimu-lunayut-vibuhi-okupanti-skarzhatsya-1749162169.html,Black_Sea_Ukraine,gdelt,Black_Sea_Ukraine
俄乌大规模交换战俘现场曝光 创冲突以来最大规模人道突破 _ 军事频道 _ 中华网,2025-05-24 09:45:00+00:00,China,military.china.com,https://military.china.com/news/13004177/20250524/48377301.html,Black_Sea_Ukraine,gdelt,Black_Sea_Ukraine
Pawel Kowal varuje pred uznaním ruskej expanzie na Ukrajine,2025-04-06 13:30:00+00:00,Slovak Republic,aktuality.sk,https://www.aktuality.sk/clanok/ijogAxh/polsky-poslanec-varuje-usa-uznanie-ruskych-uzemnych-ziskov-na-ukrajine-by-bola-chyba/,Black_Sea_Ukraine,gdelt,Black_Sea_Ukraine
Ucrania lanzó un ataque submarino contra el puente de Crimea y da su estructura,2025-06-03 16:00:00+00:00,Argentina,ellitoral.com,https://www.ellitoral.com/internacionales/ucrania-lanzo-ataque-submarino-puente-crimea-dano-estructura-nueva-ofensiva-operacion-encubierta_0_JUjwbSk3nd.html,Black_Sea_Ukraine,gdelt,Black_Sea_Ukraine
Обстріл України 28 травня - Росія вночі запустила шість ракети та 88 дронів,2025-05-28 08:45:00+00:00,Ukraine,rbc.ua,https://www.rbc.ua/rus/news/rosiya-vnochi-zapustila-shist-raket-ta-mayzhe-1748413509.html,Black_Sea_Ukraine,gdelt,Black_Sea_Ukraine
"Україна наполягає на припиненні вогню для миру , Росія відповідає ударами",2025-04-24 20:00:00+00:00,Lithuania,lrt.lt,https://www.lrt.lt/ua/novini/1263/2545911/ukrayina-napoliagaie-na-pripinenni-vogniu-dlia-miru-rosiia-vidpovidaie-udarami,Black_Sea_Ukraine,gdelt,Black_Sea_Ukraine
"Повітряні сили : вночі Росія атакувала Україну 108 дронами , збито – 60",2025-05-11 09:00:00+00:00,Ukraine,radiosvoboda.org,https://www.radiosvoboda.org/a/news-povitryani-syly-zsu-viyna-drony/33410584.html,Black_Sea_Ukraine,gdelt,Black_Sea_Ukraine
"Guerre en Ukraine : le pont de Crimée visé une nouvelle fois , 1 100 kg dexplosifs lendommagent fortement",2025-06-03 15:30:00+00:00,France,valeursactuelles.com,https://www.valeursactuelles.com/monde/guerre-en-ukraine-le-pont-de-crimee-vise-une-nouvelle-fois-1-100-kg-dexplosifs-lendommagent-fortement,Black_Sea_Ukraine,gdelt,Black_Sea_Ukraine
росія атакувала Україну 14 ракетами та 250 дронами як спрацювала ППО,2025-05-24 13:00:00+00:00,Ukraine,facenews.ua,https://www.facenews.ua/news/2025/527824/,Black_Sea_Ukraine,gdelt,Black_Sea_Ukraine
乌首都遭导弹袭击15人受伤,2025-05-24 19:15:00+00:00,China,world.qianlong.com,https://world.qianlong.com/2025/0525/8493416.shtml,Black_Sea_Ukraine,gdelt,Black_Sea_Ukraine
هجوم صاروخي على خاركيف وزيلينسكي يتهم روسيا بالخداع,2025-05-30 06:30:00+00:00,Kuwait,alkhabarkw.com,https://www.alkhabarkw.com/uncategorized/109944.html,Black_Sea_Ukraine,gdelt,Black_Sea_Ukraine
"Kyiv Hit by Deadly Russian Missile and Drone Strike , Dozens Killed or Injured in Major Assault",2025-04-25 06:45:00+00:00,Indonesia,noi.pikiran-rakyat.com,https://noi.pikiran-rakyat.com/politic/pr-4049271982/kyiv-hit-by-deadly-russian-missile-and-drone-strike-dozens-killed-or-injured-in-major-assault,Black_Sea_Ukraine,gdelt,Black_Sea_Ukraine
Witkoff pozval Dmitrijeva k sobě domů na večeři . Bílý dům byl v šoku,2025-04-12 14:15:00+00:00,Czech Republic,novinky.cz,https://www.novinky.cz/clanek/zahranicni-amerika-witkoff-pozval-dmitrijeva-k-sobe-domu-na-veceri-bily-dum-byl-v-soku-40517195,Black_Sea_Ukraine,gdelt,Black_Sea_Ukraine
Medveděv se pustil do Švédska a Finska . Hrozil úderem jadernými zbraněmi,2025-04-29 12:45:00+00:00,Czech Republic,reflex.cz,https://www.reflex.cz/clanek/zpravy/129998/medvedev-se-pustil-do-svedska-a-finska-hrozil-uderem-jadernymi-zbranemi.html,Black_Sea_Ukraine,gdelt,Black_Sea_Ukraine
俄罗斯全面报复之战一触即发 ， 乌克兰或将面临持续高强度轰炸 _ 军事频道 _ 中华网,2025-06-10 14:45:00+00:00,China,military.china.com,https://military.china.com/news/13004177/20250610/48449475.html,Black_Sea_Ukraine,gdelt,Black_Sea_Ukraine
"Повітряні сили : ЗСУ знешкодили 43 БпЛА , якими вночі РФ атакувала Україну",2025-05-27 08:45:00+00:00,Ukraine,radiosvoboda.org,https://www.radiosvoboda.org/a/news-shahed-/33425277.html,Black_Sea_Ukraine,gdelt,Black_Sea_Ukraine
Russia appears to launch new offensive in Ukraine amid peace talks,2025-05-30 03:15:00+00:00,United States,bostonglobe.com,https://www.bostonglobe.com/2025/05/29/world/russia-appears-launch-new-offensive-ukraine-amid-peace-talks/,Black_Sea_Ukraine,gdelt,Black_Sea_Ukraine
Нічна атака по Україні 30 квітня - деталі Укрaїнa,2025-05-01 07:30:00+00:00,Ukraine,tsn.ua,https://tsn.ua/ukrayina/rf-atakuvala-ukrayinu-shcho-letilo-ta-iaki-rehiony-perezyly-vorozyy-udar-2819495.html,Black_Sea_Ukraine,gdelt,Black_Sea_Ukraine
Обстріл України 7 червня - РФ випустила 206 дронів та 9 ракет,2025-06-07 09:15:00+00:00,Ukraine,rbc.ua,https://www.rbc.ua/rus/news/rosiyani-nich-vipustili-ukrayini-dvi-sotni-1749277459.html,Black_Sea_Ukraine,gdelt,Black_Sea_Ukraine
"Világ : Vitalij Klicsko : Lehet , hogy területeket kell feladni a békrt",2025-04-25 10:15:00+00:00,Hungary,hvg.hu,https://hvg.hu/vilag/20250425_vitalij-klicsko-kijev-ukrajna-beke-terulet,Black_Sea_Ukraine,gdelt,Black_Sea_Ukraine
CIA : n ex - johtaja : Tänne Putin saattaa hyökätä seuraavaksi,2025-05-30 10:00:00+00:00,Finland,iltalehti.fi,https://www.iltalehti.fi/ulkomaat/a/78a54693-d696-43b3-8cb5-b779378939b6,Black_Sea_Ukraine,gdelt,Black_Sea_Ukraine
"Guerre en Ukraine  : neuf morts et 63 blessés lors dune attaque de missiles russes sur Kiev , Trump  proche  dun accord avec la Russie",2025-04-24 06:45:00+00:00,France,nouvelobs.com,https://www.nouvelobs.com/monde/20250424.OBS103143/guerre-en-ukraine-neuf-morts-et-63-blesses-lors-d-une-attaque-de-missiles-russes-sur-kiev-trump-proche-d-un-accord-avec-la-russie.html,Black_Sea_Ukraine,gdelt,Black_Sea_Ukraine
"  Special friendship ?: Russian missile hit warehouse of Indian firm , claims Ukraine | India News",2025-04-12 16:45:00+00:00,India,timesofindia.indiatimes.com,https://timesofindia.indiatimes.com/india/special-friendship-russian-missile-hit-warehouse-of-indian-firm-claims-ukraine/articleshow/120237477.cms,Black_Sea_Ukraine,gdelt,Black_Sea_Ukraine
俄罗斯警告 ： 德国已再次成为俄敌人,2025-05-29 04:45:00+00:00,China,finance.sina.com.cn,https://finance.sina.com.cn/roll/2025-05-29/doc-ineyexsc5133578.shtml,Black_Sea_Ukraine,gdelt,Black_Sea_Ukraine
 « Бог був на нашому боці »: як Україна потопила флагман Чорноморського флоту РФ крейсер « Москва » / vlasti . net,2025-04-02 17:30:00+00:00,Ukraine,vlasti.net,https://vlasti.net/news/362499,Black_Sea_Ukraine,gdelt,Black_Sea_Ukraine
俄乌互攻行动是否陷入恶性循环 局势升级引关注 _ 新闻频道 _ 中华网,2025-06-10 08:15:00+00:00,China,news.china.com,https://news.china.com/socialgd/10000169/20250610/48448519.html,Black_Sea_Ukraine,gdelt,Black_Sea_Ukraine
Країни ООН вимагають припинення вогню в Україні просто зараз,2025-04-30 11:45:00+00:00,Ukraine,delo.ua,https://delo.ua/news/radbez-oon-zaklikav-do-negainogo-pripinennya-vognyu-v-ukrayini-ta-zasudiv-ataki-rf-445515/,Black_Sea_Ukraine,gdelt,Black_Sea_Ukraine
Цієї ночі ППО знешкодила над Україною 406 повітряних цілей | Новини Харкова та України,2025-06-06 10:15:00+00:00,Ukraine,atn.ua,https://atn.ua/ukraine/tsiiei-nochi-ppo-zneshkodyla-nad-ukrainoiu-406-povitrianykh-tsilej-476823/,Black_Sea_Ukraine,gdelt,Black_Sea_Ukraine
Rusia Serang Kyiv Usai Zelensky Tolak Usulan AS untuk Lepaskan Krimea,2025-04-24 03:00:00+00:00,Indonesia,kompas.com,https://www.kompas.com/global/read/2025/04/24/092207470/rusia-serang-kyiv-usai-zelensky-tolak-usulan-as-untuk-lepaskan-krimea,Black_Sea_Ukraine,gdelt,Black_Sea_Ukraine
US Threatens To Quit Russia - Ukraine Effort Unless  Concrete Proposals  ,2025-04-30 00:00:00+00:00,India,ndtv.com,https://www.ndtv.com/world-news/us-threatens-to-quit-russia-ukraine-effort-unless-concrete-proposals-8290527,Black_Sea_Ukraine,gdelt,Black_Sea_Ukraine
استمرار التصعيد بين موسكو وكييف ... وروسيا تعلن قتل شخص كان يستعد لشنّ هجوم بمسيّرات,2025-06-07 00:15:00+00:00,United States,arabic.euronews.com,https://arabic.euronews.com/2025/06/06/escalation-continues-between-moscow-and-kyiv-russia-announces-killing-of-suspect-prepar,Black_Sea_Ukraine,gdelt,Black_Sea_Ukraine
俄乌局势波谲云诡 ！ 俄罗斯发动大规模袭击 ！_ 天天基金网,2025-04-25 00:45:00+00:00,China,fund.eastmoney.com,https://fund.eastmoney.com/a/202504253387860475.html,Black_Sea_Ukraine,gdelt,Black_Sea_Ukraine
"У Повітряних Силах розповіли , як сьогодні відпрацювала ППО",2025-06-06 11:00:00+00:00,Ukraine,uainfo.org,https://uainfo.org/blognews/1749197138-u-povitryanih-silah-rozpovili-yak-sogodni-vidpratsyuvala.html,Black_Sea_Ukraine,gdelt,Black_Sea_Ukraine
Co Ukraińcy odpowiedzieli Trumpowi ? Odtwarzamy kulisy rozmów o rozejmie,2025-04-26 11:45:00+00:00,Poland,gazetaprawna.pl,"https://www.gazetaprawna.pl/wiadomosci/swiat/artykuly/9785700,co-ukraincy-odpowiedzieli-trumpowi-odtwarzamy-kulisy-rozmow-o-rozejmie.html",Black_Sea_Ukraine,gdelt,Black_Sea_Ukraine
Merz Sebut Serangan di Sumy sebagai  Kejahatan Perang  Rusia – DW – 14 . 04 . 2025,2025-04-14 08:15:00+00:00,Germany,dw.com,https://www.dw.com/id/merz-sebut-serangan-di-sumy-sebagai-kejahatan-perang-rusia/a-72234925,Black_Sea_Ukraine,gdelt,Black_Sea_Ukraine
Zelensky : Η Ρωσία στόχευσε όλη την Ουκρανία με 407 drones και 45 πυραύλους,2025-06-06 09:15:00+00:00,Greece,bankingnews.gr,https://www.bankingnews.gr/diethni/articles/807102/zelensky-i-rosia-stoxefse-oli-tin-oukrania-me-pano-apo-400-drones-kai-40-pyraylous,Black_Sea_Ukraine,gdelt,Black_Sea_Ukraine
Корабель РФ з ракетами Калібр в Чорному морі помітили 27 квітня вранці,2025-04-27 07:00:00+00:00,Ukraine,rbc.ua,https://www.rbc.ua/rus/news/raketna-zagroza-z-chornogo-morya-vms-fiksue-1745724568.html,Black_Sea_Ukraine,gdelt,Black_Sea_Ukraine
Ucraina media Kiev pronta ad accettare al 90 proposta pace united states ,2025-04-19 11:45:00+00:00,Italy,zazoom.it,https://www.zazoom.it/2025-04-19/ucraina-media-kiev-pronta-ad-accettare-al-90-proposta-pace-usa/16806705/,Black_Sea_Ukraine,gdelt,Black_Sea_Ukraine
"Putin wont take peace with Ukraine without restoring empire , former Defense Secretary Gates says",2025-05-16 22:15:00+00:00,United States,cbsnews.com,https://www.cbsnews.com/news/putin-ukraine-restoring-empire-robert-gates/,Black_Sea_Ukraine,gdelt,Black_Sea_Ukraine
Нічна атака ворога на Україну : як спрацювала ППО DSnews . ua,2025-04-19 11:15:00+00:00,Ukraine,dsnews.ua,https://www.dsnews.ua/ukr/politics/nichna-ataka-voroga-na-ukrajinu-yak-spracyuvala-ppo-19042025-520543,Black_Sea_Ukraine,gdelt,Black_Sea_Ukraine
US Threatens To Quit Russia - Ukraine Effort Unless  Concrete Proposals  ,2025-04-29 21:30:00+00:00,United States,ibtimes.com,https://www.ibtimes.com/us-threatens-quit-russia-ukraine-effort-unless-concrete-proposals-3771856,Black_Sea_Ukraine,gdelt,Black_Sea_Ukraine
روسيا تحذر ألمانيا : صواريخ  توروس  ستورطكم بشكل مباشر في حرب أوكرانيا – عكس السير,2025-04-19 04:00:00+00:00,Syria,aksalser.com,https://www.aksalser.com/news/2025/04/19/%D8%B1%D9%88%D8%B3%D9%8A%D8%A7-%D8%AA%D8%AD%D8%B0%D8%B1-%D8%A3%D9%84%D9%85%D8%A7%D9%86%D9%8A%D8%A7-%D8%B5%D9%88%D8%A7%D8%B1%D9%8A%D8%AE-%D8%AA%D9%88%D8%B1%D9%88%D8%B3-%D8%B3%D8%AA%D9%88%D8%B1/,Black_Sea_Ukraine,gdelt,Black_Sea_Ukraine
"Nouvelles opérations israéliennes à Gaza , au moins 30 morts selon la Défense civile",2025-04-04 10:45:00+00:00,France,larepubliquedespyrenees.fr,https://www.larepubliquedespyrenees.fr:443/societe/afp/nouvelles-operations-israeliennes-a-gaza-au-moins-30-morts-selon-la-defense-civile-23906376.php,Levant_EastMed,gdelt,Levant_EastMed
Israël intensifie ses opérations avec une nouvelle offensive au sol à Gaza,2025-04-04 14:15:00+00:00,Canada,ledevoir.com,https://www.ledevoir.com/monde/moyen-orient/863884/israel-intensifie-operations-nouvelle-offensive-sol-gaza,Levant_EastMed,gdelt,Levant_EastMed
İsrail jetleri Suriyeyi bombaladı – DW – 03 . 05 . 2025,2025-05-03 09:00:00+00:00,Germany,dw.com,https://www.dw.com/tr/i%CC%87srail-jetleri-suriyeyi-bombalad%C4%B1/a-72424818,Levant_EastMed,gdelt,Levant_EastMed
İsrail Ordusundan Lübnan ve Suriye Sınırına Hava Saldırıları,2025-05-05 21:15:00+00:00,Turkey,haberler.com,https://www.haberler.com/guncel/israil-ordusundan-lubnan-ve-suriye-sinirina-hava-saldirilari-18593622-haberi/,Levant_EastMed,gdelt,Levant_EastMed
"Israeli troops to remain indefinitely in Gaza  buffer zone , Defence Minister says",2025-04-17 04:30:00+00:00,Australia,sbs.com.au,https://www.sbs.com.au/news/podcast-episode/israeli-troops-to-remain-indefinitely-in-gaza-buffer-zones-defence-minister-says/gcyqmt4io,Levant_EastMed,gdelt,Levant_EastMed
"Israel trying to destabilize Lebanon , Syria through military provocations : Arab League chief",2025-04-06 01:00:00+00:00,Syria,globalsecurity.org,https://www.globalsecurity.org/military/library/news/2025/04/mil-250405-presstv02.htm,Levant_EastMed,gdelt,Levant_EastMed
"Larmée israélienne intensifie ses opérations à Gaza , 30 morts selon les secours",2025-04-04 20:45:00+00:00,France,nicematin.com,https://www.nicematin.com/conflits/l-armee-israelienne-intensifie-ses-operations-a-gaza-30-morts-selon-les-secours-980802,Levant_EastMed,gdelt,Levant_EastMed
Israeli strikes kill 14 in Gaza and destroy heavy equipment needed to clear rubble,2025-04-22 21:00:00+00:00,United States,sun-sentinel.com,https://www.sun-sentinel.com/2025/04/22/israel-gaza-strike-heavy-equipment/,Levant_EastMed,gdelt,Levant_EastMed
İsrail ordusu Suriyenin güneyine konuşlandı – DW – 03 . 05 . 2025,2025-05-03 11:00:00+00:00,Germany,dw.com,https://www.dw.com/tr/i%CC%87srail-ordusu-suriyenin-g%C3%BCneyine-konu%C5%9Fland%C4%B1/a-72424818,Levant_EastMed,gdelt,Levant_EastMed
Israeli strikes kill 14 in Gaza and destroy heavy equipment needed to clear rubble,2025-04-22 19:00:00+00:00,United States,ocregister.com,https://www.ocregister.com/2025/04/22/israel-gaza-strike-heavy-equipment/,Levant_EastMed,gdelt,Levant_EastMed
Israeli strikes kill 14 in Gaza and destroy heavy equipment needed to clear rubble,2025-04-22 20:15:00+00:00,United States,sandiegouniontribune.com,https://www.sandiegouniontribune.com/2025/04/22/israel-gaza-strike-heavy-equipment/,Levant_EastMed,gdelt,Levant_EastMed
Israeli strikes kill 14 in Gaza and destroy heavy equipment needed to clear rubble,2025-04-22 22:15:00+00:00,United States,twincities.com,https://www.twincities.com/2025/04/22/israel-gaza-strike-heavy-equipment/,Levant_EastMed,gdelt,Levant_EastMed
"Larmée israélienne intensifie ses opérations à Gaza , 30 morts selon les secours",2025-04-05 12:15:00+00:00,Belgium,lalibre.be,https://www.lalibre.be/dernieres-depeches/2025/04/04/nouvelles-operations-israeliennes-a-gaza-au-moins-30-morts-selon-la-defense-civile-U7Y3VH5POFFTHFMXZQNDWJ6HUI/,Levant_EastMed,gdelt,Levant_EastMed
"Israel will remain in Gaza , Lebanon and Syria indefinitely , defense minister says",2025-04-17 19:30:00+00:00,United States,nypost.com,https://nypost.com/2025/04/17/world-news/israel-will-remain-in-gaza-lebanon-and-syria-indefinitely-defense-minister-says/,Levant_EastMed,gdelt,Levant_EastMed
"Nouvelles opérations israéliennes à Gaza , au moins 30 morts selon la Défense civile",2025-04-04 11:15:00+00:00,France,martinique.franceantilles.fr,https://www.martinique.franceantilles.fr/actualite/international/nouvelles-operations-israeliennes-a-gaza-au-moins-30-morts-selon-la-defense-civile-1030199.php,Levant_EastMed,gdelt,Levant_EastMed
"İsrail , Şama 5 savaş uçağıyla hava saldırıları düzenledi",2025-04-30 16:00:00+00:00,Turkey,haberler.com,https://www.haberler.com/guncel/israil-sam-yakinlarina-hava-saldirilari-duzenledi-18573237-haberi/,Levant_EastMed,gdelt,Levant_EastMed
"Larmée israélienne intensifie ses opérations à Gaza , 30 morts selon les secours",2025-04-04 14:00:00+00:00,France,franceguyane.fr,https://www.franceguyane.fr/actualite/international/nouvelles-operations-israeliennes-a-gaza-au-moins-30-morts-selon-la-defense-civile-1030199.php,Levant_EastMed,gdelt,Levant_EastMed
İsrail dört cephede bomba yağdırdı,2025-05-07 04:45:00+00:00,Turkey,hurriyet.com.tr,https://www.hurriyet.com.tr/dunya/israil-dort-cephede-bomba-yagdirdi-42791381,Levant_EastMed,gdelt,Levant_EastMed
Israeli strikes kill 14 in Gaza and destroy heavy equipment needed to clear rubble – Butler Eagle,2025-04-22 22:00:00+00:00,United States,butlereagle.com,https://www.butlereagle.com/20250422/israeli-strikes-kill-14-in-gaza-and-destroy-heavy-equipment-needed-to-clear-rubble/,Levant_EastMed,gdelt,Levant_EastMed
Gaza : les secours annoncent 20 morts dans une frappe israélienne,2025-04-09 12:45:00+00:00,Canada,journaldemontreal.com,https://www.journaldemontreal.com/2025/04/09/gaza-les-secours-annoncent-20-morts-dans-une-frappe-israelienne,Levant_EastMed,gdelt,Levant_EastMed
"Israel trying to destabilize Lebanon , Syria through military provocations : Arab League chief",2025-04-06 00:00:00+00:00,Iran,presstv.ir,https://www.presstv.ir/Detail/2025/04/05/745628/Israel-aggression-destabilize-Lebanon-Syria-Arab-League-Secretary-General-Ahmed-Aboul-Gheit-warn-consequence-global-inaction,Levant_EastMed,gdelt,Levant_EastMed
الجامعة العربية : الممارسات الإسرائيلية دخلت مرحلة « العربدة » في المنطقة,2025-04-04 17:00:00+00:00,Saudi Arabia,okaz.com.sa,https://www.okaz.com.sa/variety/na/2190892,Levant_EastMed,gdelt,Levant_EastMed
İşgalci İsrail Suriyeye saldırarak Türkiyeye mesaj vermeyi amaçladı,2025-04-03 09:00:00+00:00,Turkey,haksozhaber.net,https://www.haksozhaber.net/isgalci-israil-suriyeye-saldirarak-turkiyeye-mesaj-vermeyi-amacladi-188789h.htm,Levant_EastMed,gdelt,Levant_EastMed
"İsrail , Suriyede 5 savaş uçağıyla hava saldırıları düzenledi",2025-04-30 16:30:00+00:00,Turkey,birgun.net,https://www.birgun.net/haber/israil-suriye-de-5-savas-ucagiyla-hava-saldirilari-duzenledi-619517%20target=_blank%20class=stretched-link,Levant_EastMed,gdelt,Levant_EastMed
نتنياهو يحلم بتدمير العرب وإيران وتركيا !.. أحلام اليقظة,2025-04-06 00:00:00+00:00,Saudi Arabia,okaz.com.sa,https://www.okaz.com.sa/news/local/2191016,Levant_EastMed,gdelt,Levant_EastMed
"Israel Intensifies Ground Offensive in Gaza , Targets Hamas in Lebanon",2025-04-05 04:00:00+00:00,Somalia,jowhar.com,https://www.jowhar.com/world-news/israel-intensifies-ground-offensive-in-gaza-targets-hamas-in-lebanon.html,Levant_EastMed,gdelt,Levant_EastMed
Israeli Airstrike Eliminates Hezbollah Operatives Rebuilding Terrorist Infrastructure in Southern Lebanon,2025-04-06 18:45:00+00:00,United States,legalinsurrection.com,https://legalinsurrection.com/2025/04/israeli-airstrike-eliminates-hezbollah-operatives-rebuilding-terrorist-infrastructure-in-southern-lebanon/,Levant_EastMed,gdelt,Levant_EastMed
Suriyede sular durulmuyor ... İsrail Dürzileri koruma bahanesiyle Şama saldrırdı,2025-04-30 16:30:00+00:00,Turkey,odatv.com,https://www.odatv.com/guncel/suriyede-sular-durulmuyor-israil-durzileri-koruma-bahanesiyle-sama-saldrirdi-120096706,Levant_EastMed,gdelt,Levant_EastMed
Israeli strikes kill 14 in Gaza and destroy heavy equipment needed to clear rubble,2025-04-22 17:15:00+00:00,United States,timesherald.com,https://www.timesherald.com/2025/04/22/israel-gaza-strike-heavy-equipment/,Levant_EastMed,gdelt,Levant_EastMed
Israeli strikes kill 14 in Gaza and destroy heavy equipment needed to clear rubble,2025-04-22 18:00:00+00:00,United States,saratogian.com,https://www.saratogian.com/2025/04/22/israel-gaza-strike-heavy-equipment/,Levant_EastMed,gdelt,Levant_EastMed
"İsrail , Suriyeye 5 savaş uçağıyla hava saldırıları düzenledi",2025-04-30 15:45:00+00:00,Turkey,aa.com.tr,https://www.aa.com.tr/tr/dunya/israil-suriyeye-5-savas-ucagiyla-hava-saldirilari-duzenledi/3553553,Levant_EastMed,gdelt,Levant_EastMed
Ateşkes ihlali ! Savaş uçakları Lübnana bomba yağdırıyor,2025-04-20 16:00:00+00:00,Turkey,turkiyegazetesi.com.tr,https://www.turkiyegazetesi.com.tr/dunya/ateskes-ihlali-savas-ucaklari-lubnana-bomba-yagdiriyor-1110115,Levant_EastMed,gdelt,Levant_EastMed
"Endişe verici gelişmeler ... İsrail , Suriyenin kalbine saldırdı",2025-04-30 16:15:00+00:00,Turkey,sozcu.com.tr,https://www.sozcu.com.tr/israil-den-suriye-ye-hava-saldirilari-30-nisan-2025-p168248,Levant_EastMed,gdelt,Levant_EastMed
以色列防長 ： 在加薩 、 黎巴嫩和敘利亞無限期駐軍 | 國際,2025-04-16 14:30:00+00:00,Taiwan,cna.com.tw,https://www.cna.com.tw/news/aopl/202504160373.aspx,Levant_EastMed,gdelt,Levant_EastMed
Israeli Strikes Kill 14 in Gaza and Destroy Heavy Equipment Needed to Clear Rubble,2025-04-22 17:00:00+00:00,United States,military.com,https://www.military.com/daily-news/2025/04/22/israeli-strikes-kill-14-gaza-and-destroy-heavy-equipment-needed-clear-rubble.html,Levant_EastMed,gdelt,Levant_EastMed
Israeli strikes kill 14 in Gaza and destroy heavy equipment needed to clear rubble,2025-04-22 14:30:00+00:00,United States,clickorlando.com,https://www.clickorlando.com/news/world/2025/04/22/israeli-strikes-kill-14-in-gaza-and-destroy-heavy-equipment-needed-to-clear-rubble/,Levant_EastMed,gdelt,Levant_EastMed
רן אדליסט : הסכם גרעין איראני יוריד את ישראל מהאיומים בתקיפה,2025-05-21 04:15:00+00:00,Israel,maariv.co.il,https://www.maariv.co.il/journalists/article-1198305,Levant_EastMed,gdelt,Levant_EastMed
tayyar . org - عناوين الصحف ليوم الأثنين 28 نيسان 2025,2025-04-28 04:15:00+00:00,Lebanon,tayyar.org,https://www.tayyar.org/News/Lebanon/662671/_guid=662671,Levant_EastMed,gdelt,Levant_EastMed
İsrailden Suriye açıklaması : Askerler süresiz kalacak,2025-04-17 11:30:00+00:00,Turkey,haberler.com,https://www.haberler.com/dunya/israil-savunma-bakani-askerlerimiz-suresiz-kalacak-18518031-haberi/,Levant_EastMed,gdelt,Levant_EastMed
Israeli strikes kill 14 in Gaza and destroy heavy equipment needed to clear rubble,2025-04-22 13:30:00+00:00,United States,wsls.com,https://www.wsls.com/news/world/2025/04/22/israeli-strikes-kill-14-in-gaza-and-destroy-heavy-equipment-needed-to-clear-rubble/,Levant_EastMed,gdelt,Levant_EastMed
Israel expands ground offensive in Gaza City,2025-04-04 13:30:00+00:00,United States,digitaljournal.com,https://www.digitaljournal.com/world/israel-expands-ground-offensive-in-gaza-city/article,Levant_EastMed,gdelt,Levant_EastMed
Lebanon accuses Israel of  flagrant  ceasefire violation,2025-06-06 11:45:00+00:00,Ireland,rte.ie,https://www.rte.ie/news/world/2025/0606/1517033-lebanon-beirut/,Levant_EastMed,gdelt,Levant_EastMed
İsrail bomba yağdırıyor ! Ateşkesi ihlal etti,2025-04-20 17:15:00+00:00,Turkey,yenicaggazetesi.com.tr,https://www.yenicaggazetesi.com.tr/israil-bomba-yagdiriyor-ateskesi-ihlal-etti-907352h.htm,Levant_EastMed,gdelt,Levant_EastMed
Ölümcül abluka ! Her 40 dakikada 1 çocuğu öldürüyorlar,2025-05-07 04:45:00+00:00,Turkey,sabah.com.tr,https://www.sabah.com.tr/dunya/olumcul-abluka-her-40-dakikada-1-cocugu-olduruyorlar-7347910,Levant_EastMed,gdelt,Levant_EastMed
Qatar condemns in strongest terms Israeli airstrike near Syrian Presidential palace,2025-05-02 12:15:00+00:00,Qatar,gulf-times.com,https://www.gulf-times.com/article/704016/qatar/qatar-condemns-in-strongest-terms-israeli-airstrike-near-syrian-presidential-palace,Levant_EastMed,gdelt,Levant_EastMed
كيف تتحضر إسرائيل  للحرب الشاملة  ومهاجمة إيران ؟ | سياسة,2025-04-06 15:00:00+00:00,Israel,aljazeera.net,https://www.aljazeera.net/politics/2025/4/6/%D9%83%D9%8A%D9%81-%D8%AA%D8%AA%D8%AD%D8%B6%D8%B1-%D8%A5%D8%B3%D8%B1%D8%A7%D8%A6%D9%8A%D9%84-%D9%84%D9%84%D8%AD%D8%B1%D8%A8-%D8%A7%D9%84%D8%B4%D8%A7%D9%85%D9%84%D8%A9,Levant_EastMed,gdelt,Levant_EastMed
"Israeli defense minister says troops will remain in Gaza , Lebanon and Syria indefinitely",2025-04-17 00:00:00+00:00,United States,adn.com,https://www.adn.com/nation-world/2025/04/16/israeli-defense-minister-says-troops-will-remain-in-gaza-lebanon-and-syria-indefinitely/,Levant_EastMed,gdelt,Levant_EastMed
"Israeli airstrikes pound Syrian military airbase , hit Damascus",2025-04-03 05:45:00+00:00,United States,stripes.com,https://www.stripes.com/theaters/middle_east/2025-04-02/israel-airstrikes-syria-military-base-17349413.html,Levant_EastMed,gdelt,Levant_EastMed
حتى نهاية 2025 .. هذه هي المخططات السياسية والعسكرية للاحتلال الإسرائيلي,2025-05-02 07:45:00+00:00,Egypt,shorouknews.com,https://www.shorouknews.com/news/view.aspx?cdate=02052025&id=e5c5cf18-b05c-46ed-8ee3-bf5e2cd72d41,Levant_EastMed,gdelt,Levant_EastMed
الجامعة العربية : حروب إسرائيل في غزة ولبنان وسوريا دخلت مرحلة جديدة من العربدة,2025-04-04 13:00:00+00:00,Egypt,dostor.org,https://www.dostor.org/5022440,Levant_EastMed,gdelt,Levant_EastMed
"Israeli strikes on Gaza kill 9 people , mostly women and children",2025-05-11 09:15:00+00:00,United States,durangoherald.com,https://www.durangoherald.com/articles/israeli-strikes-on-gaza-kill-9-people-mostly-women-and-children/,Levant_EastMed,gdelt,Levant_EastMed
"İsrail , Lübnana hava saldırısı düzenledi",2025-06-05 21:30:00+00:00,Turkey,birgun.net,https://www.birgun.net/haber/israil-lubnana-hava-saldirisi-duzenledi-628680%20target=_blank%20class=stretched-link,Levant_EastMed,gdelt,Levant_EastMed
"İsrail , Lübnana hava saldırısı düzenledi",2025-06-06 00:45:00+00:00,Turkey,birgun.net,https://www.birgun.net/haber/israil-lubnana-hava-saldirisi-duzenledi-628680,Levant_EastMed,gdelt,Levant_EastMed
"Israel kills Hamas commander in Lebanon , escalating tensions amid fragile ceasefire – NaturalNews . com",2025-04-04 22:30:00+00:00,United States,naturalnews.com,https://www.naturalnews.com/2025-04-04-israel-kills-hamas-commander-in-lebanon-escalating-tensions.html,Levant_EastMed,gdelt,Levant_EastMed
"İsrail Savunma Bakanı Katz :  İsrail askerleri , süresiz olarak Gazze , Lübnan ve Suriyede kalacak  ",2025-04-17 12:00:00+00:00,Turkey,birgun.net,https://www.birgun.net/haber/israil-savunma-bakani-katz-israil-askerleri-suresiz-olarak-gazze-lubnan-ve-suriye-de-kalacak-616121,Levant_EastMed,gdelt,Levant_EastMed
محلل لبناني : العرب يراهنون على الدور المصري باعتباره ضمانة ا,2025-04-05 20:00:00+00:00,Egypt,elwatannews.com,https://www.elwatannews.com/news/details/8062379,Levant_EastMed,gdelt,Levant_EastMed
"Israeli defense minister says troops will remain in Gaza , Lebanon and Syria indefinitely",2025-04-16 08:45:00+00:00,Canada,therecord.com,https://www.therecord.com/news/world/middle-east/israeli-defense-minister-says-troops-will-remain-in-gaza-lebanon-and-syria-indefinitely/article_f0edac18-4f9b-5799-969f-06231581f69f.html,Levant_EastMed,gdelt,Levant_EastMed
"Izrael ponechá své vojáky v Gaze , Libanonu a Sýrii na neurčito | Svět",2025-04-19 10:30:00+00:00,Czech Republic,lidovky.cz,https://www.lidovky.cz/svet/izrael-vojaci-gaza-libanon-syrie-hamas.A250419_115242_ln_zahranici_halu,Levant_EastMed,gdelt,Levant_EastMed
"Israeli defense minister says troops will remain in Gaza , Lebanon and Syria indefinitely",2025-04-16 08:30:00+00:00,United States,news-gazette.com,https://www.news-gazette.com/news/nation-world/israeli-defense-minister-says-troops-will-remain-in-gaza-lebanon-and-syria-indefinitely/article_2382decb-16f1-5c97-a411-6885a0da063d.html,Levant_EastMed,gdelt,Levant_EastMed
  Half of living hostages are ...: Hamas warns of  highly dangerou situation for captives amid Israel Gaza offensive – Firstpost,2025-04-04 19:30:00+00:00,India,firstpost.com,https://www.firstpost.com/world/half-of-living-israeli-hostages-are-hamas-warns-of-highly-dangerous-situation-for-captives-amid-israeli-offensive-in-gaza-13877352.html,Levant_EastMed,gdelt,Levant_EastMed
وزير الخارجية الإسرائيلي : أنقرة تسعى إلى جعل سوريا محمية تركية,2025-04-03 13:15:00+00:00,,aljazeeramubasher.net,https://www.aljazeeramubasher.net/news/politics/2025/4/3/%D9%88%D8%B2%D9%8A%D8%B1-%D8%AE%D8%A7%D8%B1%D8%AC%D9%8A%D8%A9-%D8%A5%D8%B3%D8%B1%D8%A7%D8%A6%D9%8A%D9%84-%D9%82%D9%84%D9%82%D9%88%D9%86-%D8%A8%D8%B4%D8%A3%D9%86-%D8%A7%D9%84%D8%AF%D9%88%D8%B1,Levant_EastMed,gdelt,Levant_EastMed
Israel kills Hezbollah official in deadly Beirut airstrike,2025-04-02 03:15:00+00:00,Bangladesh,bdnews24.com,https://bdnews24.com/world/middle-east/d3a84533d827,Levant_EastMed,gdelt,Levant_EastMed
"Larmée israélienne restera  indéfiniment  à Gaza , au Liban et en Syrie , selon le ministre de la Défense",2025-04-16 21:00:00+00:00,United States,fr.euronews.com,https://fr.euronews.com/2025/04/16/larmee-israelienne-restera-indefiniment-a-gaza-au-liban-et-en-syrie-selon-le-ministre-de-l,Levant_EastMed,gdelt,Levant_EastMed
Israel hits Yemen main airport in airstrike against Houthis,2025-05-07 07:00:00+00:00,Pakistan,dunyanews.tv,https://dunyanews.tv/en/World/882608-israel-hits-yemens-main-airport-in-airstrike-against-houthis,Levant_EastMed,gdelt,Levant_EastMed
Soykırımcı İsrail saldırılarıyla ABDyi Suriyede mi tutmak istiyor ? ,2025-04-08 13:00:00+00:00,Turkey,haksozhaber.net,https://www.haksozhaber.net/soykirimci-israil-saldirilariyla-abdyi-suriyede-mi-tutmak-istiyor-188957h.htm,Levant_EastMed,gdelt,Levant_EastMed
"Israel thrives on conflict , biggest threat to regional peace : Türkiye",2025-04-04 00:15:00+00:00,Turkey,dailysabah.com,https://www.dailysabah.com/politics/diplomacy/israel-thrives-on-conflict-biggest-threat-to-regional-peace-turkiye,Levant_EastMed,gdelt,Levant_EastMed
"이스라엘 , 휴전한 헤즈볼라 세번째 공습 … 미사일 저장소 , 합의 위반  ",2025-04-28 07:15:00+00:00,South Korea,hani.co.kr,https://www.hani.co.kr/arti/international/international_general/1194643.html,Levant_EastMed,gdelt,Levant_EastMed
İsrail sivil noktalara saldırıyor ! Hastaneyi roket ile vurdu,2025-04-13 09:30:00+00:00,Turkey,yenicaggazetesi.com.tr,https://www.yenicaggazetesi.com.tr/israil-sivil-noktalara-saldiriyor-hastaneyi-roket-ile-vurdu-904779h.htm,Levant_EastMed,gdelt,Levant_EastMed
"Dışişleri Bakanlığı :  İsrail , bölgemizin güvenliği için en büyük tehdit haline gelmiştir  ",2025-04-03 21:45:00+00:00,Turkey,ogunhaber.com,https://www.ogunhaber.com/genel/disisleri-bakanligi-israil-bolgemizin-guvenligi-icin-en-buyuk-tehdit-haline-gelmistir-2940335h.html,Levant_EastMed,gdelt,Levant_EastMed
Gaza ; Children among 27 killed in Israeli strike,2025-04-05 08:45:00+00:00,Afghanistan,pajhwok.com,https://pajhwok.com/2025/04/05/gaza-children-among-27-killed-in-israeli-strike/,Levant_EastMed,gdelt,Levant_EastMed
İsrailin Lübnana Hava Saldırısı,2025-05-09 11:15:00+00:00,Turkey,haberler.com,https://www.haberler.com/guncel/israil-in-lubnan-a-hava-saldirisi-18606776-haberi/,Levant_EastMed,gdelt,Levant_EastMed
Dışişleri Bakanlığı  ndan İsraile sert tepki,2025-04-03 20:15:00+00:00,Turkey,bursahakimiyet.com.tr,https://www.bursahakimiyet.com.tr/gundem/disisleri-bakanligi-ndan-israil-e-sert-tepki-1416309,Levant_EastMed,gdelt,Levant_EastMed
Israeli strikes kill 17 in Gaza and destroy heavy equipment needed to clear rubble,2025-04-22 23:30:00+00:00,United States,journalgazette.net,https://www.journalgazette.net/news/world/israeli-strikes-kill-17-in-gaza-and-destroy-heavy-equipment-needed-to-clear-rubble/article_91239eb0-4e77-5c8b-b9f0-84605a707f16.html,Levant_EastMed,gdelt,Levant_EastMed
Israel strikes Hezbollah commander behind Iranian arms transfers,2025-04-20 16:45:00+00:00,India,economictimes.indiatimes.com,https://economictimes.indiatimes.com/news/defence/israel-strikes-hezbollah-commander-behind-iranian-arms-transfers/articleshow/120459582.cms,Levant_EastMed,gdelt,Levant_EastMed
At least 35 Palestinians killed in Israeli strike on Gaza school shelter,2025-04-04 00:15:00+00:00,Turkey,dailysabah.com,https://www.dailysabah.com/world/mid-east/at-least-35-palestinians-killed-in-israeli-strike-on-gaza-school-shelter,Levant_EastMed,gdelt,Levant_EastMed
加沙战火重燃红海局势骤紧 中东动荡升级 _ 新闻频道 _ 中华网,2025-04-04 07:30:00+00:00,China,news.china.com,https://news.china.com/socialgd/10000169/20250404/48170689.html,Levant_EastMed,gdelt,Levant_EastMed
Israel strikes Hezbollah commander behind Iranian arms transfers,2025-04-20 16:15:00+00:00,India,news.webindia123.com,https://news.webindia123.com/news/Articles/World/20250420/4309220.html,Levant_EastMed,gdelt,Levant_EastMed
"Israel plans longer - term presence in Gaza , Lebanon and Syria",2025-04-16 17:00:00+00:00,United States,yahoo.com,https://www.yahoo.com/news/israel-plans-longer-term-presence-154331045.html,Levant_EastMed,gdelt,Levant_EastMed
Israel strikes Hezbollah commander behind Iranian arms transfers,2025-04-20 17:30:00+00:00,India,aninews.in,https://aninews.in/news/world/middle-east/israel-strikes-hezbollah-commander-behind-iranian-arms-transfers20250420205227/,Levant_EastMed,gdelt,Levant_EastMed
Gaza hospital damaged in Israeli strike,2025-04-13 07:15:00+00:00,Malta,timesofmalta.com,https://timesofmalta.com/article/gaza-hospital-damaged-israeli-strike.1108110,Levant_EastMed,gdelt,Levant_EastMed
İsrail Ordusundan Beyruta Hava Saldırısı : Hedef Hizbullah Tesisleri,2025-04-27 16:30:00+00:00,Turkey,haberport.com,https://www.haberport.com/gundem/israil-ordusundan-beyrut-a-hava-saldirisi-hedef-hizbullah-tesisleri-234416h,Levant_EastMed,gdelt,Levant_EastMed
Dışişlerinden Türkiyeyi hedef İsrailli bakanların açıklamasına tepki ! İsrail bölge için büyük tehdit,2025-04-03 22:15:00+00:00,Turkey,ahaber.com.tr,https://www.ahaber.com.tr/gundem/2025/04/03/disislerinden-turkiyeyi-hedef-israilli-bakanlarin-aciklamasina-tepki-israil-bolge-icin-buyuk-tehdit,Levant_EastMed,gdelt,Levant_EastMed
وزیر دفاع اسرائیل می‌گوید ارتش این کشور در غزه ، لبنان و سوریه باقی خواهد ماند,2025-04-16 13:15:00+00:00,Iran,radiofarda.com,https://www.radiofarda.com/a/israeli-defense-minister-says-troops-will-remain-in-gaza-lebanon-and-syria-indefinitely/33387272.html,Levant_EastMed,gdelt,Levant_EastMed
Gaza hospital damaged in Israeli strike,2025-04-13 07:15:00+00:00,Ireland,rte.ie,https://www.rte.ie/news/world/2025/0413/1507380-gaza-latest/,Levant_EastMed,gdelt,Levant_EastMed
İsrail ordusundan El - Ehli Baptist Hastanesine hava saldırısı ! ,2025-04-13 08:00:00+00:00,Turkey,birgun.net,https://www.birgun.net/haber/israil-ordusundan-el-ehli-baptist-hastanesi-ne-hava-saldirisi-614943,Levant_EastMed,gdelt,Levant_EastMed
İsrail ordusundan El - Ehli Baptist Hastanesine hava saldırısı ! ,2025-04-13 08:15:00+00:00,Turkey,birgun.net,https://www.birgun.net/haber/israil-ordusundan-el-ehli-baptist-hastanesi-ne-hava-saldirisi-614943%20target=_blank%20class=stretched-link,Levant_EastMed,gdelt,Levant_EastMed
İsrail yeni Şam  ı niye rahat bırakmıyor | Nilgün Tekfidan GÜMÜŞ Köşe Yazısı,2025-04-04 07:00:00+00:00,Turkey,hurriyet.com.tr,https://www.hurriyet.com.tr/yazarlar/nilgun-tekfidan-gumus/israil-yeni-sami-niye-rahat-birakmiyor-42751270,Levant_EastMed,gdelt,Levant_EastMed
Israeli strikes kill at least 17 in Gaza as ground troops enter Palestinian territory north,2025-04-04 20:45:00+00:00,United States,nydailynews.com,https://www.nydailynews.com/2025/04/04/mideast-wars-israel-hamas-gaza/,Levant_EastMed,gdelt,Levant_EastMed
Israeli strikes kill at least 17 in Gaza as ground troops enter Palestinian territory north,2025-04-04 18:30:00+00:00,United States,sandiegouniontribune.com,https://www.sandiegouniontribune.com/2025/04/04/mideast-wars-israel-hamas-gaza/,Levant_EastMed,gdelt,Levant_EastMed
جنبلاط يتحرّك .. الدروز والعروبة أولويّة,2025-05-02 10:30:00+00:00,Lebanon,lebanon24.com,https://www.lebanon24.com/news/lebanon/1354653/%d8%ac%d9%86%d8%a8%d9%84%d8%a7%d8%b7-%d9%8a%d8%aa%d8%ad%d8%b1%d9%91%d9%83-%d8%a7%d9%84%d8%af%d8%b1%d9%88%d8%b2-%d9%88%d8%a7%d9%84%d8%b9%d8%b1%d9%88%d8%a8%d8%a9-%d8%a3%d9%88%d9%84%d9%88%d9%8a%d9%91%d8%a9,Levant_EastMed,gdelt,Levant_EastMed
黎巴嫩真主党呼吁地区团结抵抗美以霸权,2025-04-04 03:45:00+00:00,China,world.qianlong.com,https://world.qianlong.com/2025/0404/8464785.shtml,Levant_EastMed,gdelt,Levant_EastMed
Dışişlerinden İsrailin Suriyeye saldırılarına sert tepki ! Vazgeçin,2025-04-04 02:15:00+00:00,Turkey,yenicaggazetesi.com.tr,https://www.yenicaggazetesi.com.tr/disislerinden-israilin-suriyeye-saldirilarina-sert-tepki-vazgecin-901971h.htm,Levant_EastMed,gdelt,Levant_EastMed
IDF : Hamas Chief Mohammad Sinwar Eliminated,2025-05-31 21:00:00+00:00,United States,legalinsurrection.com,https://legalinsurrection.com/2025/05/idf-hamas-chief-mohammad-sinwar-eliminated/,Levant_EastMed,gdelt,Levant_EastMed
"Israel expands Gaza ground offensive , hits Hamas in Lebanon",2025-04-04 18:00:00+00:00,Israel,al-monitor.com,https://www.al-monitor.com/originals/2025/04/israel-expands-gaza-ground-offensive-hits-hamas-lebanon,Levant_EastMed,gdelt,Levant_EastMed
"İsrailden Lübnana saldırı tehdidi , İrandan Beyrut saldırısına kınama - Son Dakika Dünya Haberleri",2025-06-06 09:00:00+00:00,Turkey,ntv.com.tr,"https://www.ntv.com.tr/dunya/israilden-lubnana-saldiri-tehdidi-irandan-beyrut-saldirisina-kinama,F2FnrDI1GESJhjoDTngHZA",Levant_EastMed,gdelt,Levant_EastMed
Israel hits Hezbollah leader tied to Iran arms transfers,2025-04-20 22:15:00+00:00,India,hindustantimes.com,https://www.hindustantimes.com/world-news/israel-hits-hezbollah-leader-tied-to-iran-arms-transfers-101745165484247.html,Levant_EastMed,gdelt,Levant_EastMed
Israeli strikes kill at least 17 in Gaza as ground troops enter Palestinian territory north,2025-04-04 19:45:00+00:00,United States,thetimes-tribune.com,https://www.thetimes-tribune.com/2025/04/04/mideast-wars-israel-hamas-gaza/,Levant_EastMed,gdelt,Levant_EastMed
כך חוסלו בכירי הטרור מאז 7 באוקטובר : שורת הצלחות מבצעיות של צה  ל,2025-05-22 12:45:00+00:00,Israel,inn.co.il,https://www.inn.co.il/news/669582,Levant_EastMed,gdelt,Levant_EastMed
Hizbullahtan İsrailin Saldırılarına Sert Tepki,2025-04-03 16:45:00+00:00,Turkey,haberler.com,https://www.haberler.com/guncel/hizbullah-tan-israil-in-saldirilarina-sert-tepki-18492755-haberi/,Levant_EastMed,gdelt,Levant_EastMed
"Une offensive de larmée israélienne cible le nord de Gaza ce vendredi , ce que lon sait",2025-04-04 14:00:00+00:00,France,huffingtonpost.fr,https://www.huffingtonpost.fr/international/article/une-offensive-de-l-armee-israelienne-cible-le-nord-de-gaza-ce-vendredi-ce-que-l-on-sait_248410.html,Levant_EastMed,gdelt,Levant_EastMed
Gaza hospital damaged in Israeli strike,2025-04-13 13:45:00+00:00,Syria,naharnet.com,https://www.naharnet.com:443/stories/en/312170-gaza-hospital-damaged-in-israeli-strike,Levant_EastMed,gdelt,Levant_EastMed
İsrailden Lübnana hava saldırısı : 1 ölü,2025-05-17 10:30:00+00:00,Turkey,ntv.com.tr,"https://www.ntv.com.tr/dunya/israilden-lubnana-hava-saldirisi-1-olu,wqfnoJl5WE-VhVEwrI80hw",Levant_EastMed,gdelt,Levant_EastMed
مسلسل المحامي يفضح إسرائيل .. دراما تمنح غزة الكلمة في ساحة العدالة,2025-05-28 10:45:00+00:00,Egypt,shorouknews.com,https://www.shorouknews.com/news/view.aspx?cdate=28052025&id=19a652bf-26be-42a3-a7ee-21456eb3fa08,Levant_EastMed,gdelt,Levant_EastMed
একদিনে চার দেশে ইসরাইলি হামলা,2025-05-06 15:15:00+00:00,Bangladesh,dailyjanakantha.com,https://www.dailyjanakantha.com/international/news/800500,Levant_EastMed,gdelt,Levant_EastMed
Israel actions in Syria pave way for regional instability : Fidan,2025-04-04 15:00:00+00:00,Turkey,dailysabah.com,https://www.dailysabah.com/politics/diplomacy/israels-actions-in-syria-pave-way-for-regional-instability-fidan,Levant_EastMed,gdelt,Levant_EastMed
تسليم سلاح المقاومة .. استباق سياسي لمعركة لم تنته بعد,2025-04-23 12:45:00+00:00,Lebanon,almanar.com.lb,https://www.almanar.com.lb/13398871,Levant_EastMed,gdelt,Levant_EastMed
Gaza hospital damaged in Israeli strike : civil defence,2025-04-13 07:00:00+00:00,Bangladesh,bssnews.net,https://www.bssnews.net/news-flash/262688,Levant_EastMed,gdelt,Levant_EastMed
"İsrail savaş uçakları , Lübnan  ın güneyine bir dizi hava saldırısı düzenledi",2025-04-20 16:00:00+00:00,Turkey,cnnturk.com,https://www.cnnturk.com/dunya/israil-savas-ucaklari-lubnanin-guneyine-bir-dizi-hava-saldirisi-duzenledi-2272927,Levant_EastMed,gdelt,Levant_EastMed
İsrailin Lübnana 14 Hava Saldırısı : Hizbullah Hedef Alındı,2025-05-08 11:15:00+00:00,Turkey,haberler.com,https://www.haberler.com/3-sayfa/israil-in-lubnan-a-14-hava-saldirisi-hizbullah-hedef-alindi-18604216-haberi/,Levant_EastMed,gdelt,Levant_EastMed
"Israeli troops will remain in  security zone in Gaza , Lebanon and Syria indefinitely , minister says",2025-04-17 00:30:00+00:00,United Kingdom,news.sky.com,https://news.sky.com/story/israeli-troops-will-remain-in-security-zones-in-gaza-lebanon-and-syria-indefinitely-minister-says-13350213,Levant_EastMed,gdelt,Levant_EastMed
"New York Timesa göre İsrail , Suriyedeki etkisini artırıyor – Aktifhaber",2025-05-26 22:15:00+00:00,Turkey,aktifhaber.com,https://aktifhaber.com/dunya/new-york-timesa-gore-israil-suriyedeki-etkisini-artiriyor.html,Levant_EastMed,gdelt,Levant_EastMed
"Why Israel is expanding its frontiers into Gaza , Lebanon and Syria",2025-04-17 12:45:00+00:00,Pakistan,dunyanews.tv,https://dunyanews.tv/en/World/879131-why-israel-is-expanding-its-frontiers-into-gaza-lebanon-and-syria,Levant_EastMed,gdelt,Levant_EastMed
أبو الغيط يحذر من عواقب العربدة الإسرائيلية في المنطقة,2025-04-04 13:00:00+00:00,Egypt,albawabhnews.com,https://www.albawabhnews.com/5178254,Levant_EastMed,gdelt,Levant_EastMed
أبو الغيط يحذر من عواقب العربدة الإسرائيلية في المنطقة,2025-04-04 12:00:00+00:00,Egypt,shorouknews.com,https://www.shorouknews.com/news/view.aspx?cdate=04042025&id=bf924022-a120-4b0c-88ca-917104a428b8,Levant_EastMed,gdelt,Levant_EastMed
Dışişlerinden Türkiyeyi hedef alan İsrailli bakanlara tepki,2025-04-03 20:00:00+00:00,Turkey,haberler.com,https://www.haberler.com/dunya/disisleri-nden-turkiye-yi-hedef-alan-israilli-18493028-haberi/,Levant_EastMed,gdelt,Levant_EastMed
Israel expands ground offensive in Gaza,2025-04-04 08:45:00+00:00,United States,yahoo.com,https://www.yahoo.com/news/israel-expands-ground-offensive-gaza-081216793.html,Levant_EastMed,gdelt,Levant_EastMed
Israel expands ground offensive in Gaza,2025-04-04 12:00:00+00:00,South Africa,ewn.co.za,https://www.ewn.co.za/2025/04/04/israel-expands-ground-offensive-in-gaza,Levant_EastMed,gdelt,Levant_EastMed
"Le sud et lest du Liban bombardés par Israël , la bande de Gaza toujours pilonnée et sans vivres",2025-05-23 04:00:00+00:00,France,lemonde.fr,https://www.lemonde.fr/international/article/2025/05/23/le-sud-et-l-est-du-liban-bombardes-par-israel-la-bande-de-gaza-toujours-pilonnee-et-sans-vivres_6607846_3210.html,Levant_EastMed,gdelt,Levant_EastMed
Türkiyeden İsrailin Suriyeye yaptığı saldırılara tepki,2025-04-03 20:00:00+00:00,Turkey,aa.com.tr,https://www.aa.com.tr/tr/gundem/turkiyeden-israilin-suriyeye-yaptigi-saldirilara-tepki/3527707,Levant_EastMed,gdelt,Levant_EastMed
İsrailden Suriyeye hava saldırısı ! ,2025-04-02 19:45:00+00:00,Turkey,turkiyegazetesi.com.tr,https://www.turkiyegazetesi.com.tr/dunya/israilden-suriyeye-hava-saldirisi-1106082,Levant_EastMed,gdelt,Levant_EastMed
"Israel says it will keep troops in Gaza , Lebanon and Syria indefinitely . What does that mean ? ",2025-04-16 17:00:00+00:00,India,hindustantimes.com,https://www.hindustantimes.com/world-news/israel-says-it-will-keep-troops-in-gaza-lebanon-and-syria-indefinitely-what-does-that-mean-101744821319535.html,Levant_EastMed,gdelt,Levant_EastMed
"Israel strikes building in southern Beirut , killing at least 3 people",2025-04-02 00:15:00+00:00,United States,pressdemocrat.com,https://www.pressdemocrat.com/article/news/israel-strikes-building-in-southern-beirut-killing-at-least-3-people/,Levant_EastMed,gdelt,Levant_EastMed
"Israeli defense minister says troops will remain in Gaza , Lebanon and Syria indefinitely | iNFOnews",2025-04-16 13:00:00+00:00,Canada,infotel.ca,https://infotel.ca/newsitem/ml-mideast-wars/cp1779810487,Levant_EastMed,gdelt,Levant_EastMed
"Dışişleri Bakanlığı :  İsrailin açıklamaları , saldırgan ve yayılmacı politikalarını yansıtıyor  ",2025-04-04 07:30:00+00:00,Turkey,sozcu.com.tr,https://www.sozcu.com.tr/disisleri-bakanligi-israil-in-aciklamalari-saldirgan-ve-yayilmaci-politikalarini-yansitiyor-p158522,Levant_EastMed,gdelt,Levant_EastMed
İsrail Ordusunun Gazzeye Düzenlediği Saldırılarda 29 Kişi Hayatını Kaybetti,2025-04-20 11:00:00+00:00,Turkey,haberler.com,https://www.haberler.com/guncel/israil-ordusunun-gazze-ye-duzenledigi-saldirilarda-29-kisi-hayatini-kaybetti-18529611-haberi/,Levant_EastMed,gdelt,Levant_EastMed
"Husiler , İsrailin Saldırılarına Rağmen Gazzeye Desteği Sürdüreceğini Vurguladı",2025-05-28 20:45:00+00:00,Turkey,haberler.com,https://www.haberler.com/guncel/husiler-israil-in-saldirilarina-ragmen-gazze-ye-destegi-surdurecegini-vurguladi-18682361-haberi/,Levant_EastMed,gdelt,Levant_EastMed
نتنياهو يحذر : لن نقبل بقيام أي خلافة على شاطئ المتوسط والرد سيكون قاسيا – تلفزيون الفجر,2025-04-21 23:15:00+00:00,Israel,alfajertv.com,https://alfajertv.com/news/worldnews/680138.html,Levant_EastMed,gdelt,Levant_EastMed
"Israeli defense minister says troops will remain in Gaza , Lebanon and Syria indefinitely | News , Sports , Jobs",2025-04-16 23:00:00+00:00,United States,heraldextra.com,https://www.heraldextra.com/top-headlines/2025/apr/16/israeli-defense-minister-says-troops-will-remain-in-gaza-lebanon-and-syria-indefinitely/,Levant_EastMed,gdelt,Levant_EastMed
Israeli strikes kill at least 17 in Gaza as ground troops enter Palestinian territory north,2025-04-04 15:30:00+00:00,United States,latimes.com,https://www.latimes.com/world-nation/story/2025-04-04/israeli-strikes-kill-at-least-17-in-gaza-as-ground-troops-enter-palestinian-territorys-north,Levant_EastMed,gdelt,Levant_EastMed
  كان ينبغي للزي الأحمر الذي يرتديه موظفو الإسعاف بغزة أن يحميهم بدلاً من أن يصبح كفناً لهم  ,2025-04-06 14:15:00+00:00,Libya,alwasat.ly,https://alwasat.ly/news/bbc/c4grxzkppygo,Levant_EastMed,gdelt,Levant_EastMed
הפרשן הערבי מהלל את ישראל ונתניהו : יש מזרח תיכון חדש,2025-06-14 10:15:00+00:00,Israel,maariv.co.il,https://www.maariv.co.il/news/world/article-1205345,Levant_EastMed,gdelt,Levant_EastMed
Israeli strikes kill at least 17 in Gaza as ground troops enter Palestinian territory north,2025-04-04 20:15:00+00:00,United States,stripes.com,https://www.stripes.com/theaters/middle_east/2025-04-04/israeli-air-strikes-north-gaza-campaign-17366426.html,Levant_EastMed,gdelt,Levant_EastMed
İsrailin Şama Hava Saldırısı : Kasiyun Dağı  ndan Yükselen Dumanlar,2025-05-03 09:30:00+00:00,Turkey,haberler.com,https://www.haberler.com/guncel/israil-in-sam-a-hava-saldirisi-kasiyun-dagi-ndan-yukselen-dumanlar-18583456-haberi/,Levant_EastMed,gdelt,Levant_EastMed
"İsrail Ordusu , Lübnandaki Hizbullaha Hava Saldırısı Düzenledi",2025-04-08 23:15:00+00:00,Turkey,haberler.com,https://www.haberler.com/guncel/israil-ordusu-lubnan-daki-hizbullah-a-hava-saldirisi-duzenledi-18499491-haberi/,Levant_EastMed,gdelt,Levant_EastMed
Israeli Strikes Kill at Least 17 in Gaza as Ground Troops Enter Palestinian Territory North,2025-04-04 17:15:00+00:00,Syria,english.aawsat.com,https://english.aawsat.com/arab-world/5128764-israeli-strikes-kill-least-17-gaza-ground-troops-enter-palestinian-territory%E2%80%99s,Levant_EastMed,gdelt,Levant_EastMed
Israel says it intends to permanently occupy Gaza and parts of Lebanon and Syria,2025-04-16 21:00:00+00:00,United Kingdom,morningstaronline.co.uk,https://morningstaronline.co.uk/article/israel-says-it-intends-to-permanently-occupy-gaza-and-parts-of-lebanon-and-syria,Levant_EastMed,gdelt,Levant_EastMed
Türkiyeden İsrailin Suriyeye yaptığı saldırılara tepki,2025-04-04 09:00:00+00:00,Turkey,haksozhaber.net,https://www.haksozhaber.net/turkiyeden-israilin-suriyeye-yaptigi-saldirilara-tepki-188830h.htm,Levant_EastMed,gdelt,Levant_EastMed
İsrail Savaş Uçakları Suriyeyi Vurdu,2025-05-03 17:30:00+00:00,Turkey,haberler.com,https://www.haberler.com/guncel/israil-savas-ucaklari-suriye-yi-vurdu-18585558-haberi/,Levant_EastMed,gdelt,Levant_EastMed
Dışişleri Bakanlığı  ndan Türkiyeyi hedef alan İsrailli bakanlara sert tepki : Provokatif beyanları saldırgan ve yayılmacı politikalarını yansıtmaktadır,2025-04-03 20:15:00+00:00,Turkey,takvim.com.tr,https://www.takvim.com.tr/guncel/2025/04/03/disisleri-bakanligindan-turkiyeyi-hedef-alan-israilli-bakanlara-sert-tepki-provokatif-beyanlari-saldirgan-ve-yayilmaci-politikalarini-yansitmaktadir,Levant_EastMed,gdelt,Levant_EastMed
"Israeli defense minister says troops will remain in Gaza , Lebanon and Syria indefinitely",2025-04-17 04:45:00+00:00,Brunei,borneobulletin.com.bn,https://borneobulletin.com.bn/israeli-defense-minister-says-troops-will-remain-in-gaza-lebanon-and-syria-indefinitely/,Levant_EastMed,gdelt,Levant_EastMed
Dışişleri Bakanlığı  ndan İsrailli bakanlara tepki,2025-04-03 21:45:00+00:00,Turkey,dha.com.tr,https://www.dha.com.tr/politika/disisleri-bakanligindan-israilli-bakanlara-tepki-2612585,Levant_EastMed,gdelt,Levant_EastMed
伊朗谴责以色列袭击也门经济和民用基础设施,2025-05-07 01:15:00+00:00,China,world.qianlong.com,https://world.qianlong.com/2025/0507/8482231.shtml,Levant_EastMed,gdelt,Levant_EastMed
Fransadan İsraile Gazze İçin İnsani Yardım Çağrısı,2025-04-29 17:15:00+00:00,Turkey,haberler.com,https://www.haberler.com/guncel/fransa-dan-israil-e-gazze-icin-insani-yardim-cagrisi-18569036-haberi/,Levant_EastMed,gdelt,Levant_EastMed
Israeli strikes kill at least 17 in Gaza as ground troops enter Palestinian territory north – Winnipeg Free Press,2025-04-04 14:15:00+00:00,Canada,winnipegfreepress.com,https://www.winnipegfreepress.com/arts-and-life/life/faith/2025/04/04/israeli-strikes-kill-at-least-17-in-gaza-as-ground-troops-enter-palestinian-territorys-north,Levant_EastMed,gdelt,Levant_EastMed
"İsrail , Lübnan  ın güneyine bir dizi hava saldırısı düzenledi",2025-04-20 17:30:00+00:00,Turkey,bursahakimiyet.com.tr,https://www.bursahakimiyet.com.tr/dunya/israil-lubnan-in-guneyine-bir-dizi-hava-saldirisi-duzenledi-1424896,Levant_EastMed,gdelt,Levant_EastMed
Israeli strikes kill at least 17 in Gaza,2025-04-04 18:30:00+00:00,United States,timesleader.com,https://www.timesleader.com/news/1691198/israeli-strikes-kill-at-least-17-in-gaza,Levant_EastMed,gdelt,Levant_EastMed
בלבנון מודים : אף אחד לא יכול לעצור את ההגמוניה של ישראל במזה  ת,2025-04-05 08:45:00+00:00,Israel,maariv.co.il,https://www.maariv.co.il/news/world/article-1185892,Levant_EastMed,gdelt,Levant_EastMed
"As Israel plans Gaza  conquest , how strong is its army ? ",2025-05-06 12:30:00+00:00,Israel,al-monitor.com,https://www.al-monitor.com/originals/2025/05/israel-plans-gaza-conquest-how-strong-its-army,Levant_EastMed,gdelt,Levant_EastMed
Israeli strikes kill at least 17 in Gaza as ground troops enter Palestinian territory north,2025-04-04 22:15:00+00:00,United States,smdailyjournal.com,https://www.smdailyjournal.com/business/israeli-strikes-kill-at-least-17-in-gaza-as-ground-troops-enter-palestinian-territorys-north/article_94d4d18e-fcd2-4685-9ec5-0241662be87b.html,Levant_EastMed,gdelt,Levant_EastMed
"Türkiyeden , İsraile sert tepki :  Başka bir izahı bulunmuyor  ",2025-04-03 20:30:00+00:00,Turkey,haber.mynet.com,https://haber.mynet.com/turkiye-den-israil-e-sert-tepki-baska-bir-izahi-bulunmuyor-110107202908,Levant_EastMed,gdelt,Levant_EastMed
Türkiyeden İsraile sert tepki !  Bölge güvenliği için en büyük tehdit ! ,2025-04-04 00:15:00+00:00,Turkey,haber.mynet.com,https://haber.mynet.com/turkiye-den-israil-e-sert-tepki-bolge-guvenligi-icin-en-buyuk-tehdit-110107202913,Levant_EastMed,gdelt,Levant_EastMed
"İsrail , Suriyeye hava saldırısı - Manşet Haber",2025-04-03 20:30:00+00:00,Turkey,mansethaber.com,https://mansethaber.com/israil-suriyeye-hava-saldirisi/,Levant_EastMed,gdelt,Levant_EastMed
在加薩 、 黎巴嫩和敘利亞建立安全區 以色列防長 ： 以軍將無限期駐紮 - 國際,2025-04-17 04:00:00+00:00,Taiwan,news.ltn.com.tw,https://news.ltn.com.tw/news/world/breakingnews/5014657,Levant_EastMed,gdelt,Levant_EastMed
"Guerre au Proche - Orient  : larmée israélienne  n  évacuera pas les zones nettoyées et occupées  après le conflit , alerte le ministre de la Défense",2025-04-16 12:15:00+00:00,France,lindependant.fr,https://www.lindependant.fr/2025/04/16/guerre-au-proche-orient-larmee-israelienne-nevacuera-pas-les-zones-nettoyees-et-occupees-apres-le-conflit-alerte-le-ministre-de-la-defense-12640558.php,Levant_EastMed,gdelt,Levant_EastMed
"Palestinian Journalist , Subject of Cannes - Bound Docu Killed in Gaza",2025-04-17 14:00:00+00:00,United States,hollywoodreporter.com,https://www.hollywoodreporter.com/movies/movie-news/palestinian-journalist-subject-cannes-doc-killed-gaza-1236193771/,Levant_EastMed,gdelt,Levant_EastMed
Gerilim yükseliyor ! İsrail Suriyeye saldırdı : Can kaybı var ! - Son Dakika Dünya Haberleri,2025-05-30 21:45:00+00:00,Turkey,cnnturk.com,https://www.cnnturk.com/dunya/gerilim-yukseliyor-israil-suriyeye-saldirdi-can-kaybi-var-2292174,Levant_EastMed,gdelt,Levant_EastMed
Israel Expands Ground Offensive In Gaza,2025-04-04 09:45:00+00:00,United States,ibtimes.com,https://www.ibtimes.com/israel-expands-ground-offensive-gaza-3768822,Levant_EastMed,gdelt,Levant_EastMed
"Israeli troops expand  security zone  in northern Gaza , take control of more territory",2025-04-04 15:30:00+00:00,Canada,cbc.ca,https://www.cbc.ca/news/world/israel-gaza-security-zone-troops-1.7501986,Levant_EastMed,gdelt,Levant_EastMed
محللون إسرائيليون : الواقع الإقليمي انقلب على  إسرائيل  في غير صالحها – موقع قناة المنار – لبنان,2025-04-20 14:30:00+00:00,Lebanon,almanar.com.lb,https://www.almanar.com.lb/13388388,Levant_EastMed,gdelt,Levant_EastMed
以軍不演了 ! 要建安全緩衝區 公開宣佈 「 無限期 」 佔領 「 這3國 」 領土 …… | 國際,2025-04-17 05:00:00+00:00,Taiwan,newtalk.tw,https://newtalk.tw/news/view/2025-04-17/965912,Levant_EastMed,gdelt,Levant_EastMed
Almenys dos morts en el segon atac mortal dIsrael aquest dilluns al Líban | J . G | Barcelona | Política,2025-04-08 02:30:00+00:00,Spain,eleccions.elpuntavui.cat,https://eleccions.elpuntavui.cat/politica/article/17-politica/2526205-almenys-dos-morts-en-el-segon-atac-mortal-d-israel-aquest-dilluns-contra-el-liban.html,Levant_EastMed,gdelt,Levant_EastMed
Netanyahu Vows to  Destroy Hamas in Gaza  as Terrorist Group Rejects Latest Ceasefire Offer,2025-04-20 18:15:00+00:00,United States,legalinsurrection.com,https://legalinsurrection.com/2025/04/netanyahu-vows-to-destroy-hamas-in-gaza-as-terrorist-group-rejects-latest-ceasefire-offer/,Levant_EastMed,gdelt,Levant_EastMed
Hungary announces withdrawal from International Criminal Court,2025-04-03 12:00:00+00:00,United Kingdom,euractiv.com,https://www.euractiv.com/section/politics/news/hungary-announces-withdrawal-from-international-criminal-court/,Levant_EastMed,gdelt,Levant_EastMed
Israel expands ground offensive in Gaza City,2025-04-04 13:00:00+00:00,United States,bransontrilakesnews.com,https://www.bransontrilakesnews.com/news/national/article_78765d8c-c6cd-55d3-a147-6529ac12b75e.html,Levant_EastMed,gdelt,Levant_EastMed
Israel expands ground offensive in Gaza City,2025-04-04 21:15:00+00:00,United States,independentnews.com,https://www.independentnews.com/news/national/israel-expands-ground-offensive-in-gaza-city/article_143635f5-1d6a-5d16-bc41-f831e26ed840.html,Levant_EastMed,gdelt,Levant_EastMed
"Tensions au Moyen - Orient - Liban : deux blessés dont un soldat dans une frappe israélienne , selon larmée",2025-05-18 13:45:00+00:00,Belgium,dhnet.be,https://www.dhnet.be/dernieres-depeches/2025/05/18/tensions-au-moyen-orient-liban-deux-blesses-dont-un-soldat-dans-une-frappe-israelienne-selon-larmee-BD3IY4VOVNGT3LMMFDZHDWTX7A/,Levant_EastMed,gdelt,Levant_EastMed
"Big boost for Israel amid ongoing Gaza conflict with Hamas , its two neighbours may join Abraham Accords , they are …, how will it … ",2025-05-24 10:15:00+00:00,India,india.com,https://www.india.com/news/world/big-boost-for-israel-amid-ongoing-gaza-conflict-with-hamas-its-two-neighbours-may-join-abraham-accords-they-are-how-will-it-tel-aviv-united-states-syria-lebanon-saudi-arabia-druze-alawites-7839425/,Levant_EastMed,gdelt,Levant_EastMed
"İsrail Ordusu , Beyrutta Hedef Alana Hava Saldırısı Düzenledi",2025-04-27 16:00:00+00:00,Turkey,haberler.com,https://www.haberler.com/guncel/israil-ordusu-beyrut-ta-hedef-alana-hava-saldirisi-duzenledi-18559890-haberi/,Levant_EastMed,gdelt,Levant_EastMed
中东突发 ！ 以色列袭击叙利亚总统府附近目标,2025-05-02 20:00:00+00:00,China,stcn.com,http://www.stcn.com/article/detail/1764832.html,Levant_EastMed,gdelt,Levant_EastMed
"Izrael ponechá své vojáky v Gaze , Libanonu a Sýrii na neurčito",2025-04-19 13:30:00+00:00,Czech Republic,e15.cz,https://www.e15.cz/zahranicni/izrael-ponecha-sve-vojaky-v-gaze-libanonu-a-syrii-na-neurcito-1424004,Levant_EastMed,gdelt,Levant_EastMed
Esedi ve silahlarını hiçbir zaman umursamayan İsrail özgür Suriyeden korkuyor,2025-04-05 13:45:00+00:00,Turkey,haksozhaber.net,https://www.haksozhaber.net/esedi-ve-silahlarini-hicbir-zaman-umursamayan-israil-ozgur-suriyeden-korkuyor-188867h.htm,Levant_EastMed,gdelt,Levant_EastMed
İsrailin Lübnana Hava Saldırıları ve G Hareketliliği,2025-06-05 23:45:00+00:00,Turkey,haberler.com,https://www.haberler.com/guncel/israil-in-lubnan-a-hava-saldirilari-ve-goc-hareketliligi-18716680-haberi/,Levant_EastMed,gdelt,Levant_EastMed
Israel hits Yemen main airport in airstrike against Houthis,2025-05-07 02:30:00+00:00,India,economictimes.indiatimes.com,https://economictimes.indiatimes.com/news/defence/israel-hits-yemens-main-airport-in-airstrike-against-houthis/articleshow/120948240.cms,Levant_EastMed,gdelt,Levant_EastMed
Israel strikes Yemen main airport,2025-05-07 04:30:00+00:00,Bangladesh,bdnews24.com,https://bdnews24.com/world/middle-east/6ace740df4ca,Levant_EastMed,gdelt,Levant_EastMed
Israeli strikes on Gaza overnight leaves more than 50 Palestinians dead,2025-04-03 11:00:00+00:00,United States,durangoherald.com,https://www.durangoherald.com/articles/israeli-strikes-on-gaza-overnight-leaves-more-than-50-palestinians-dead/,Levant_EastMed,gdelt,Levant_EastMed
Israeli strikes kill at least 17 in Gaza as ground troops enter Palestinian territory north,2025-04-05 10:30:00+00:00,Syria,naharnet.com,https://www.naharnet.com/stories/en/312008-israeli-strikes-kill-at-least-17-in-gaza-as-ground-troops-enter-palestinian-territory-s-north,Levant_EastMed,gdelt,Levant_EastMed
Israeli strikes kill at least 17 in Gaza as ground troops enter Palestinian territory north,2025-04-05 09:15:00+00:00,Syria,naharnet.com,https://www.naharnet.com:443/stories/en/312008-israeli-strikes-kill-at-least-17-in-gaza-as-ground-troops-enter-palestinian-territory-s-north,Levant_EastMed,gdelt,Levant_EastMed
كاتس : الانتصار الكامل هو الهدف الأساسي للحرب - بوابة الشروق,2025-04-30 09:15:00+00:00,Egypt,shorouknews.com,https://www.shorouknews.com/news/view.aspx?cdate=30042025&id=411e9e65-ba3e-440b-bb0a-8ee3169f6d3a,Levant_EastMed,gdelt,Levant_EastMed
"İsrail savaş uçakları , Lübnan  ın güneyine bir dizi hava saldırısı düzenledi",2025-04-20 15:00:00+00:00,Turkey,aa.com.tr,https://www.aa.com.tr/tr/dunya/israil-savas-ucaklari-lubnanin-guneyine-bir-dizi-hava-saldirisi-duzenledi/3543748,Levant_EastMed,gdelt,Levant_EastMed
Israeli strikes kill 17 in Gaza and destroy heavy equipment used to clear rubble,2025-04-22 16:15:00+00:00,United Kingdom,edp24.co.uk,https://www.edp24.co.uk/news/national/25106381.israeli-strikes-kill-17-gaza-destroy-heavy-equipment-used-clear-rubble/,Levant_EastMed,gdelt,Levant_EastMed
"Israel says it will keep troops in Gaza , Lebanon and Syria indefinitely . What does that mean ? ",2025-04-16 19:00:00+00:00,United States,ksat.com,https://www.ksat.com/news/world/2025/04/16/israel-says-it-will-keep-troops-in-gaza-lebanon-and-syria-indefinitely-what-does-that-mean/,Levant_EastMed,gdelt,Levant_EastMed
"Israel Syria Lebanon Abraham Accords , गाजा युद्ध के बीच इजरायल को बड़ी सफलता , अब्राहम समझौते में शामिल हो सकते हैं दो पड़ोसी देश , दोनों से लड़ चुका है भीषण जंग - syria and lebanon may join abraham accords soon to normalize relations with israel am...",2025-05-24 08:15:00+00:00,India,navbharattimes.indiatimes.com,https://navbharattimes.indiatimes.com/world/uae/syria-and-lebanon-may-join-abraham-accords-soon-to-normalize-relations-with-israel-amid-gaza-war/articleshow/121377011.cms,Levant_EastMed,gdelt,Levant_EastMed
"İsrail , Suriyede Şam ve Hamaya hava saldırıları düzenledi",2025-04-02 21:45:00+00:00,Turkey,t24.com.tr,"https://t24.com.tr/haber/israil-suriye-de-sam-ve-hama-ya-hava-saldirilari-duzenledi,1230079",Levant_EastMed,gdelt,Levant_EastMed
İsrail ordusu Şamda başkanlık sarayının yakınını bombaladı – DW – 02 . 05 . 2025,2025-05-02 09:30:00+00:00,Germany,dw.com,https://www.dw.com/tr/i%CC%87srail-ordusu-%C5%9Famda-ba%C5%9Fkanl%C4%B1k-saray%C4%B1n%C4%B1n-yak%C4%B1n%C4%B1n%C4%B1-bombalad%C4%B1/a-72412318,Levant_EastMed,gdelt,Levant_EastMed
İsrailden Suriyeye hava saldırıları,2025-04-03 06:15:00+00:00,Turkey,internethaber.com,https://www.internethaber.com/israilden-suriyeye-hava-saldirilari-2394494h.htm,Levant_EastMed,gdelt,Levant_EastMed
İsrailden Lübnana Hava Saldırısı,2025-06-05 21:00:00+00:00,Turkey,haberler.com,https://www.haberler.com/guncel/israil-den-lubnan-a-hava-saldirisi-18716506-haberi/,Levant_EastMed,gdelt,Levant_EastMed
Bande de Gaza | Au moins 40 morts dans des bombardements israéliens sur des tentes,2025-04-17 12:45:00+00:00,Canada,lapresse.ca,https://www.lapresse.ca/international/moyen-orient/2025-04-17/bande-de-gaza/au-moins-40-morts-dans-des-bombardements-israeliens-sur-des-tentes.php,Levant_EastMed,gdelt,Levant_EastMed
"Israel says it will keep troops in Gaza , Lebanon and Syria indefinitely . What does that mean ? ",2025-04-16 19:30:00+00:00,United States,news4jax.com,https://www.news4jax.com/news/world/2025/04/16/israel-says-it-will-keep-troops-in-gaza-lebanon-and-syria-indefinitely-what-does-that-mean/,Levant_EastMed,gdelt,Levant_EastMed
Israeli strikes kill 17 in Gaza and destroy heavy equipment used to clear rubble,2025-04-22 17:15:00+00:00,United Kingdom,thetelegraphandargus.co.uk,https://www.thetelegraphandargus.co.uk/news/national/25106381.israeli-strikes-kill-17-gaza-destroy-heavy-equipment-used-clear-rubble/,Levant_EastMed,gdelt,Levant_EastMed
"As Israel plans Gaza  conquest , how strong is its army ? ",2025-05-06 11:45:00+00:00,United States,yahoo.com,https://www.yahoo.com/news/israel-plans-gaza-conquest-strong-110909140.html,Levant_EastMed,gdelt,Levant_EastMed
Israeli strikes kill 17 in Gaza and destroy heavy equipment used to clear rubble,2025-04-22 17:00:00+00:00,United Kingdom,echo-news.co.uk,https://www.echo-news.co.uk/news/national/25106381.israeli-strikes-kill-17-gaza-destroy-heavy-equipment-used-clear-rubble/,Levant_EastMed,gdelt,Levant_EastMed
Israeli strikes kill 17 in Gaza and destroy heavy equipment used to clear rubble,2025-04-22 16:15:00+00:00,United Kingdom,salisburyjournal.co.uk,https://www.salisburyjournal.co.uk/news/national/25106381.israeli-strikes-kill-17-gaza-destroy-heavy-equipment-used-clear-rubble/,Levant_EastMed,gdelt,Levant_EastMed
כ - 10 רקטות שוגרו מהרצועה לאזור אשדוד והשפלה ; פצועים קל באשקלון,2025-04-07 02:00:00+00:00,Israel,haaretz.co.il,https://www.haaretz.co.il/news/politics/war-2023/2025-04-07/ty-article-live/00000196-0cf4-d24c-a196-5cfd7e720000,Levant_EastMed,gdelt,Levant_EastMed
Israeli strikes kill 17 in Gaza and destroy heavy equipment used to clear rubble,2025-04-22 17:15:00+00:00,United Kingdom,eadt.co.uk,https://www.eadt.co.uk/news/national/25106381.israeli-strikes-kill-17-gaza-destroy-heavy-equipment-used-clear-rubble/,Levant_EastMed,gdelt,Levant_EastMed
Dışişlerinden Türkiyeyi hedef alan İsrailli bakanlara tepki,2025-04-03 20:30:00+00:00,Turkey,konhaber.com,https://www.konhaber.com/guncel/disisleri_nden_turkiye_yi_hedef_alan_israilli_bakanlara_tepki-1964474h,Levant_EastMed,gdelt,Levant_EastMed
"Israeli defence minister says troops will remain in Gaza , Lebanon , Syria indefinitely",2025-04-16 09:15:00+00:00,India,indianexpress.com,https://indianexpress.com/article/world/israeli-defence-minister-gaza-lebanon-syria-9947342/,Levant_EastMed,gdelt,Levant_EastMed
"Israel says it will keep troops in Gaza , Lebanon and Syria indefinitely . What does that mean ? ",2025-04-16 21:45:00+00:00,United States,channel3000.com,https://www.channel3000.com/news/national-and-world-news/israel-conflict/israel-says-it-will-keep-troops-in-gaza-lebanon-and-syria-indefinitely-what-does-that/article_fad2a81a-0203-553f-bc4b-f1cf9d52ed1a.html,Levant_EastMed,gdelt,Levant_EastMed
الصين تدعو إسرائيل للتخلي عن  وهم تحقيق النصر بالقوة  في غزة,2025-04-30 11:45:00+00:00,Israel,zamnpress.com,http://zamnpress.com/news/139019,Levant_EastMed,gdelt,Levant_EastMed
Το Ισραήλ βομβαρδίζει τη δυτική Συρία - Τουλάχιστον ένας πολίτης νεκρός,2025-05-30 23:30:00+00:00,Greece,in.gr,https://www.in.gr/2025/05/31/world/israil-vomvardizei-ti-dytiki-syria-toulaxiston-enas-politis-nekros/,Levant_EastMed,gdelt,Levant_EastMed
"Katil israil , Gazzedeki El - Ehli Baptist Hastanesine hava saldırısı düzenledi",2025-04-13 07:30:00+00:00,Turkey,risalehaber.com,https://www.risalehaber.com/katil-israil-gazzedeki-el-ehli-baptist-hastanesine-hava-saldirisi-duzenledi-445454h.htm,Levant_EastMed,gdelt,Levant_EastMed
美国与胡塞武装停火 以色列与伊朗互放狠话,2025-05-09 08:30:00+00:00,China,world.qianlong.com,https://world.qianlong.com/2025/0509/8483886.shtml,Levant_EastMed,gdelt,Levant_EastMed
"Despite Israel Escalations in Gaza and Syria , the Abraham Accords Are Alive and Well",2025-05-15 18:00:00+00:00,United States,foreignpolicy.com,https://foreignpolicy.com/2025/05/15/somehow-the-abraham-accords-are-alive-and-well/?tpcc=recirc_trending062921,Levant_EastMed,gdelt,Levant_EastMed
"Israel says it will keep troops in Gaza , Lebanon and Syria indefinitely . What does that mean ? | iNFOnews",2025-04-16 17:00:00+00:00,Canada,infotel.ca,https://infotel.ca/newsitem/ml-mideast-wars-israeli-expansion-explainer/cp1080941563,Levant_EastMed,gdelt,Levant_EastMed
Un printemps politique sous haute tension à Beyrouth,2025-04-24 06:15:00+00:00,France,mondafrique.com,https://mondafrique.com/moyen-orient/gaza-beyrouth-teheran-les-bombes-a-fragmentation-du-printemps-2025/,Levant_EastMed,gdelt,Levant_EastMed
The Illegal Attack on Iran,2025-06-13 16:30:00+00:00,United States,counterpunch.org,https://www.counterpunch.org/2025/06/13/the-illegal-attack-on-iran/,Levant_EastMed,gdelt,Levant_EastMed
Israeli strikes kill 17 in Gaza and destroy heavy equipment used to clear rubble,2025-04-22 16:15:00+00:00,United Kingdom,theboltonnews.co.uk,https://www.theboltonnews.co.uk/news/national/25106381.israeli-strikes-kill-17-gaza-destroy-heavy-equipment-used-clear-rubble/,Levant_EastMed,gdelt,Levant_EastMed
İsrail ordusu Lübnandaki Hizbullaha ait silah deposuna hava saldırısı düzenlendiğini açıkladı,2025-04-09 00:00:00+00:00,Turkey,trthaber.com,https://www.trthaber.com/haber/dunya/israil-ordusu-lubnandaki-hizbullaha-ait-silah-deposuna-hava-saldirisi-duzenlendigini-acikladi-903357.html,Levant_EastMed,gdelt,Levant_EastMed
Israël a reçu plus de 90 . 000 tonnes de matériel militaire depuis le début du conflit à Gaza - Xinhua,2025-05-28 01:30:00+00:00,China,french.xinhuanet.com,http://french.xinhuanet.com/20250528/7f7067f9f64642c7a992b1a5ea729825/c.html,Levant_EastMed,gdelt,Levant_EastMed
"Israel says it will keep troops in Gaza , Lebanon and Syria indefinitely . What does that mean ? ",2025-04-16 17:45:00+00:00,India,economictimes.indiatimes.com,https://economictimes.indiatimes.com/news/defence/israel-says-it-will-keep-troops-in-gaza-lebanon-and-syria-indefinitely-what-does-that-mean/articleshow/120353476.cms,Levant_EastMed,gdelt,Levant_EastMed
"صحيفة الشرق الأوسط - Israel Says It Will Keep Troops in Gaza , Lebanon and Syria Indefinitely . What Does that Mean ? ",2025-04-17 07:45:00+00:00,Syria,english.aawsat.com,https://english.aawsat.com/features/5133338-israel-says-it-will-keep-troops-gaza-lebanon-and-syria-indefinitely-what-does-mean,Levant_EastMed,gdelt,Levant_EastMed
خبير عسكري يحذر : نحن أمام مشروع إسرائيلي وحشي لتغيير خريطة الشرق الأوسط,2025-04-05 17:30:00+00:00,Egypt,albawabhnews.com,https://www.albawabhnews.com/5178838,Levant_EastMed,gdelt,Levant_EastMed
İsrail Baptist Hastanesini küle çevirdi ! Katliamın bilançosu büyüyor,2025-04-13 09:15:00+00:00,Turkey,turkiyegazetesi.com.tr,https://www.turkiyegazetesi.com.tr/dunya/israil-baptist-hastanesini-kule-cevirdi-katliamin-bilancosu-buyuyor-1108502,Levant_EastMed,gdelt,Levant_EastMed
Gazzede katledilen Filistinlilerin sayısı 53 bin 573  e yükseldi,2025-05-20 17:00:00+00:00,Turkey,evrensel.net,https://www.evrensel.net/haber/554405/gazzede-katledilen-filistinlilerin-sayisi-53-bin-573e-yukseldi,Levant_EastMed,gdelt,Levant_EastMed
"Israel says it will keep troops in Gaza , Lebanon and Syria indefinitely",2025-04-17 00:00:00+00:00,Japan,japantoday.com,https://japantoday.com/category/world/israel-says-it-will-keep-troops-in-gaza-lebanon-and-syria-indefinitely.-what-does-that-mean,Levant_EastMed,gdelt,Levant_EastMed
Soykırımcı İsrail Gazzede yine hastane vurdu : Acil servis tamamen yıkıldı,2025-04-13 08:30:00+00:00,Turkey,timeturk.com,https://www.timeturk.com/dunya/soykirimci-israil-gazze-de-yine-hastane-vurdu-acil-servis-tamamen-yikildi-haber-1809196,Levant_EastMed,gdelt,Levant_EastMed
"No : 75 , 3 April 2025 , Regarding the Statements by Israeli Ministers Targeting Türkiye / Republic of Türkiye Ministry of Foreign Affairs",2025-04-04 05:15:00+00:00,Turkey,mfa.gov.tr,https://www.mfa.gov.tr/no_-75_-israilli-bakanlarin-ulkemizi-hedef-alan-aciklamalari-hk.en.mfa,Levant_EastMed,gdelt,Levant_EastMed
美以会否联手吞并加沙 中东地图是否会再次改写 ？_ 军事频道 _ 中华网,2025-05-13 07:00:00+00:00,China,military.china.com,https://military.china.com/news/13004177/20250513/48326428.html,Levant_EastMed,gdelt,Levant_EastMed
Israeli strikes kill 17 in Gaza and destroy heavy equipment needed to clear rubble,2025-04-22 23:30:00+00:00,United States,krcgtv.com,https://krcgtv.com/news/nation-world/israeli-strikes-kill-17-in-gaza-and-destroy-heavy-equipment-needed-to-clear-rubble,Levant_EastMed,gdelt,Levant_EastMed
"İsrail ordusu , Gazzedeki El - Ehli Baptist Hastanesine saldırı düzenledi",2025-04-13 07:00:00+00:00,Turkey,evrensel.net,https://www.evrensel.net/haber/549884/israil-ordusu-gazzedeki-el-ehli-baptist-hastanesine-saldiri-duzenledi,Levant_EastMed,gdelt,Levant_EastMed
Israel  fully disable Yemen main airport in second day of Houthi revenge strikes,2025-05-06 16:45:00+00:00,United Kingdom,mirror.co.uk,https://www.mirror.co.uk/news/world-news/israel-fully-disables-yemens-main-35179773,Levant_EastMed,gdelt,Levant_EastMed
Ισραήλ βομβαρδίζει τη δυτική Συρία,2025-05-31 04:45:00+00:00,Cyprus,philenews.com,https://www.philenews.com/kosmos/diethni/article/1589123/to-israil-vomvardizi-ti-ditiki-siria-enas-politis-nekros/,Levant_EastMed,gdelt,Levant_EastMed
ইসরায়েলের সঙ্গে হাত মেলাচ্ছে ২ মুসলিম দেশ ! ,2025-05-24 23:00:00+00:00,Bangladesh,dailyjanakantha.com,https://www.dailyjanakantha.com/international/news/809035,Levant_EastMed,gdelt,Levant_EastMed
İsrailin Gazzenin çeşitli yerlerine düzenlediği saldırılarda 29 Filistinli hayatını kaybetti,2025-04-20 11:00:00+00:00,Turkey,aa.com.tr,https://www.aa.com.tr/tr/dunya/israilin-gazzenin-cesitli-yerlerine-duzenledigi-saldirilarda-29-filistinli-hayatini-kaybetti/3543493,Levant_EastMed,gdelt,Levant_EastMed
"Katil İsrail , Suriyeye hava saldırıları düzenledi",2025-04-03 05:45:00+00:00,Turkey,trthaber.com,https://www.trthaber.com/haber/dunya/katil-israil-suriyeye-hava-saldirilari-duzenledi-902760.html,Levant_EastMed,gdelt,Levant_EastMed
טורקיה ממשיכה להחריף את הטון :  ישראל - האיום המרכזי על ביטחון האזור  ,2025-04-03 23:45:00+00:00,Israel,ynet.co.il,https://www.ynet.co.il/news/article/b14cqf2a1g,Levant_EastMed,gdelt,Levant_EastMed
Hoe ver gaat Netanyahu ? - Sargasso,2025-04-07 08:15:00+00:00,Netherlands,sargasso.nl,https://sargasso.nl/hoe-ver-gaat-netanyahu/,Levant_EastMed,gdelt,Levant_EastMed
"Israel says it will keep troops in Gaza , Lebanon and Syria indefinitely . What does that mean ? ",2025-04-16 17:00:00+00:00,United States,newsday.com,https://www.newsday.com/news/nation/israel-palestinians-hamas-war-gaza-lebanon-syria-land-buffer-zones-i99871,Levant_EastMed,gdelt,Levant_EastMed
Timeline of tensions and hostilities between Israel and Iran,2025-06-13 14:45:00+00:00,United Kingdom,belfasttelegraph.co.uk,https://www.belfasttelegraph.co.uk/news/world-news/timeline-of-tensions-and-hostilities-between-israel-and-iran/a1325279732.html,Levant_EastMed,gdelt,Levant_EastMed
בשבוע הבא תהפוך  חרבות ברזל  לארוכה במלחמות ישראל | תולדות הזבנג ולא גמרנו,2025-05-24 07:45:00+00:00,Israel,ynet.co.il,https://www.ynet.co.il/news/article/bjjvarhzel,Levant_EastMed,gdelt,Levant_EastMed
İsrail ateşkese rağmen Lübnan  ı vurmaya devam ediyor,2025-06-06 07:30:00+00:00,Turkey,radikal.com.tr,https://www.radikal.com.tr/dunya/israil-ateskese-ragmen-lubnani-vurmaya-devam-ediyor-12188/,Levant_EastMed,gdelt,Levant_EastMed
"Israeli defense minister says troops will remain in Gaza , Lebanon and Syria indefinitely",2025-04-16 11:00:00+00:00,United States,clickondetroit.com,https://www.clickondetroit.com/news/world/2025/04/16/israeli-defense-minister-says-troops-will-remain-in-gaza-lebanon-and-syria-indefinitely/,Levant_EastMed,gdelt,Levant_EastMed
"İsrailin İrana Saldırısı … Namık Tan :  İran , ABD Üslerine Saldırırsa ve ABD Fiilen İsrailin Yanında Yer Alırsa Bu İşten En Fazla İran Zarar Görür  ",2025-06-13 11:45:00+00:00,Turkey,haberler.com,https://www.haberler.com/guncel/israil-in-iran-a-saldirisi-namik-tan-iran-abd-18740785-haberi/,Levant_EastMed,gdelt,Levant_EastMed
"Israeli defense minister says troops will remain in Gaza , Lebanon and Syria indefinitely",2025-04-16 11:00:00+00:00,United States,news4jax.com,https://www.news4jax.com/news/world/2025/04/16/israeli-defense-minister-says-troops-will-remain-in-gaza-lebanon-and-syria-indefinitely/,Levant_EastMed,gdelt,Levant_EastMed
Israeli strikes kill 14 in Gaza and destroy heavy equipment needed to clear rubble,2025-04-23 01:15:00+00:00,Canada,calgarysun.com,https://calgarysun.com/news/world/israeli-strikes-kill-14-in-gaza-and-destroy-heavy-equipment-needed-to-clear-rubble/wcm/12048521-aa07-4b7b-b867-7e2a18dbb101,Levant_EastMed,gdelt,Levant_EastMed
محلل فلسطينى لـ  الدستور : إسرائيل لا تسعى لتحرير الأسرى وتستهدف تهجير سكان غزة,2025-06-14 10:45:00+00:00,Egypt,dostor.org,https://www.dostor.org/5105278,Levant_EastMed,gdelt,Levant_EastMed
İsrailden Suriyeye hava saldırıları,2025-04-03 00:00:00+00:00,Turkey,sozcu.com.tr,https://www.sozcu.com.tr/israil-den-suriye-ye-hava-saldirilari-p158150,Levant_EastMed,gdelt,Levant_EastMed
"Israeli defense minister says troops will remain in Gaza , Lebanon and Syria indefinitely",2025-04-16 12:15:00+00:00,Hong Kong,thestandard.com.hk,"https://www.thestandard.com.hk/breaking-news/section/6/232485/Israeli-defense-minister-says-troops-will-remain-in-Gaza,-Lebanon-and-Syria-indefinitely",Levant_EastMed,gdelt,Levant_EastMed
"Israeli defense minister says troops will remain in Gaza , Lebanon and Syria indefinitely",2025-04-16 10:45:00+00:00,United States,clickorlando.com,https://www.clickorlando.com/news/world/2025/04/16/israeli-defense-minister-says-troops-will-remain-in-gaza-lebanon-and-syria-indefinitely/,Levant_EastMed,gdelt,Levant_EastMed
سفير إسرائيل بواشنطن يتحدث عن التطبيع مع سوريا ولبنان .. ماذا قال ؟ ,2025-05-24 11:15:00+00:00,Egypt,shorouknews.com,https://www.shorouknews.com/news/view.aspx?cdate=24052025&id=777a93a6-96d2-48b3-9518-4ce7eb1979fb,Levant_EastMed,gdelt,Levant_EastMed
إسرائيل تطبّق  هذه النصيحة  في لبنان ! ,2025-05-30 06:30:00+00:00,Lebanon,lebanondebate.com,https://www.lebanondebate.com/article/707109-%D8%A5%D8%B3%D8%B1%D8%A7%D8%A6%D9%8A%D9%84-%D8%AA%D8%B7%D8%A8%D9%82-%D9%87%D8%B0%D9%87-%D8%A7%D9%84%D9%86%D8%B5%D9%8A%D8%AD%D8%A9-%D9%81%D9%8A-%D9%84%D8%A8%D9%86%D8%A7%D9%86,Levant_EastMed,gdelt,Levant_EastMed
İsrail Şam  ı vurdu,2025-04-02 22:45:00+00:00,Turkey,odatv.com,https://www.odatv.com/guncel/israil-sami-vurdu-120092992,Levant_EastMed,gdelt,Levant_EastMed
"İsrail , Gazzede gazetecilerin kaldığı çadıra hava saldırısı düzenledi : 2 ölü , 9 yaralı",2025-04-07 16:00:00+00:00,Turkey,haberler.com,https://www.haberler.com/guncel/israil-ordusu-gazze-ye-yogun-saldirilar-duzenledi-17-filistinli-hayatini-kaybetti-18497046-haberi/,Levant_EastMed,gdelt,Levant_EastMed
"ABDnin Yemene Hava Saldırıları : 1 Ölü , 1 Yaralı",2025-04-26 00:00:00+00:00,Turkey,haberler.com,https://www.haberler.com/guncel/abd-nin-yemen-e-hava-saldirilari-1-olu-1-yarali-18554617-haberi/,Levant_EastMed,gdelt,Levant_EastMed
Middle East : Israeli strikes kill over 300 children UN – DW – 04 / 02 / 2025,2025-04-02 08:30:00+00:00,Germany,dw.com,https://www.dw.com/en/middle-east-israeli-strikes-kill-over-300-children-un/live-72102050,Levant_EastMed,gdelt,Levant_EastMed
İsrailden Suriyeye hava saldırısı :  Şam  ın güneyine asker konuşlanmayacak  ,2025-05-02 13:45:00+00:00,Turkey,cumhuriyet.com.tr,https://www.cumhuriyet.com.tr/dunya/israilden-suriyeye-hava-saldirisi-samin-guneyine-asker-2334675,Levant_EastMed,gdelt,Levant_EastMed
جنرالان إسرائيليان : زامير نصب مصيدة لنفسه وليس بمقدور الجيش هزم حماس,2025-04-27 18:30:00+00:00,Israel,zamnpress.com,http://zamnpress.com/news/139000,Levant_EastMed,gdelt,Levant_EastMed
tayyar . org - عناوين الصحف ليوم السبت 5 نيسان 2025,2025-04-05 07:00:00+00:00,Lebanon,tayyar.org,https://www.tayyar.org/News/Lebanon/659748/_guid=659748,Levant_EastMed,gdelt,Levant_EastMed
"GAZZE ÖLÜYOR , İNSANLIK SEYREDİYOR - ZULME DUR DIYECEK ÜMMET NEREDE ? ",2025-04-06 03:00:00+00:00,Turkey,yeniasya.com.tr,https://www.yeniasya.com.tr/dunya/gazze-oluyor-insanlik-seyrediyor-zulme-dur-diyecek-ummet-nerede_608188,Levant_EastMed,gdelt,Levant_EastMed
"Israeli troops will remain in Gaza , Lebanon and Syria indefinitely – minister",2025-04-16 13:15:00+00:00,Ireland,breakingnews.ie,https://www.breakingnews.ie/world/israeli-troops-will-remain-in-gaza-lebanon-and-syria-indefinitely-minister-1752791.html,Levant_EastMed,gdelt,Levant_EastMed
İsrail Lübnana hava saldırısı düzenledi ! Savaş uçakları havalandı ! Gazzeye saldırı,2025-05-30 05:15:00+00:00,Turkey,yeniakit.com.tr,https://www.yeniakit.com.tr/haber/israil-lubnana-hava-saldirisi-duzenledi-savas-ucaklari-havalandi-gazzeye-saldiri-1935908.html,Levant_EastMed,gdelt,Levant_EastMed
胡塞称一周内打击以色列多地目标 ： 使用了14枚高超音速导弹 、 弹道导弹以及无人机 _ 新闻频道 _ 中华网,2025-05-30 02:45:00+00:00,China,news.china.com,https://news.china.com/socialgd/10000169/20250530/48402645.html,Red_Sea_Gulf_Aden,gdelt,Red_Sea_Gulf_Aden
Houthis say they attacked Tel Aviv Ben Gurion Airport - World,2025-06-02 22:45:00+00:00,,tass.com,https://tass.com/world/1967479,Red_Sea_Gulf_Aden,gdelt,Red_Sea_Gulf_Aden
Houthis say they attacked Tel Aviv Ben Gurion Airport - World,2025-06-01 18:45:00+00:00,,tass.com,https://tass.com/world/1966687,Red_Sea_Gulf_Aden,gdelt,Red_Sea_Gulf_Aden
"US , united kingdom conducting joint military operation in Yemen",2025-04-30 06:45:00+00:00,Bangladesh,bdnews24.com,https://bdnews24.com/world/middle-east/28bb9369f326,Red_Sea_Gulf_Aden,gdelt,Red_Sea_Gulf_Aden
US escalates military action in Yemen amid Houthi defiance,2025-04-08 16:00:00+00:00,India,prokerala.com,https://www.prokerala.com/news/articles/a1623674.html,Red_Sea_Gulf_Aden,gdelt,Red_Sea_Gulf_Aden
Suspected US airstrike hits Yemen migrant centre ; Houthi TV says 68 killed,2025-04-28 15:45:00+00:00,,marketscreener.com,https://www.marketscreener.com/news/latest/Suspected-US-airstrike-hits-Yemen-migrant-centre-Houthi-TV-says-68-killed-49740147/,Red_Sea_Gulf_Aden,gdelt,Red_Sea_Gulf_Aden
"US drone losses in Middle East : U . S . military stunned as Houthi rebels down 7 high - tech Reaper drones in weeks , costing over $300 million and raising eyebrows",2025-04-26 15:30:00+00:00,India,economictimes.indiatimes.com,https://economictimes.indiatimes.com/news/international/us/u-s-military-stunned-as-houthi-rebels-down-7-high-tech-reaper-drones-in-weeks-costing-over-300-million-and-raising-eyebrows/articleshow/120647451.cms,Red_Sea_Gulf_Aden,gdelt,Red_Sea_Gulf_Aden
US attacks Houthi fuel terminal in Yemen,2025-04-18 05:00:00+00:00,United States,yahoo.com,https://www.yahoo.com/news/us-attacks-houthi-fuel-terminal-041541096.html,Red_Sea_Gulf_Aden,gdelt,Red_Sea_Gulf_Aden
US attacks Houthi fuel terminal in Yemen,2025-04-18 08:00:00+00:00,Saudi Arabia,saudigazette.com.sa,https://saudigazette.com.sa/article/651050/World/Mena/US-attacks-Houthi-fuel-terminal-in-Yemen,Red_Sea_Gulf_Aden,gdelt,Red_Sea_Gulf_Aden
Air strikes on Hodeida claimed 10 lives - Newspaper,2025-04-10 03:15:00+00:00,Pakistan,dawn.com,https://www.dawn.com/news/1903233/air-strikes-on-hodeida-claimed-10-lives,Red_Sea_Gulf_Aden,gdelt,Red_Sea_Gulf_Aden
"Dua Rudal Houthi Meluncur : Israel Tutup Bandara , Jutaan Warga Cari Tempat Berlindung",2025-05-27 14:45:00+00:00,Indonesia,jambi.tribunnews.com,https://jambi.tribunnews.com/2025/05/27/dua-rudal-houthi-meluncur-israel-tutup-bandara-jutaan-warga-cari-tempat-berlindung,Red_Sea_Gulf_Aden,gdelt,Red_Sea_Gulf_Aden
专家谈胡塞武装致以机场瘫痪 高超音速导弹突袭 _ 军事频道 _ 中华网,2025-05-06 04:15:00+00:00,China,military.china.com,https://military.china.com/news/13004177/20250506/48294673.html,Red_Sea_Gulf_Aden,gdelt,Red_Sea_Gulf_Aden
"Houthi Serang Kapal AS dan Israel , Perang Berlanjut di Laut Merah",2025-04-08 06:30:00+00:00,Indonesia,kompas.com,https://www.kompas.com/global/read/2025/04/08/130700870/houthi-serang-kapal-as-dan-israel-perang-berlanjut-di-laut-merah,Red_Sea_Gulf_Aden,gdelt,Red_Sea_Gulf_Aden
US Strikes Target Fuel Port in Yemen Houthi - Controlled Northwest,2025-04-18 18:00:00+00:00,United States,theepochtimes.com,https://www.theepochtimes.com/world/us-strikes-target-fuel-port-in-yemens-houthi-controlled-northwest-5843972,Red_Sea_Gulf_Aden,gdelt,Red_Sea_Gulf_Aden
Houthis report delivering strikes on USS Harry Truman,2025-04-26 23:15:00+00:00,,tass.com,https://tass.com/world/1949927,Red_Sea_Gulf_Aden,gdelt,Red_Sea_Gulf_Aden
British planes take part in air strike against Houthis in Yemen,2025-04-30 00:45:00+00:00,United Kingdom,manchestereveningnews.co.uk,https://www.manchestereveningnews.co.uk/news/uk-news/british-planes-take-part-air-31538548,Red_Sea_Gulf_Aden,gdelt,Red_Sea_Gulf_Aden
"Houthis report drone strike on Ashkelon , Tel Aviv",2025-04-26 20:15:00+00:00,,tass.com,https://tass.com/world/1949923,Red_Sea_Gulf_Aden,gdelt,Red_Sea_Gulf_Aden
بريطانيا وأمريكا تنفذان هجومًا جويًا على مصنع طائرات مسيّرة للحوثيين في اليمن,2025-04-30 02:00:00+00:00,United Arab Emirates,albayan.ae,https://www.albayan.ae/news/middle-east/other-countries/42386,Red_Sea_Gulf_Aden,gdelt,Red_Sea_Gulf_Aden
Amnesty : US strike on Yemen migrant center may constitute humanitarian  violation  ,2025-05-19 11:45:00+00:00,Saudi Arabia,arabnews.com,https://www.arabnews.com/node/2601303/middle-east,Red_Sea_Gulf_Aden,gdelt,Red_Sea_Gulf_Aden
UK and US strike Houthi drone facility in Yemen amid Red Sea threats,2025-04-30 13:45:00+00:00,India,newkerala.com,https://www.newkerala.com/news/o/uk-join-us-airstrike-houthi-facility-yemen-amid-red-220,Red_Sea_Gulf_Aden,gdelt,Red_Sea_Gulf_Aden
专家解读胡塞武装瘫痪以机场 高超音速导弹突袭 _ 军事频道 _ 中华网,2025-05-06 03:15:00+00:00,China,military.china.com,https://military.china.com/news/13004177/20250506/48293621.html,Red_Sea_Gulf_Aden,gdelt,Red_Sea_Gulf_Aden
美英对胡塞武装发起联合军事行动 打击无人机制造设施 _ 新闻频道 _ 中华网,2025-05-02 02:15:00+00:00,China,news.china.com,https://news.china.com/socialgd/10000169/20250502/48283845.html,Red_Sea_Gulf_Aden,gdelt,Red_Sea_Gulf_Aden
地区紧张局势致苏伊士运河2024年收入锐减 _ 新闻频道 _ 中华网,2025-04-17 07:45:00+00:00,China,news.china.com,https://news.china.com/international/1000/20250417/48224473.html,Red_Sea_Gulf_Aden,gdelt,Red_Sea_Gulf_Aden
"Houthi Yaman Ancam Blokade Pelabuhan Israel , Ini Alasannya",2025-05-20 00:15:00+00:00,Indonesia,kompas.com,https://www.kompas.com/global/read/2025/05/20/062742570/houthi-yaman-ancam-blokade-pelabuhan-israel-ini-alasannya,Red_Sea_Gulf_Aden,gdelt,Red_Sea_Gulf_Aden
Latest U . S . Strikes in Yemen Kill at Least 4 After Earlier Strike Said to Have Hit Large Eid Celebration,2025-04-07 17:00:00+00:00,United States,democracynow.org,https://www.democracynow.org/2025/4/7/headlines/latest_us_strikes_in_yemen_kill_at_least_4_after_earlier_strike_said_to_have_hit_large_eid_celebration,Red_Sea_Gulf_Aden,gdelt,Red_Sea_Gulf_Aden
USA har gjennomført mer enn 100 angrep i Jemen siden midten av mars,2025-04-09 20:45:00+00:00,Norway,aftenposten.no,https://www.aftenposten.no/verden/i/o3Geag/usa-har-gjennomfoert-mer-enn-100-angrep-i-jemen-siden-midten-av-mars,Red_Sea_Gulf_Aden,gdelt,Red_Sea_Gulf_Aden
Deadly U . S . Strike on Yemen Ras Isa Oil Port : Dozens Reported Killed,2025-04-19 05:30:00+00:00,Indonesia,noi.pikiran-rakyat.com,https://noi.pikiran-rakyat.com/news/pr-4049253663/deadly-us-strike-on-yemens-ras-isa-oil-port-dozens-reported-killed,Red_Sea_Gulf_Aden,gdelt,Red_Sea_Gulf_Aden
Houthi rebels say US strike killed dozens in migrant center – DW – 04 / 28 / 2025,2025-04-28 08:00:00+00:00,Germany,dw.com,https://www.dw.com/en/houthi-rebels-say-us-strike-killed-dozens-in-migrant-center/a-72371208,Red_Sea_Gulf_Aden,gdelt,Red_Sea_Gulf_Aden
Yemen Houthi media says 68 killed in US strikes on migrant centre,2025-04-28 21:30:00+00:00,Qatar,thepeninsulaqatar.com,http://thepeninsulaqatar.com/article/28/04/2025/yemens-houthi-media-says-68-killed-in-us-strikes-on-migrant-centre,Red_Sea_Gulf_Aden,gdelt,Red_Sea_Gulf_Aden
美航母抵达阿拉伯海后首遭打击 胡塞武装强力反击 _ 军事频道 _ 中华网,2025-04-19 08:00:00+00:00,China,military.china.com,https://military.china.com/news/13004177/20250419/48231410.html,Red_Sea_Gulf_Aden,gdelt,Red_Sea_Gulf_Aden
U . S . escalates military action in Yemen amid Houthi defiance - Xinhua,2025-04-08 14:30:00+00:00,,english.news.cn,https://english.news.cn/20250408/136210122a12467eb96ce92f653d62f4/c.html,Red_Sea_Gulf_Aden,gdelt,Red_Sea_Gulf_Aden
US and united kingdom forces carry out combined military operation in Yemen,2025-04-30 16:30:00+00:00,Azerbaijan,news.az,https://news.az/news/us-and-uk-forces-carry-out-combined-military-operation-in-yemen,Red_Sea_Gulf_Aden,gdelt,Red_Sea_Gulf_Aden
UK military launches airstrikes with US targeting Yemen Houthi rebels,2025-04-30 03:15:00+00:00,India,economictimes.indiatimes.com,https://economictimes.indiatimes.com/news/defence/uk-military-launches-airstrikes-with-us-targeting-yemens-houthi-rebels/articleshow/120748391.cms,Red_Sea_Gulf_Aden,gdelt,Red_Sea_Gulf_Aden
UK military launches airstrikes with US targeting Yemen Houthi rebels,2025-04-30 04:30:00+00:00,United States,aol.com,https://www.aol.com/uk-military-launches-airstrikes-us-023811169.html,Red_Sea_Gulf_Aden,gdelt,Red_Sea_Gulf_Aden
UK military launches airstrikes with US targeting Yemen Houthi rebels,2025-04-30 03:15:00+00:00,United States,ksat.com,https://www.ksat.com/news/world/2025/04/30/uk-military-launches-airstrikes-with-us-targeting-yemens-houthi-rebels/,Red_Sea_Gulf_Aden,gdelt,Red_Sea_Gulf_Aden
UK Military Launches Airstrikes with US Targeting Yemen Houthi Rebels,2025-04-30 15:45:00+00:00,United States,military.com,https://www.military.com/daily-news/2025/04/30/uk-military-launches-airstrikes-us-targeting-yemens-houthi-rebels.html,Red_Sea_Gulf_Aden,gdelt,Red_Sea_Gulf_Aden
UK military launches airstrikes with US targeting Yemen Houthi rebels,2025-04-30 03:15:00+00:00,United States,clickondetroit.com,https://www.clickondetroit.com/news/world/2025/04/30/uk-military-launches-airstrikes-with-us-targeting-yemens-houthi-rebels/,Red_Sea_Gulf_Aden,gdelt,Red_Sea_Gulf_Aden
UK military launches airstrikes with US targeting Yemen Houthi rebels,2025-04-30 18:30:00+00:00,United States,bostonherald.com,https://www.bostonherald.com/2025/04/30/uk-airstrikes-houthi-rebels/,Red_Sea_Gulf_Aden,gdelt,Red_Sea_Gulf_Aden
UK military launches airstrikes with US targeting Yemen Houthi rebels,2025-04-30 03:45:00+00:00,United States,local10.com,https://www.local10.com/news/world/2025/04/30/uk-military-launches-airstrikes-with-us-targeting-yemens-houthi-rebels/,Red_Sea_Gulf_Aden,gdelt,Red_Sea_Gulf_Aden
US strike on Yemen kills Al Qaeda members -- Yemeni security sources,2025-05-24 21:30:00+00:00,Jordan,jordantimes.com,http://www.jordantimes.com/news/region/us-strike-yemen-kills-al-qaeda-members-yemeni-security-sources,Red_Sea_Gulf_Aden,gdelt,Red_Sea_Gulf_Aden
US strike on Yemen kills Al - Qaeda members : Yemeni security sources,2025-05-24 19:15:00+00:00,Pakistan,thefrontierpost.com,https://thefrontierpost.com/us-strike-on-yemen-kills-al-qaeda-members-yemeni-security-sources/,Red_Sea_Gulf_Aden,gdelt,Red_Sea_Gulf_Aden
UK military launches airstrikes with US targeting Yemen Houthi rebels,2025-04-30 06:30:00+00:00,United States,stripes.com,https://www.stripes.com/theaters/middle_east/2025-04-29/uk-military-us-airstrikes-yemen-17627746.html,Red_Sea_Gulf_Aden,gdelt,Red_Sea_Gulf_Aden
UK military launches airstrikes with US targeting Yemen Houthi rebels,2025-04-30 05:15:00+00:00,United States,clickorlando.com,https://www.clickorlando.com/news/world/2025/04/30/uk-military-launches-airstrikes-with-us-targeting-yemens-houthi-rebels/,Red_Sea_Gulf_Aden,gdelt,Red_Sea_Gulf_Aden
又一艘航母就位 ， 美又搞极限施压 ？ ,2025-04-17 01:45:00+00:00,China,news.ifeng.com,https://news.ifeng.com/c/8icOIg7KUFP,Red_Sea_Gulf_Aden,gdelt,Red_Sea_Gulf_Aden
UK military launches airstrikes with US targeting Yemen Houthi rebels,2025-04-30 06:15:00+00:00,United States,isp.netscape.com,https://isp.netscape.com/news/world/story/0001/20250429/9ab021aac8f01694fa98619e3ffe92ba,Red_Sea_Gulf_Aden,gdelt,Red_Sea_Gulf_Aden
UK military launches airstrikes with US targeting Yemen Houthi rebels,2025-04-30 20:45:00+00:00,United States,dailynews.com,https://www.dailynews.com/2025/04/30/uk-airstrikes-houthi-rebels/,Red_Sea_Gulf_Aden,gdelt,Red_Sea_Gulf_Aden
UK military launches airstrikes with US targeting Yemen Houthi rebels – Winnipeg Free Press,2025-04-30 03:15:00+00:00,Canada,winnipegfreepress.com,https://www.winnipegfreepress.com/world/2025/04/29/uk-military-launches-airstrikes-with-us-targeting-yemens-houthi-rebels,Red_Sea_Gulf_Aden,gdelt,Red_Sea_Gulf_Aden
UK military launches airstrikes with US targeting Yemen Houthi rebels,2025-04-30 04:30:00+00:00,United States,wsls.com,https://www.wsls.com/news/world/2025/04/30/uk-military-launches-airstrikes-with-us-targeting-yemens-houthi-rebels/,Red_Sea_Gulf_Aden,gdelt,Red_Sea_Gulf_Aden
Hegseth warns Iran  will pay consequence  of supporting Houthis,2025-05-01 05:45:00+00:00,United Kingdom,edp24.co.uk,https://www.edp24.co.uk/news/national/25129524.hegseth-warns-iran-will-pay-consequence-supporting-houthis/,Red_Sea_Gulf_Aden,gdelt,Red_Sea_Gulf_Aden
打击也门武装 美军双航母坐镇中东 | 国际,2025-04-02 07:15:00+00:00,Malaysia,orientaldaily.com.my,https://www.orientaldaily.com.my/news/international/2025/04/02/723313,Red_Sea_Gulf_Aden,gdelt,Red_Sea_Gulf_Aden
Hegseth warns Iran  will pay consequence  of supporting Houthis,2025-05-01 04:15:00+00:00,United Kingdom,bournemouthecho.co.uk,https://www.bournemouthecho.co.uk/news/national/25129524.hegseth-warns-iran-will-pay-consequence-supporting-houthis/,Red_Sea_Gulf_Aden,gdelt,Red_Sea_Gulf_Aden
"UK Starmer government joins US in attacks on Houthis , declares Washington  closest security ally  ",2025-04-30 22:30:00+00:00,United States,wsws.org,https://www.wsws.org/en/articles/2025/04/30/xgcj-a30.html,Red_Sea_Gulf_Aden,gdelt,Red_Sea_Gulf_Aden
Hegseth warns Iran  will pay consequence  of supporting Houthis,2025-05-01 04:15:00+00:00,United Kingdom,theargus.co.uk,https://www.theargus.co.uk/news/national/25129524.hegseth-warns-iran-will-pay-consequence-supporting-houthis/,Red_Sea_Gulf_Aden,gdelt,Red_Sea_Gulf_Aden
Hegseth warns Iran  will pay consequence  of supporting Houthis,2025-05-01 05:00:00+00:00,United Kingdom,echo-news.co.uk,https://www.echo-news.co.uk/news/national/25129524.hegseth-warns-iran-will-pay-consequence-supporting-houthis/,Red_Sea_Gulf_Aden,gdelt,Red_Sea_Gulf_Aden
UK military launches airstrikes with US targeting Yemen Houthi rebels,2025-04-30 03:15:00+00:00,United States,yahoo.com,https://www.yahoo.com/news/uk-military-launches-airstrikes-us-023811169.html,Red_Sea_Gulf_Aden,gdelt,Red_Sea_Gulf_Aden
Houthis shot down 7 US Reaper drones worth USD 200 million in recent weeks,2025-04-25 03:15:00+00:00,India,siasat.com,https://www.siasat.com/houthis-shot-down-7-us-reaper-drones-worth-usd-200-million-in-recent-weeks-3212075/,Red_Sea_Gulf_Aden,gdelt,Red_Sea_Gulf_Aden
Houthi attacks to continue after strike on Yemen kills 68,2025-04-28 17:00:00+00:00,Ireland,rte.ie,https://www.rte.ie/news/middle-east/2025/0428/1509806-yemen-us/,Red_Sea_Gulf_Aden,gdelt,Red_Sea_Gulf_Aden
Hegseth warns Iran  will pay consequence  of supporting Houthis,2025-05-01 04:00:00+00:00,United Kingdom,yorkpress.co.uk,https://www.yorkpress.co.uk/news/national/25129524.hegseth-warns-iran-will-pay-consequence-supporting-houthis/,Red_Sea_Gulf_Aden,gdelt,Red_Sea_Gulf_Aden
Yémen : les Houthis disent avoir mené une attaque de drone contre Israël et abattu un drone américain,2025-04-05 02:15:00+00:00,China,french.china.org.cn,http://french.china.org.cn/foreign/txt/2025-04/05/content_117807080.htm,Red_Sea_Gulf_Aden,gdelt,Red_Sea_Gulf_Aden
Hegseth warns Iran  will pay consequence  of supporting Houthis,2025-05-01 04:30:00+00:00,United Kingdom,theboltonnews.co.uk,https://www.theboltonnews.co.uk/news/national/25129524.hegseth-warns-iran-will-pay-consequence-supporting-houthis/,Red_Sea_Gulf_Aden,gdelt,Red_Sea_Gulf_Aden
Migrant dreams buried under rubble after deadly strike on Yemen center,2025-04-30 16:45:00+00:00,Saudi Arabia,arabnews.com,https://www.arabnews.com/node/2599057/middle-east,Red_Sea_Gulf_Aden,gdelt,Red_Sea_Gulf_Aden
Hegseth warns Iran  will pay consequence  of supporting Houthis,2025-05-01 04:00:00+00:00,United Kingdom,jerseyeveningpost.com,https://jerseyeveningpost.com/morenews/worldnews/2025/05/01/hegseth-warns-iran-will-pay-consequence-of-supporting-houthis/,Red_Sea_Gulf_Aden,gdelt,Red_Sea_Gulf_Aden
Hegseth warns Iran  will pay consequence  of supporting Houthis,2025-05-01 06:00:00+00:00,United Kingdom,thenorthernecho.co.uk,https://www.thenorthernecho.co.uk/news/national/25129524.hegseth-warns-iran-will-pay-consequence-supporting-houthis/,Red_Sea_Gulf_Aden,gdelt,Red_Sea_Gulf_Aden
美国发动最致命攻击 也门230人死伤 | 国际,2025-04-19 06:00:00+00:00,Malaysia,orientaldaily.com.my,https://www.orientaldaily.com.my/news/international/2025/04/19/727309,Red_Sea_Gulf_Aden,gdelt,Red_Sea_Gulf_Aden
  死神  折戟 胡塞武装连续击落美军无人机 _ 央广网,2025-04-26 02:00:00+00:00,,news.cnr.cn,https://news.cnr.cn/sq/20250426/t20250426_527148901.shtml,Red_Sea_Gulf_Aden,gdelt,Red_Sea_Gulf_Aden
British military launches air strikes with U . S . targeting Yemen Houthi rebels,2025-04-30 12:30:00+00:00,Canada,theglobeandmail.com,https://www.theglobeandmail.com/world/article-british-military-launches-air-strikes-with-us-targeting-yemens-houthi/,Red_Sea_Gulf_Aden,gdelt,Red_Sea_Gulf_Aden
"Trump announces deal to stop bombing Houthis , end shipping attacks",2025-05-06 23:45:00+00:00,Australia,abc.net.au,https://www.abc.net.au/news/2025-05-07/trump-says-us-to-stop-bombing-houthis-yemen-group-ends-attack/105261878,Red_Sea_Gulf_Aden,gdelt,Red_Sea_Gulf_Aden
Hegseth warns Iran  will pay consequence  of supporting Houthis,2025-05-01 06:45:00+00:00,United Kingdom,bucksfreepress.co.uk,https://www.bucksfreepress.co.uk/news/national/25129524.hegseth-warns-iran-will-pay-consequence-supporting-houthis/,Red_Sea_Gulf_Aden,gdelt,Red_Sea_Gulf_Aden
Yémen : 58 morts dans lattaque dun port pétrolier par larmée américaine,2025-04-18 11:45:00+00:00,France,lanouvellerepublique.fr,https://www.lanouvellerepublique.fr/a-la-une/yemen-58-morts-dans-l-attaque-d-un-port-petrolier-par-l-armee-americaine-1744971029,Red_Sea_Gulf_Aden,gdelt,Red_Sea_Gulf_Aden
Houthi Tembakkan 2 Rudal dari Yaman ke Israel,2025-04-14 05:30:00+00:00,Indonesia,internasional.kompas.com,https://internasional.kompas.com/read/2025/04/14/120421770/houthi-tembakkan-2-rudal-dari-yaman-ke-israel,Red_Sea_Gulf_Aden,gdelt,Red_Sea_Gulf_Aden
 「 列国鉴 · 也门 」 记者观察 ： 也门咖啡园中的无奈与坚守,2025-05-22 05:00:00+00:00,China,baijiahao.baidu.com,https://baijiahao.baidu.com/s?id=1832792784222307910,Red_Sea_Gulf_Aden,gdelt,Red_Sea_Gulf_Aden
UK military launches airstrikes with US targeting Yemen Houthi rebels,2025-05-01 04:00:00+00:00,United States,news-gazette.com,https://www.news-gazette.com/news/nation-world/uk-military-launches-airstrikes-with-us-targeting-yemens-houthi-rebels/article_6621cb13-c448-5efd-9533-e8e005aa0320.html,Red_Sea_Gulf_Aden,gdelt,Red_Sea_Gulf_Aden
الهدنة مع واشنطن .. الضغط العسكري ومؤشرات تخلي إيران عن الحوثيين,2025-06-04 14:45:00+00:00,Syria,alhurra.com,https://alhurra.com/371,Red_Sea_Gulf_Aden,gdelt,Red_Sea_Gulf_Aden
UK military launches airstrikes with US targeting Yemen Houthi rebels,2025-05-01 21:15:00+00:00,United States,timesfreepress.com,https://www.timesfreepress.com/news/2025/may/01/uk-military-launches-airstrikes-with-us-targeting-yemens-houthi-rebels/,Red_Sea_Gulf_Aden,gdelt,Red_Sea_Gulf_Aden
UK military launches airstrikes with US targeting Yemen Houthi rebels,2025-05-01 08:45:00+00:00,United States,nypost.com,https://nypost.com/2025/05/01/world-news/uk-military-launches-airstrikes-with-us-targeting-yemens-houthi-rebels/,Red_Sea_Gulf_Aden,gdelt,Red_Sea_Gulf_Aden
UK military launches airstrikes with US targeting Yemen Houthi rebels,2025-04-30 03:45:00+00:00,Canada,stcatharinesstandard.ca,https://www.stcatharinesstandard.ca/news/world/middle-east/uk-military-launches-airstrikes-with-us-targeting-yemens-houthi-rebels/article_3d7dd14c-6dbc-571d-a765-3fd90812925b.html,Red_Sea_Gulf_Aden,gdelt,Red_Sea_Gulf_Aden
UK military launches airstrikes with US targeting Yemen Houthi rebels,2025-05-01 06:00:00+00:00,United States,durangoherald.com,https://www.durangoherald.com/articles/uk-military-launches-airstrikes-with-us-targeting-yemens-houthi-rebels/,Red_Sea_Gulf_Aden,gdelt,Red_Sea_Gulf_Aden
Pentagon faces $200 million loss as Houthis shoot down 7 US Reaper drones,2025-04-25 06:45:00+00:00,India,hindustantimes.com,https://www.hindustantimes.com/world-news/pentagon-faces-200-million-loss-as-houthis-shoot-down-7-us-reaper-drones-101745550100484.html,Red_Sea_Gulf_Aden,gdelt,Red_Sea_Gulf_Aden
UK military launches airstrikes with US targeting Yemen Houthi rebels,2025-05-01 04:00:00+00:00,United States,wvnews.com,https://www.wvnews.com/jacksonnewsnewsfeed/world/uk-military-launches-airstrikes-with-us-targeting-yemens-houthi-rebels/article_44e09b48-69a8-5938-9aa1-f780b3d45943.html,Red_Sea_Gulf_Aden,gdelt,Red_Sea_Gulf_Aden
Houthi rebels have shot down 7 US Reaper drones worth $200 million in recent weeks,2025-04-25 03:00:00+00:00,United States,newsday.com,https://www.newsday.com/news/nation/houthis-us-warships-red-sea-v89410,Red_Sea_Gulf_Aden,gdelt,Red_Sea_Gulf_Aden
Houthi rebels have shot down 7 US Reaper drones worth $200 million in recent weeks,2025-04-24 23:15:00+00:00,United States,yahoo.com,https://www.yahoo.com/news/houthi-rebels-shot-down-7-225323422.html,Red_Sea_Gulf_Aden,gdelt,Red_Sea_Gulf_Aden
Houthi rebels have shot down 7 US Reaper drones worth $200 million in recent weeks,2025-04-25 02:00:00+00:00,United States,seattletimes.com,https://www.seattletimes.com/nation-world/nation/houthi-rebels-have-shot-down-7-us-reaper-drones-worth-200-million-in-recent-weeks/,Red_Sea_Gulf_Aden,gdelt,Red_Sea_Gulf_Aden
Houthi rebels have shot down 7 US Reaper drones worth $200 million in recent weeks,2025-04-25 00:45:00+00:00,United States,ksat.com,https://www.ksat.com/news/politics/2025/04/24/houthi-rebels-have-shot-down-7-us-reaper-drones-worth-200-million-in-recent-weeks/,Red_Sea_Gulf_Aden,gdelt,Red_Sea_Gulf_Aden
Houthi rebels have shot down 7 US Reaper drones worth $200 million in recent weeks,2025-04-25 02:45:00+00:00,United States,stltoday.com,https://www.stltoday.com/news/nation-world/article_3dadd5b5-c0b4-4d2e-965a-c05ef62c31fe.html,Red_Sea_Gulf_Aden,gdelt,Red_Sea_Gulf_Aden
Houthi rebels have shot down 7 US Reaper drones worth $200 million in recent weeks,2025-04-25 02:45:00+00:00,United States,clickondetroit.com,https://www.clickondetroit.com/news/politics/2025/04/24/houthi-rebels-have-shot-down-7-us-reaper-drones-worth-200-million-in-recent-weeks/,Red_Sea_Gulf_Aden,gdelt,Red_Sea_Gulf_Aden
تفاصيل الغارات الأمريكية على مواقع الحوثيين في اليمن .. أكثر,2025-04-10 01:15:00+00:00,Egypt,elwatannews.com,https://www.elwatannews.com/news/details/8063776,Red_Sea_Gulf_Aden,gdelt,Red_Sea_Gulf_Aden
Houthi rebels have shot down 7 U . S . Reaper drones in recent weeks,2025-04-25 05:00:00+00:00,United States,wyff4.com,https://www.wyff4.com/article/houthi-rebels-shoot-down-7-us-drones-yemen/64583004,Red_Sea_Gulf_Aden,gdelt,Red_Sea_Gulf_Aden
Houthi rebels have shot down 7 U . S . Reaper drones in recent weeks,2025-04-25 05:30:00+00:00,United States,koat.com,https://www.koat.com/article/houthi-rebels-shoot-down-7-us-drones-yemen/64583004,Red_Sea_Gulf_Aden,gdelt,Red_Sea_Gulf_Aden
Houthi rebels have shot down 7 US Reaper drones worth $200 million in recent weeks,2025-04-25 02:45:00+00:00,United States,news4jax.com,https://www.news4jax.com/news/politics/2025/04/24/houthi-rebels-have-shot-down-7-us-reaper-drones-worth-200-million-in-recent-weeks/,Red_Sea_Gulf_Aden,gdelt,Red_Sea_Gulf_Aden
Houthi rebels have shot down 7 US Reaper drones worth $200 million in recent weeks,2025-04-25 02:00:00+00:00,United States,stripes.com,https://www.stripes.com/theaters/middle_east/2025-04-24/houthi-rebels-down-us-drones-weeks-17571465.html,Red_Sea_Gulf_Aden,gdelt,Red_Sea_Gulf_Aden
Houthi rebels have shot down 7 U . S . Reaper drones in recent weeks,2025-04-25 04:30:00+00:00,United States,wxii12.com,https://www.wxii12.com/article/houthi-rebels-shoot-down-7-us-drones-yemen/64583004,Red_Sea_Gulf_Aden,gdelt,Red_Sea_Gulf_Aden
Houthi rebels have shot down 7 U . S . Reaper drones in recent weeks,2025-04-25 03:15:00+00:00,United States,wmur.com,https://www.wmur.com/article/houthi-rebels-shoot-down-7-us-drones-yemen/64583004,Red_Sea_Gulf_Aden,gdelt,Red_Sea_Gulf_Aden
Houthi rebels have shot down 7 U . S . Reaper drones in recent weeks,2025-04-25 05:00:00+00:00,United States,wtae.com,https://www.wtae.com/article/houthi-rebels-shoot-down-7-us-drones-yemen/64583004,Red_Sea_Gulf_Aden,gdelt,Red_Sea_Gulf_Aden
Houthi rebels have shot down 7 U . S . Reaper drones in recent weeks,2025-04-25 01:30:00+00:00,United States,kcci.com,https://www.kcci.com/article/houthi-rebels-shoot-down-7-us-drones-yemen/64583004,Red_Sea_Gulf_Aden,gdelt,Red_Sea_Gulf_Aden
"Netanyahu Promises Retaliation Following Houthi Attack On Israeli Airport | Somali News , Articles And Entertainment",2025-05-05 02:30:00+00:00,Somalia,jowhar.com,https://www.jowhar.com/world-news/netanyahu-promises-retaliation-following-houthi-attack-on-israeli-airport.html,Red_Sea_Gulf_Aden,gdelt,Red_Sea_Gulf_Aden
Houthi rebels have shot down 7 US Reaper drones worth $200 million in recent weeks,2025-04-24 23:30:00+00:00,Canada,therecord.com,https://www.therecord.com/news/world/united-states/houthi-rebels-have-shot-down-7-us-reaper-drones-worth-200-million-in-recent-weeks/article_60a7fe44-f44f-595a-a045-754a4ad46518.html,Red_Sea_Gulf_Aden,gdelt,Red_Sea_Gulf_Aden
  You will pay consequence : US warns Iran over  lethal  support to Yemen Houthi rebels,2025-05-01 04:15:00+00:00,India,timesofindia.indiatimes.com,https://timesofindia.indiatimes.com/world/us/you-will-pay-consequence-us-warns-iran-over-lethal-support-to-yemens-houthi-rebels/articleshow/120782002.cms,Red_Sea_Gulf_Aden,gdelt,Red_Sea_Gulf_Aden
是胡塞武装同意停火 ？ 还是美国想撤了 ？ ,2025-05-07 12:00:00+00:00,China,news.ycwb.com,https://news.ycwb.com/ikinvkntkl/content_53396445.htm,Red_Sea_Gulf_Aden,gdelt,Red_Sea_Gulf_Aden
Houthi rebels have shot down 7 US Reaper drones worth $200 million in recent weeks | World News,2025-04-25 04:30:00+00:00,India,timesofindia.indiatimes.com,https://timesofindia.indiatimes.com/world/us/houthi-rebels-have-shot-down-7-us-reaper-drones-worth-200-million-in-recent-weeks/articleshow/120602568.cms,Red_Sea_Gulf_Aden,gdelt,Red_Sea_Gulf_Aden
Houthi rebels have shot down 7 U . S . Reaper drones in recent weeks,2025-04-25 05:15:00+00:00,United States,wgal.com,https://www.wgal.com/article/houthi-rebels-shoot-down-7-us-drones-yemen/64583004,Red_Sea_Gulf_Aden,gdelt,Red_Sea_Gulf_Aden
Houthi rebels have shot down 7 US Reaper drones worth $200 million in recent weeks,2025-04-25 01:00:00+00:00,United States,nydailynews.com,https://www.nydailynews.com/2025/04/24/houthis-shoot-down-drones/,Red_Sea_Gulf_Aden,gdelt,Red_Sea_Gulf_Aden
U . K . military launches airstrikes with U . S . targeting Yemen Houthi rebels,2025-04-30 04:15:00+00:00,India,thehindu.com,https://www.thehindu.com/news/international/uk-military-launches-airstrikes-with-us-targeting-yemens-houthi-rebels/article69507744.ece,Red_Sea_Gulf_Aden,gdelt,Red_Sea_Gulf_Aden
Houthi rebels have shot down 7 US Reaper drones worth $200 million in recent weeks,2025-04-25 00:45:00+00:00,United States,baltimoresun.com,https://www.baltimoresun.com/2025/04/24/houthis-shoot-down-drones/,Red_Sea_Gulf_Aden,gdelt,Red_Sea_Gulf_Aden
Houthi rebels have shot down 7 US Reaper drones worth $200 million in recent weeks,2025-04-25 04:45:00+00:00,United States,orlandosentinel.com,https://www.orlandosentinel.com/2025/04/24/houthis-shoot-down-drones/,Red_Sea_Gulf_Aden,gdelt,Red_Sea_Gulf_Aden
Houthi rebels have shot down 7 US Reaper drones worth $200 million in recent weeks,2025-04-25 04:15:00+00:00,United States,sandiegouniontribune.com,https://www.sandiegouniontribune.com/2025/04/24/houthis-shoot-down-drones/,Red_Sea_Gulf_Aden,gdelt,Red_Sea_Gulf_Aden
Houthi rebels have shot down 7 US Reaper drones worth $200 million in recent weeks,2025-04-25 02:00:00+00:00,United States,bostonherald.com,https://www.bostonherald.com/2025/04/24/houthis-shoot-down-drones/,Red_Sea_Gulf_Aden,gdelt,Red_Sea_Gulf_Aden
美国航母遭胡塞武装袭击 两次袭击未获美方回应 _ 新闻频道 _ 中华网,2025-04-06 03:00:00+00:00,China,news.china.com,https://news.china.com/socialgd/10000169/20250406/48174047.html,Red_Sea_Gulf_Aden,gdelt,Red_Sea_Gulf_Aden
Houthi rebels have shot down 7 U . S . Reaper drones in recent weeks,2025-04-25 01:45:00+00:00,United States,wlwt.com,https://www.wlwt.com/article/houthi-rebels-shoot-down-7-us-drones-yemen/64583004,Red_Sea_Gulf_Aden,gdelt,Red_Sea_Gulf_Aden
Migrant dreams buried under rubble after deadly strike on Yemen centre,2025-04-30 16:15:00+00:00,United States,yahoo.com,https://www.yahoo.com/news/migrants-dreams-buried-under-rubble-153507398.html,Red_Sea_Gulf_Aden,gdelt,Red_Sea_Gulf_Aden
Houthi rebels have shot down 7 US Reaper drones worth $200 million in recent weeks - Las Vegas Sun News,2025-04-25 02:45:00+00:00,United States,lasvegassun.com,https://lasvegassun.com/news/2025/apr/24/houthi-rebels-have-shot-down-7-us-reaper-drones-wo/,Red_Sea_Gulf_Aden,gdelt,Red_Sea_Gulf_Aden
Hegseth warns Iran  will pay consequence  of supporting Houthis,2025-05-01 06:30:00+00:00,United Kingdom,oxfordmail.co.uk,https://www.oxfordmail.co.uk/news/national/25129524.hegseth-warns-iran-will-pay-consequence-supporting-houthis/,Red_Sea_Gulf_Aden,gdelt,Red_Sea_Gulf_Aden
Houthi rebels have shot down 7 US Reaper drones worth $200 million in recent weeks,2025-04-25 02:00:00+00:00,United States,wsls.com,https://www.wsls.com/news/politics/2025/04/24/houthi-rebels-have-shot-down-7-us-reaper-drones-worth-200-million-in-recent-weeks/,Red_Sea_Gulf_Aden,gdelt,Red_Sea_Gulf_Aden
Houthi rebels destroy seven US Reaper drones worth millions in mere weeks,2025-04-25 05:30:00+00:00,United Kingdom,salisburyjournal.co.uk,https://www.salisburyjournal.co.uk/news/national/25114384.houthi-rebels-destroy-seven-us-reaper-drones-worth-millions-mere-weeks/,Red_Sea_Gulf_Aden,gdelt,Red_Sea_Gulf_Aden
Houthi rebels destroy seven US Reaper drones worth millions in mere weeks,2025-04-25 05:00:00+00:00,United Kingdom,lancashiretelegraph.co.uk,https://www.lancashiretelegraph.co.uk/news/national/25114384.houthi-rebels-destroy-seven-us-reaper-drones-worth-millions-mere-weeks/,Red_Sea_Gulf_Aden,gdelt,Red_Sea_Gulf_Aden
Houthi rebels have shot down 7 US Reaper drones worth $200 million in recent weeks,2025-04-25 03:45:00+00:00,United States,lowellsun.com,https://www.lowellsun.com/2025/04/24/houthis-shoot-down-drones/,Red_Sea_Gulf_Aden,gdelt,Red_Sea_Gulf_Aden
Houthi rebels have shot down 7 US Reaper drones worth $200 million in recent weeks,2025-04-24 23:45:00+00:00,Canada,stcatharinesstandard.ca,https://www.stcatharinesstandard.ca/news/world/united-states/houthi-rebels-have-shot-down-7-us-reaper-drones-worth-200-million-in-recent-weeks/article_0dd861a7-cb45-5b83-bf65-2f912aec84b8.html,Red_Sea_Gulf_Aden,gdelt,Red_Sea_Gulf_Aden
Houthi rebels have shot down 7 U . S . Reaper drones in recent weeks,2025-04-25 02:00:00+00:00,United States,kmbc.com,https://www.kmbc.com/article/houthi-rebels-shoot-down-7-us-drones-yemen/64583004,Red_Sea_Gulf_Aden,gdelt,Red_Sea_Gulf_Aden
Houthi rebels have shot down 7 US Reaper drones worth $200 million in recent weeks,2025-04-25 05:00:00+00:00,United States,dailycamera.com,https://www.dailycamera.com/2025/04/24/houthis-shoot-down-drones/,Red_Sea_Gulf_Aden,gdelt,Red_Sea_Gulf_Aden
Houthi rebels have shot down 7 US Reaper drones worth $200 million in recent weeks – Winnipeg Free Press,2025-04-24 23:15:00+00:00,Canada,winnipegfreepress.com,https://www.winnipegfreepress.com/world/2025/04/24/houthi-rebels-have-shot-down-7-us-reaper-drones-worth-200-million-in-recent-weeks,Red_Sea_Gulf_Aden,gdelt,Red_Sea_Gulf_Aden
Houthi rebels have shot down 7 US Reaper drones worth $200 million in recent weeks,2025-04-25 04:00:00+00:00,United States,thetimes-tribune.com,https://www.thetimes-tribune.com/2025/04/24/houthis-shoot-down-drones/,Red_Sea_Gulf_Aden,gdelt,Red_Sea_Gulf_Aden
ইসরায়েলে হুথির ক্ষেপণাস্ত্র হামলা | | বাংলাদেশ প্রতিদিন,2025-04-08 11:15:00+00:00,Bangladesh,bd-pratidin.com,https://www.bd-pratidin.com/international-news/2025/04/08/1103614,Red_Sea_Gulf_Aden,gdelt,Red_Sea_Gulf_Aden
Houthi rebels have shot down 7 US Reaper drones worth $200 million in recent weeks,2025-04-25 02:45:00+00:00,United States,dailylocal.com,https://www.dailylocal.com/2025/04/24/houthis-shoot-down-drones/,Red_Sea_Gulf_Aden,gdelt,Red_Sea_Gulf_Aden
Houthi rebels destroy seven US Reaper drones worth millions in mere weeks,2025-04-25 05:15:00+00:00,United Kingdom,thenorthernecho.co.uk,https://www.thenorthernecho.co.uk/news/national/25114384.houthi-rebels-destroy-seven-us-reaper-drones-worth-millions-mere-weeks/,Red_Sea_Gulf_Aden,gdelt,Red_Sea_Gulf_Aden
Houthi rebels destroy seven US Reaper drones worth millions in mere weeks,2025-04-25 05:00:00+00:00,United Kingdom,bucksfreepress.co.uk,https://www.bucksfreepress.co.uk/news/national/25114384.houthi-rebels-destroy-seven-us-reaper-drones-worth-millions-mere-weeks/,Red_Sea_Gulf_Aden,gdelt,Red_Sea_Gulf_Aden
Houthis claim attack on Tel Aviv Ben Gurion airport,2025-06-02 00:30:00+00:00,Azerbaijan,news.az,https://news.az/news/houthis-claim-attack-on-t-el-avivs-ben-gurion-airport,Red_Sea_Gulf_Aden,gdelt,Red_Sea_Gulf_Aden
"US Airstrikes on Yemen Fuel Port Kill 74 , Sparking Outrage and Protests",2025-04-19 15:00:00+00:00,Pakistan,voiceofvienna.org,https://voiceofvienna.org/2025/04/us-airstrikes-on-yemen-fuel-port-kill-74-sparking-outrage-and-protests/,Red_Sea_Gulf_Aden,gdelt,Red_Sea_Gulf_Aden
Houthi rebels have shot down 7 U . S . Reaper drones in recent weeks,2025-04-25 01:00:00+00:00,United States,wdsu.com,https://www.wdsu.com/article/houthi-rebels-shoot-down-7-us-drones-yemen/64583004,Red_Sea_Gulf_Aden,gdelt,Red_Sea_Gulf_Aden
Houthi rebels have shot down 7 US Reaper drones worth $200 million in recent weeks,2025-04-25 02:15:00+00:00,United States,capitalgazette.com,https://www.capitalgazette.com/2025/04/24/houthis-shoot-down-drones/,Red_Sea_Gulf_Aden,gdelt,Red_Sea_Gulf_Aden
专家解读美双航母集结红海 意图打击与威慑 _ 新闻频道 _ 中华网,2025-04-02 08:30:00+00:00,China,news.china.com,https://news.china.com/socialgd/10000169/20250402/48162332.html,Red_Sea_Gulf_Aden,gdelt,Red_Sea_Gulf_Aden
Houthi rebels have shot down 7 U . S . Reaper drones in recent weeks,2025-04-25 03:45:00+00:00,United States,wmtw.com,https://www.wmtw.com/article/houthi-rebels-shoot-down-7-us-drones-yemen/64583004,Red_Sea_Gulf_Aden,gdelt,Red_Sea_Gulf_Aden
Houthi rebels have shot down 7 US Reaper drones worth $200 million in recent weeks,2025-04-25 03:45:00+00:00,United States,timescall.com,https://www.timescall.com/2025/04/24/houthis-shoot-down-drones/,Red_Sea_Gulf_Aden,gdelt,Red_Sea_Gulf_Aden
Hegseth Warns Iran Will  Pay the Consequence  for Backing Yemen Houthis,2025-05-01 14:15:00+00:00,United States,theepochtimes.com,https://www.theepochtimes.com/us/hegseth-warns-iran-will-pay-the-consequence-for-backing-yemens-houthis-5850567,Red_Sea_Gulf_Aden,gdelt,Red_Sea_Gulf_Aden
Houthi rebels have shot down 7 US Reaper drones worth $200 million in recent weeks,2025-04-25 00:15:00+00:00,Canada,niagarafallsreview.ca,https://www.niagarafallsreview.ca/news/world/united-states/houthi-rebels-have-shot-down-7-us-reaper-drones-worth-200-million-in-recent-weeks/article_80409c06-bae6-5555-b33b-4b445c0e6889.html,Red_Sea_Gulf_Aden,gdelt,Red_Sea_Gulf_Aden
美军是否计划在中东大打出手 B - 2轰炸机加入空袭行列 _ 军事频道 _ 中华网,2025-04-08 03:45:00+00:00,China,military.china.com,https://military.china.com/news/13004177/20250408/48184218.html,Red_Sea_Gulf_Aden,gdelt,Red_Sea_Gulf_Aden
Houthi rebels shoot down seven US Reaper drones worth $200 million,2025-04-25 10:15:00+00:00,Pakistan,tribune.com.pk,https://tribune.com.pk/story/2542203/houthis-shoot-down-seven-us-reaper-drones-worth-200-million-in-six-weeks,Red_Sea_Gulf_Aden,gdelt,Red_Sea_Gulf_Aden
Houthi rebels have shot down 7 US Reaper drones in recent weeks,2025-04-25 23:45:00+00:00,United States,yahoo.com,https://www.yahoo.com/news/houthi-rebels-shot-down-7-223342524.html,Red_Sea_Gulf_Aden,gdelt,Red_Sea_Gulf_Aden
US warplanes carry out 35 strikes across Yemen since early Sunday,2025-05-05 10:15:00+00:00,Syria,globalsecurity.org,https://www.globalsecurity.org/military/library/news/2025/05/mil-250504-presstv07.htm,Red_Sea_Gulf_Aden,gdelt,Red_Sea_Gulf_Aden
太反常 ！ 美军紧急向中东调反导系统 _ 军事频道 _ 中华网,2025-04-07 05:45:00+00:00,China,military.china.com,https://military.china.com/important/64/20250407/48179314.html,Red_Sea_Gulf_Aden,gdelt,Red_Sea_Gulf_Aden
Houthi rebels have shot down 7 US Reaper drones in recent weeks,2025-04-26 01:45:00+00:00,United States,marinecorpstimes.com,https://www.marinecorpstimes.com/news/your-military/2025/04/25/houthi-rebels-have-shot-down-7-us-reaper-drones-in-recent-weeks/,Red_Sea_Gulf_Aden,gdelt,Red_Sea_Gulf_Aden
Houthi rebels have shot down 7 US Reaper drones worth $200 million in recent weeks,2025-04-24 23:45:00+00:00,United States,kob.com,https://www.kob.com/news/us-and-world-news/houthi-rebels-have-shot-down-7-us-reaper-drones-worth-200-million-in-recent-weeks/,Red_Sea_Gulf_Aden,gdelt,Red_Sea_Gulf_Aden
列国鉴 · 也门｜记者观察 ： 也门咖啡园中的无奈与坚守,2025-05-22 07:30:00+00:00,China,baijiahao.baidu.com,https://baijiahao.baidu.com/s?id=1832801440017748196,Red_Sea_Gulf_Aden,gdelt,Red_Sea_Gulf_Aden
列国鉴 · 也门｜记者观察 ： 也门咖啡园中的无奈与坚守,2025-05-22 23:45:00+00:00,China,baijiahao.baidu.com,https://baijiahao.baidu.com/s?id=1832801440186244445,Red_Sea_Gulf_Aden,gdelt,Red_Sea_Gulf_Aden
Houthi rebels have shot down 7 US Reaper drones worth $200 million in recent weeks,2025-04-25 04:15:00+00:00,United States,channel3000.com,https://www.channel3000.com/news/national-and-world-news/israel-conflict/houthi-rebels-have-shot-down-7-us-reaper-drones-worth-200-million-in-recent-weeks/article_6a092110-6518-5aec-8597-71ded61726c7.html,Red_Sea_Gulf_Aden,gdelt,Red_Sea_Gulf_Aden
Yemen : Houthis threaten Israel with  hot summer  after strikes on Sanaa airport – Middle East Monitor,2025-05-29 12:30:00+00:00,Israel,middleeastmonitor.com,https://www.middleeastmonitor.com/20250529-yemen-houthis-threaten-israel-with-hot-summer-after-strikes-on-sanaa-airport/,Red_Sea_Gulf_Aden,gdelt,Red_Sea_Gulf_Aden
Israeli strikes destroy last plane at airport run by Houthis - Newspaper,2025-05-29 03:45:00+00:00,Pakistan,dawn.com,https://www.dawn.com/news/1913973/israeli-strikes-destroy-last-plane-at-airport-run-by-houthis,Red_Sea_Gulf_Aden,gdelt,Red_Sea_Gulf_Aden
Houthi rebels have shot down 7 US Reaper drones in recent weeks,2025-04-26 01:45:00+00:00,United States,navytimes.com,https://www.navytimes.com/news/your-military/2025/04/25/houthi-rebels-have-shot-down-7-us-reaper-drones-in-recent-weeks/,Red_Sea_Gulf_Aden,gdelt,Red_Sea_Gulf_Aden
Houthi rebels have shot down 7 US Reaper drones worth $200 million in recent weeks,2025-04-25 18:15:00+00:00,United States,timesfreepress.com,https://www.timesfreepress.com/news/2025/apr/25/houthi-rebels-have-shot-down-7-us-reaper-drones-worth-200-million-in-recent-weeks/,Red_Sea_Gulf_Aden,gdelt,Red_Sea_Gulf_Aden
Yemen Houthis say two killed in US stikes on Sanaa area,2025-04-20 13:30:00+00:00,Saudi Arabia,arabnews.com,https://www.arabnews.com/node/2597778/middle-east,Red_Sea_Gulf_Aden,gdelt,Red_Sea_Gulf_Aden
UK joins US air strikes against Houthis in Yemen,2025-04-30 17:45:00+00:00,United States,bignewsnetwork.com,http://www.bignewsnetwork.com/news/278195468/uk-joins-us-air-strikes-against-houthis-in-yemen,Red_Sea_Gulf_Aden,gdelt,Red_Sea_Gulf_Aden
US strike on Yemen migrant centre may constitute humanitarian  violation  – Amnesty,2025-05-19 19:30:00+00:00,Jordan,jordantimes.com,http://jordantimes.com/news/region/us-strike-yemen-migrant-centre-may-constitute-humanitarian-violation-%E2%80%93-amnesty,Red_Sea_Gulf_Aden,gdelt,Red_Sea_Gulf_Aden
Yemen Houthis say two killed in US stikes on Sanaa area - World,2025-04-20 11:00:00+00:00,Pakistan,brecorder.com,https://www.brecorder.com/news/40358605/yemens-houthis-say-two-killed-in-us-stikes-on-sanaa-area,Red_Sea_Gulf_Aden,gdelt,Red_Sea_Gulf_Aden
Huthis reivindicam ataques contra Israel e navios norte - americanos,2025-04-18 18:15:00+00:00,Portugal,dnoticias.pt,https://www.dnoticias.pt/2025/4/18/445671-huthis-reivindicam-ataques-contra-israel-e-navios-norte-americanos/,Red_Sea_Gulf_Aden,gdelt,Red_Sea_Gulf_Aden
UK joins US as military launches strikes against Houthis in Yemen in joint operation,2025-04-30 06:00:00+00:00,United Kingdom,mirror.co.uk,https://www.mirror.co.uk/news/uk-news/breaking-uk-joins-military-launches-35138453,Red_Sea_Gulf_Aden,gdelt,Red_Sea_Gulf_Aden
Houthi rebels have shot down 7 US Reaper drones worth $200 million in recent weeks,2025-04-25 02:45:00+00:00,United States,wsbradio.com,https://www.wsbradio.com/news/politics/houthi-rebels-have/GCPVTTHMANG4FB6OSBP4PFIKR4/,Red_Sea_Gulf_Aden,gdelt,Red_Sea_Gulf_Aden
Houthi rebels have shot down 7 US Reaper drones worth $200 million in recent weeks,2025-04-25 04:15:00+00:00,United States,bostonglobe.com,https://www.bostonglobe.com/2025/04/24/world/houthi-rebels-have-shot-down-7-us-reaper-drones-worth-200-million-recent-weeks/,Red_Sea_Gulf_Aden,gdelt,Red_Sea_Gulf_Aden
美军核动力航母 、 舰队再遭两次袭击 ！ 特朗普晒视频 ： 美军精准空袭胡塞武装集会现场,2025-04-05 02:15:00+00:00,China,nbd.com.cn,https://www.nbd.com.cn/articles/2025-04-05/3819501.html,Red_Sea_Gulf_Aden,gdelt,Red_Sea_Gulf_Aden
U . S . Airstrikes Target Yemen Houthi Terrorist Oil Port,2025-04-18 16:15:00+00:00,United States,breitbart.com,https://www.breitbart.com/europe/2025/04/18/u-s-airstrikes-target-yemens-houthi-terrorist-oil-port/,Red_Sea_Gulf_Aden,gdelt,Red_Sea_Gulf_Aden
Houthi rebels have shot down 7 US Reaper drones worth $200 million in recent weeks,2025-04-25 02:15:00+00:00,United States,isp.netscape.com,https://isp.netscape.com/news/world/story/0001/20250424/e6e97a7131c48640ccf74b1916628234,Red_Sea_Gulf_Aden,gdelt,Red_Sea_Gulf_Aden
"Britain , U . S . attack Houthi drone manufacturing targets in Yemen",2025-04-30 11:45:00+00:00,United States,upi.com,https://www.upi.com/Top_News/US/2025/04/30/US-Yemen-Houthi-strikes/5271746001327/,Red_Sea_Gulf_Aden,gdelt,Red_Sea_Gulf_Aden
Israel downs Yemen - fired missile claimed by Houthis,2025-05-02 08:15:00+00:00,Saudi Arabia,arabnews.com,https://www.arabnews.com/node/2599263/middle-east,Red_Sea_Gulf_Aden,gdelt,Red_Sea_Gulf_Aden
IDF attacks suspected Hezbollah missile site in Beirut,2025-04-27 17:30:00+00:00,Ireland,rte.ie,https://www.rte.ie/news/middle-east/2025/0427/1509749-israel-lebanon/,Red_Sea_Gulf_Aden,gdelt,Red_Sea_Gulf_Aden
Houthi rebels have shot down 7 US Reaper drones worth $200 million in recent weeks,2025-04-25 02:45:00+00:00,United States,winchesterstar.com,https://www.winchesterstar.com/associated_press/washington/houthi-rebels-have-shot-down-7-us-reaper-drones-worth-200-million-in-recent-weeks/article_c3aab14e-022a-565a-92fd-fe53b26d0d40.html,Red_Sea_Gulf_Aden,gdelt,Red_Sea_Gulf_Aden
Houthi rebels have shot down 7 US Reaper drones worth $200 million in recent weeks,2025-04-25 00:45:00+00:00,Canada,thepeterboroughexaminer.com,https://www.thepeterboroughexaminer.com/news/world/united-states/houthi-rebels-have-shot-down-7-us-reaper-drones-worth-200-million-in-recent-weeks/article_e63da141-90ee-5b48-88a6-9afe0b81485b.html,Red_Sea_Gulf_Aden,gdelt,Red_Sea_Gulf_Aden
Israeli military says missile fired from Yemen,2025-04-13 20:00:00+00:00,Turkey,hurriyetdailynews.com,https://www.hurriyetdailynews.com/israeli-military-says-missile-fired-from-yemen-208015,Red_Sea_Gulf_Aden,gdelt,Red_Sea_Gulf_Aden
ترامب : واشنطن قد تعود للعمليات العسكرية ضد الحوثيين حال شنوا هجوما,2025-05-15 12:30:00+00:00,Libya,alwasat.ly,https://alwasat.ly/news/arabic/476840,Red_Sea_Gulf_Aden,gdelt,Red_Sea_Gulf_Aden
Yemen Vice Prez calls for international support against Houthi threats,2025-04-10 02:00:00+00:00,India,prokerala.com,https://www.prokerala.com/news/articles/a1624072.html,Red_Sea_Gulf_Aden,gdelt,Red_Sea_Gulf_Aden
Υεμένη : Για νέους βομβαρδισμούς των ΗΠΑ κάνουν λόγο οι Χούθι,2025-05-05 01:15:00+00:00,Greece,in.gr,https://www.in.gr/2025/05/05/world/yemeni-gia-neous-vomvardismous-ton-ipa-kanoun-logo-oi-xouthi/,Red_Sea_Gulf_Aden,gdelt,Red_Sea_Gulf_Aden
Yemeni govt says U . S . airstrike kills 70 Houthi militants in Hodeidah,2025-04-04 18:00:00+00:00,United States,bignewsnetwork.com,https://www.bignewsnetwork.com/news/278144231/yemeni-govt-says-us-airstrike-kills-70-houthi-militants-in-hodeidah,Red_Sea_Gulf_Aden,gdelt,Red_Sea_Gulf_Aden
Yemen Vice Prez calls for international support against Houthi threats,2025-04-10 08:00:00+00:00,India,siasat.com,https://www.siasat.com/yemens-vice-prez-calls-for-international-support-against-houthi-threats-3205574/,Red_Sea_Gulf_Aden,gdelt,Red_Sea_Gulf_Aden
Israeli Attack on Syria Kills 9 ; Suspected U . S . Strike on Yemen Kills 5,2025-04-03 15:00:00+00:00,United States,democracynow.org,https://www.democracynow.org/2025/4/3/headlines/israeli_attack_on_syria_kills_9_suspected_us_strike_on_yemen_kills_5,Red_Sea_Gulf_Aden,gdelt,Red_Sea_Gulf_Aden
Houthi Rebels Have Shot Down 7 US Reaper Drones Worth $200 Million In Recent Weeks,2025-04-28 01:45:00+00:00,United States,theyeshivaworld.com,https://www.theyeshivaworld.com/news/general/2392364/houthi-rebels-have-shot-down-7-us-reaper-drones-worth-200-million-in-recent-weeks.html,Red_Sea_Gulf_Aden,gdelt,Red_Sea_Gulf_Aden
"Yémen : Des dizaines de migrants africains tués lors dune frappe américaine , selon les Houthis",2025-04-28 11:00:00+00:00,United Kingdom,bbc.com,https://www.bbc.com/afrique/articles/ckge4xnmd97o,Red_Sea_Gulf_Aden,gdelt,Red_Sea_Gulf_Aden
Houthi Klaim Rudal Hipersoniknya Serang Pangkalan Jet Tempur Siluman F - 35 Israel,2025-04-27 02:45:00+00:00,Indonesia,international.sindonews.com,https://international.sindonews.com/read/1560103/43/houthi-klaim-rudal-hipersoniknya-serang-pangkalan-jet-tempur-siluman-f-35-israel-1745712244,Red_Sea_Gulf_Aden,gdelt,Red_Sea_Gulf_Aden
إعلام حوثي : عدوان أمريكي علي محافظة البيضاء وسط اليمن,2025-04-15 18:45:00+00:00,Egypt,vetogate.com,https://www.vetogate.com/5390304,Red_Sea_Gulf_Aden,gdelt,Red_Sea_Gulf_Aden
Israeli military says missile fired from Yemen,2025-04-13 20:30:00+00:00,Saudi Arabia,arabnews.com,https://www.arabnews.com/node/2596898/middle-east,Red_Sea_Gulf_Aden,gdelt,Red_Sea_Gulf_Aden
Israeli air strikes target Sanaa airport in Yemen - World,2025-05-28 10:45:00+00:00,Pakistan,brecorder.com,https://www.brecorder.com/news/40365126/israeli-air-strikes-target-sanaa-airport-in-yemen,Red_Sea_Gulf_Aden,gdelt,Red_Sea_Gulf_Aden
Hegseth warns Iran  will pay consequence  of supporting Houthis,2025-05-01 04:15:00+00:00,United Kingdom,yourlocalguardian.co.uk,https://www.yourlocalguardian.co.uk/news/national/25129524.hegseth-warns-iran-will-pay-consequence-supporting-houthis/,Red_Sea_Gulf_Aden,gdelt,Red_Sea_Gulf_Aden
68 killed in US strikes on Yemen : Houthi media,2025-04-28 21:30:00+00:00,Pakistan,pakistantoday.com.pk,https://www.pakistantoday.com.pk/2025/04/28/68-killed-in-us-strikes-on-yemen-houthi-media/,Red_Sea_Gulf_Aden,gdelt,Red_Sea_Gulf_Aden
UK military launches air strikes with US targeting Yemen Houthis,2025-04-30 03:45:00+00:00,China,scmp.com,https://www.scmp.com/news/world/middle-east/article/3308461/uk-military-launches-air-strikes-us-targeting-yemens-houthis,Red_Sea_Gulf_Aden,gdelt,Red_Sea_Gulf_Aden
"US strikes on Hodeida killed eight , say Yemen rebels | Borneo Bulletin Online",2025-04-09 23:15:00+00:00,Brunei,borneobulletin.com.bn,https://borneobulletin.com.bn/us-strikes-on-hodeida-killed-eight-say-yemen-rebels/,Red_Sea_Gulf_Aden,gdelt,Red_Sea_Gulf_Aden
الجيش البريطاني يشن غارات جوية بالتعاون مع الولايات المتحدة ضد أهداف حوثية,2025-04-30 13:15:00+00:00,Syria,elaph.com,https://elaph.com/Web/News/2025/04/1566936.html,Red_Sea_Gulf_Aden,gdelt,Red_Sea_Gulf_Aden
高超音速导弹袭击 ！ 这国  数百万人逃入防空洞  _ 东方财富网,2025-05-16 03:45:00+00:00,China,finance.eastmoney.com,https://finance.eastmoney.com/a/202505163406608769.html,Red_Sea_Gulf_Aden,gdelt,Red_Sea_Gulf_Aden
"Les frappes américaines au Yémen sintensifient , possible prélude à une offensive terrestre",2025-04-17 10:00:00+00:00,France,lemonde.fr,https://www.lemonde.fr/international/article/2025/04/17/les-frappes-americaines-au-yemen-s-intensifient-possible-prelude-a-une-offensive-terrestre_6596933_3210.html,Red_Sea_Gulf_Aden,gdelt,Red_Sea_Gulf_Aden
Houthi Rebels Shot Down 7 US Reaper Drones Worth $200 Million In Recent Weeks,2025-04-27 12:15:00+00:00,United States,theyeshivaworld.com,https://www.theyeshivaworld.com/news/israel-news/2392242/houthi-rebels-shot-down-7-us-reaper-drones-worth-200-million-in-recent-weeks.html,Red_Sea_Gulf_Aden,gdelt,Red_Sea_Gulf_Aden
"AS Hantam Pelabuhan Bahan Bakar Houthi di Yaman , 20 Orang Tewas",2025-04-18 05:00:00+00:00,Indonesia,kompas.com,https://www.kompas.com/global/read/2025/04/18/112734670/as-hantam-pelabuhan-bahan-bakar-houthi-di-yaman-20-orang-tewas,Red_Sea_Gulf_Aden,gdelt,Red_Sea_Gulf_Aden
Houthi rebels destroy seven US Reaper drones worth millions in mere weeks,2025-04-25 05:30:00+00:00,United Kingdom,dorsetecho.co.uk,https://www.dorsetecho.co.uk/news/national/25114384.houthi-rebels-destroy-seven-us-reaper-drones-worth-millions-mere-weeks/,Red_Sea_Gulf_Aden,gdelt,Red_Sea_Gulf_Aden
EUA afirmam ter destruído porto de petróleo no Iêmen ; ataques deixaram dezenas de mortos,2025-04-18 13:45:00+00:00,Brazil,terra.com.br,"https://www.terra.com.br/noticias/mundo/eua-afirmam-ter-destruido-porto-de-petroleo-no-iemen-ataques-deixaram-dezenas-de-mortos,60b4990a9786cb341f65673a7778f3f0osyilxev.html",Red_Sea_Gulf_Aden,gdelt,Red_Sea_Gulf_Aden
USA har angrepet 800 mål i Jemen siden midten av mars - Teknisk Ukeblad,2025-04-28 04:30:00+00:00,Norway,tu.no,https://www.tu.no/nyhetsstudio/usa-har-angrepet-800-maal-i-jemen-siden-midten-av-mars/77262,Red_Sea_Gulf_Aden,gdelt,Red_Sea_Gulf_Aden
جريدة البلاد | جماعة الحوثي : وقف إطلاق النار مع أميركا لا يشمل إسرائيل,2025-05-07 16:00:00+00:00,Bahrain,albiladpress.com,https://www.albiladpress.com/news/2025/6050/arab-and-world/914797.html,Red_Sea_Gulf_Aden,gdelt,Red_Sea_Gulf_Aden
Houthis say at least 68 African migrants killed in U . S . airstrike on detention center,2025-04-28 11:45:00+00:00,United States,yahoo.com,https://www.yahoo.com/news/houthis-least-68-african-migrants-110841584.html,Red_Sea_Gulf_Aden,gdelt,Red_Sea_Gulf_Aden
US strikes kill over 500 Houthis in last month,2025-04-22 08:30:00+00:00,Afghanistan,khaama.com,https://www.khaama.com/us-strikes-kill-over-500-houthis-in-last-month/,Red_Sea_Gulf_Aden,gdelt,Red_Sea_Gulf_Aden
إسرائيل ترصد صاروخا أطلق من اليمن,2025-04-23 16:15:00+00:00,Syria,skynewsarabia.com,https://www.skynewsarabia.com/middle-east/1791653-%D8%A7%D9%95%D8%B3%D8%B1%D8%A7%D9%8A%D9%94%D9%8A%D9%84-%D8%AA%D8%B1%D8%B5%D8%AF-%D8%B5%D8%A7%D8%B1%D9%88%D8%AE%D8%A7-%D8%A7%D9%94%D8%B7%D9%84%D9%82-%D8%A7%D9%84%D9%8A%D9%85%D9%86,Red_Sea_Gulf_Aden,gdelt,Red_Sea_Gulf_Aden
"Yemen appoints new prime minister after cabinet resigned , council says",2025-05-04 16:15:00+00:00,Singapore,asiaone.com,https://www.asiaone.com/asia/yemen-appoints-new-prime-minister-after-cabinet-resigned-council-says,Red_Sea_Gulf_Aden,gdelt,Red_Sea_Gulf_Aden
"Tre personer drept i amerikansk angrep i Jemen , ifølge houthiene",2025-04-10 10:30:00+00:00,Norway,idag.no,https://idag.no/nyhetsstudio/vis/tre-personer-drept-i-amerikansk-angrep-i-jemen-ifolge-houthiene/3f.1144,Red_Sea_Gulf_Aden,gdelt,Red_Sea_Gulf_Aden
美国航母再遭胡塞武装袭击 ！ 美军空袭也门多地 ， B - 2轰炸机现身 ： 可携带核弹 ， 以及重达3万磅的重型钻地炸弹,2025-04-12 00:30:00+00:00,China,163.com,https://www.163.com/dy/article/JSU9IOKC0512B07B.html,Red_Sea_Gulf_Aden,gdelt,Red_Sea_Gulf_Aden
美国航母再遭胡塞武装袭击 ！ 美军空袭也门多地 ， B - 2轰炸机现身 ： 可携带核弹 ， 以及重达3万磅的重型钻地炸弹 - 华龙网,2025-04-12 03:00:00+00:00,China,cqnews.net,https://www.cqnews.net/1/detail/1360533262039203840/web/content_1360533262039203840.html,Red_Sea_Gulf_Aden,gdelt,Red_Sea_Gulf_Aden
美国航母再遭胡塞武装袭击 ！ 美军空袭也门多地 _ 东方财富网,2025-04-12 02:45:00+00:00,China,finance.eastmoney.com,https://finance.eastmoney.com/a/202504123375059689.html,Red_Sea_Gulf_Aden,gdelt,Red_Sea_Gulf_Aden
美国航母再遭胡塞武装袭击 ！ 美军空袭也门多地 ， B - 2轰炸机现身 ： 可携带核弹 ， 以及重达3万磅的重型钻地炸弹,2025-04-12 01:00:00+00:00,China,nbd.com.cn,https://www.nbd.com.cn/articles/2025-04-12/3829185.html,Red_Sea_Gulf_Aden,gdelt,Red_Sea_Gulf_Aden
胡塞武装 ： 又打美国航母了 引发红海局势紧张 _ 军事频道 _ 中华网,2025-04-10 02:00:00+00:00,China,military.china.com,https://military.china.com/news/13004177/20250410/48192633.html,Red_Sea_Gulf_Aden,gdelt,Red_Sea_Gulf_Aden
Israeli media reports new missile attack from Yemen – Middle East Monitor,2025-05-12 11:45:00+00:00,Israel,middleeastmonitor.com,https://www.middleeastmonitor.com/20250512-israeli-media-reports-new-missile-attack-from-yemen/,Red_Sea_Gulf_Aden,gdelt,Red_Sea_Gulf_Aden
特朗普 ： 美国船只应免费通过苏伊士和巴拿马运河,2025-04-27 01:30:00+00:00,China,news.ifeng.com,https://news.ifeng.com/c/8iszjr5jUc2,Red_Sea_Gulf_Aden,gdelt,Red_Sea_Gulf_Aden
أبو عبيدة : لن ننسى وقفة إخواننا في اليمن,2025-04-13 18:00:00+00:00,Israel,aljazeera.net,https://www.aljazeera.net/news/2025/4/13/%D8%B9%D8%A7%D8%AC%D9%84-%D8%A3%D8%A8%D9%88-%D8%B9%D8%A8%D9%8A%D8%AF%D8%A9-%D9%81%D9%84%D8%B3%D8%B7%D9%8A%D9%86-%D9%88%D8%B4%D8%B9%D8%A8%D9%87%D8%A7-%D9%84%D9%86-%D9%8A%D9%86%D8%B3%D9%88%D8%A7,Red_Sea_Gulf_Aden,gdelt,Red_Sea_Gulf_Aden
"Houthis say U . S . strike in Yemen hits migrant detention center in Saada , killing at least 35",2025-04-28 08:45:00+00:00,United States,cbsnews.com,https://www.cbsnews.com/news/houthis-us-strikes-yemen-saada-migrant-detention-center-deaths/,Red_Sea_Gulf_Aden,gdelt,Red_Sea_Gulf_Aden
এবার ইসরাইলের বিমানঘাঁটিতে ক্ষেপণাস্ত্র হামলা,2025-04-27 07:00:00+00:00,Bangladesh,jugantor.com,https://www.jugantor.com/international/946727,Red_Sea_Gulf_Aden,gdelt,Red_Sea_Gulf_Aden
美国承认 ： 胡塞武装打击无人机能力变强了 美军损失惨重 _ 军事频道 _ 中华网,2025-04-29 05:45:00+00:00,China,military.china.com,https://military.china.com/news/13004177/20250429/48274895.html,Red_Sea_Gulf_Aden,gdelt,Red_Sea_Gulf_Aden
美军凌晨发动3次空袭 ！ 美国两艘航空母舰再遭胡塞武装导弹袭击 ， 一架MQ - 9无人机被击落,2025-04-23 01:45:00+00:00,China,nbd.com.cn,https://www.nbd.com.cn/articles/2025-04-23/3843935.html,Red_Sea_Gulf_Aden,gdelt,Red_Sea_Gulf_Aden
"Yemen appoints new prime minister after cabinet resigned , council says",2025-05-04 05:00:00+00:00,United States,aol.com,https://www.aol.com/news/pm-yemens-internationally-recognised-government-122647577.html,Red_Sea_Gulf_Aden,gdelt,Red_Sea_Gulf_Aden
UK military launches airstrikes with US targeting Yemen Houthi rebels,2025-04-30 03:30:00+00:00,United States,mymotherlode.com,https://www.mymotherlode.com/news/middle-east/3822207/uk-military-launches-airstrikes-with-us-targeting-yemens-houthi-rebels.html,Red_Sea_Gulf_Aden,gdelt,Red_Sea_Gulf_Aden
US Air Strikes Targeting Yemeni Oil Port ; Houthis Say Attack Killed 20 People,2025-04-19 11:30:00+00:00,Syria,globalsecurity.org,https://www.globalsecurity.org/military/library/news/2025/04/mil-250418-rferl01.htm,Red_Sea_Gulf_Aden,gdelt,Red_Sea_Gulf_Aden
الحوثي : استهداف القطع البحرية الأميركية مستمر بفعالية عالية,2025-04-04 22:45:00+00:00,Israel,palinfo.com,https://palinfo.com/news/2025/04/04/946443/,Red_Sea_Gulf_Aden,gdelt,Red_Sea_Gulf_Aden
Houthi rebels destroy seven US Reaper drones worth millions in mere weeks,2025-04-25 05:00:00+00:00,United Kingdom,yourlocalguardian.co.uk,https://www.yourlocalguardian.co.uk/news/national/25114384.houthi-rebels-destroy-seven-us-reaper-drones-worth-millions-mere-weeks/,Red_Sea_Gulf_Aden,gdelt,Red_Sea_Gulf_Aden
美国核动力航母 、 多艘军舰遭袭击 ！ 美军发动空袭 特朗普曾威胁胡塞武装 ： 真正的痛苦尚未到来 _ 东方财富网,2025-04-10 01:15:00+00:00,China,finance.eastmoney.com,https://finance.eastmoney.com/a/202504103372161516.html,Red_Sea_Gulf_Aden,gdelt,Red_Sea_Gulf_Aden
"Deadliest US strike in Yemen kills 74 , Houthis say - World",2025-04-18 15:00:00+00:00,Pakistan,brecorder.com,https://www.brecorder.com/news/40358339/deadliest-us-strike-in-yemen-kills-74-houthis-say,Red_Sea_Gulf_Aden,gdelt,Red_Sea_Gulf_Aden
جريدة الرياض | اليمن .. أزمة سببها الحوثي,2025-05-09 04:00:00+00:00,Saudi Arabia,alriyadh.com,https://www.alriyadh.com/2131276,Red_Sea_Gulf_Aden,gdelt,Red_Sea_Gulf_Aden
Israel strikes Yemen main airport in Sanaa,2025-05-06 14:15:00+00:00,United States,aol.com,https://www.aol.com/israel-strikes-yemens-main-airport-132104228.html,Red_Sea_Gulf_Aden,gdelt,Red_Sea_Gulf_Aden
Israel bombs Yemen Hodeidah port after attack near Tel Aviv,2025-05-06 08:30:00+00:00,United Kingdom,independent.co.uk,https://www.independent.co.uk/news/world/middle-east/israel-attacks-yemen-hodeidah-port-houthi-b2745398.html,Red_Sea_Gulf_Aden,gdelt,Red_Sea_Gulf_Aden
Yemen warns U . K . of deepening conflict after joint U . S . strikes in Red Sea escalation – NaturalNews . com,2025-05-02 13:45:00+00:00,United States,naturalnews.com,https://www.naturalnews.com/2025-05-02-yemen-warns-uk-of-deepening-conflict.html,Red_Sea_Gulf_Aden,gdelt,Red_Sea_Gulf_Aden
ضربة  أنصار الله  لمطار  بن غوريون : صدمة إسرائيلية ورد استعراضي,2025-05-06 14:15:00+00:00,Israel,qudspress.com,https://qudspress.com/195794/,Red_Sea_Gulf_Aden,gdelt,Red_Sea_Gulf_Aden
Houthis claim drone strike on  military target  near Tel Aviv,2025-04-05 12:15:00+00:00,Azerbaijan,news.az,https://news.az/news/houthis-claim-drone-strike-on-military-target-near-t-el-aviv,Red_Sea_Gulf_Aden,gdelt,Red_Sea_Gulf_Aden
UK military launches airstrikes with US targeting Yemen Houthi rebels,2025-04-30 05:15:00+00:00,United States,the-messenger.com,https://www.the-messenger.com/news/world/article_2827160d-9887-555a-b400-4fd4fde63e72.html,Red_Sea_Gulf_Aden,gdelt,Red_Sea_Gulf_Aden
UK military launches airstrikes with US targeting Yemen Houthi rebels,2025-04-30 07:15:00+00:00,,yoursourceone.com,https://www.yoursourceone.com/south_sound/news/national_news/uk-military-launches-airstrikes-with-us-targeting-yemens-houthi-rebels/article_d0d8a09f-e70f-5a53-a402-4ac663942d52.html,Red_Sea_Gulf_Aden,gdelt,Red_Sea_Gulf_Aden
UK military launches airstrikes with US targeting Yemen Houthi rebels,2025-04-30 03:45:00+00:00,,2news.com,https://www.2news.com/news/world/uk-military-launches-airstrikes-with-us-targeting-yemens-houthi-rebels/article_effc836a-7ce0-50bf-a51a-c2ed3fdbec29.html,Red_Sea_Gulf_Aden,gdelt,Red_Sea_Gulf_Aden
UK Military Launches Airstrikes With US Targeting Yemen Houthi Rebels – 710am KURV,2025-04-30 13:30:00+00:00,United States,kurv.com,https://www.kurv.com/uk-military-launches-airstrikes-with-us-targeting-yemens-houthi-rebels/,Red_Sea_Gulf_Aden,gdelt,Red_Sea_Gulf_Aden
UK military launches airstrikes with US targeting Yemen Houthi rebels,2025-04-30 20:15:00+00:00,United States,oneidadispatch.com,https://www.oneidadispatch.com/2025/04/30/uk-airstrikes-houthi-rebels/,Red_Sea_Gulf_Aden,gdelt,Red_Sea_Gulf_Aden
The Yemeni government reports that a U . S . airstrike killed 70 Houthi militants in Hodeidah,2025-04-06 10:30:00+00:00,Azerbaijan,news.az,https://news.az/news/the-yemeni-government-reports-that-a-us-airstrike-killed-70-houthi-militants-in-hodeidah,Red_Sea_Gulf_Aden,gdelt,Red_Sea_Gulf_Aden
غارات أميركية تستهدف صنعاء ومناطق أخرى في اليمن,2025-04-25 02:00:00+00:00,Israel,aljazeera.net,https://www.aljazeera.net/news/2025/4/25/%D8%BA%D8%A7%D8%B1%D8%A7%D8%AA-%D8%A3%D9%85%D9%8A%D8%B1%D9%83%D9%8A%D8%A9-%D8%AA%D8%B3%D8%AA%D9%87%D8%AF%D9%81-%D8%B5%D9%86%D8%B9%D8%A7%D8%A1-%D9%88%D9%85%D9%86%D8%A7%D8%B7%D9%82,Red_Sea_Gulf_Aden,gdelt,Red_Sea_Gulf_Aden
تحرك عسكري بريطاني أمريكي ردًا على تهديدات الحوثيين للملاحة الدولية | تفاصيل,2025-04-30 01:00:00+00:00,Kuwait,alkhabarkw.com,https://www.alkhabarkw.com/uncategorized/35583.html,Red_Sea_Gulf_Aden,gdelt,Red_Sea_Gulf_Aden
سبتمبر نت - اليمن يقلب المعادلة : إخفاق استخباري أمريكي وضربة استراتيجية تُربك  هاري ترومان  ,2025-04-07 18:15:00+00:00,Yemen,26sep.net,https://www.26sep.net/index.php/local/101421-2025-04-07-16-27-36,Red_Sea_Gulf_Aden,gdelt,Red_Sea_Gulf_Aden
"Houthi missile blasts near Yemen UNESCO site , US says",2025-04-25 04:15:00+00:00,Israel,jpost.com,https://www.jpost.com/international/article-851484,Red_Sea_Gulf_Aden,gdelt,Red_Sea_Gulf_Aden
السيسي وترامب يبحثان تطورات الأوضاع في الشرق الأوسط,2025-04-02 08:00:00+00:00,China,arabic.people.com.cn,http://arabic.people.com.cn/n3/2025/0402/c31662-20297142.html,Red_Sea_Gulf_Aden,gdelt,Red_Sea_Gulf_Aden
特朗普 ： 胡塞武装同意停止威胁中东水域安全 美方将停止轰炸,2025-05-06 21:00:00+00:00,China,world.qianlong.com,https://world.qianlong.com/2025/0507/8482181.shtml,Red_Sea_Gulf_Aden,gdelt,Red_Sea_Gulf_Aden
Israeli strikes destroy last plane at Yemen rebel airport,2025-05-28 14:45:00+00:00,Israel,al-monitor.com,https://www.al-monitor.com/originals/2025/05/israeli-strikes-destroy-last-plane-yemen-rebels-airport,Red_Sea_Gulf_Aden,gdelt,Red_Sea_Gulf_Aden
Israel strikes Yemen main airport in Sanaa,2025-05-06 14:45:00+00:00,United Kingdom,bbc.com,https://www.bbc.com/news/articles/c7050j07gedo,Red_Sea_Gulf_Aden,gdelt,Red_Sea_Gulf_Aden
不止巴拿马 ， 特朗普还要对苏伊士运河下手 ？ ,2025-04-27 02:45:00+00:00,China,news.sina.com.cn,https://news.sina.com.cn/c/2025-04-27/doc-ineuqiwe3195130.shtml,Red_Sea_Gulf_Aden,gdelt,Red_Sea_Gulf_Aden
মধ্যপ্রাচ্যে হুতিদের কার্যক্রম পশ্চিমা শক্তির সঙ্গে সংঘাত,2025-04-04 16:15:00+00:00,Bangladesh,dailyjanakantha.com,https://www.dailyjanakantha.com/opinion/news/789352,Red_Sea_Gulf_Aden,gdelt,Red_Sea_Gulf_Aden
"Houthi link - up with Somalia al - Shabab could newly imperil Middle East shipping , report says",2025-04-02 15:30:00+00:00,United States,stripes.com,https://www.stripes.com/theaters/middle_east/2025-04-02/somalia-africa-al-shabab-terrorism-17340518.html,Red_Sea_Gulf_Aden,gdelt,Red_Sea_Gulf_Aden
Suspected US strike on Yemen migrant centre kills 68,2025-04-28 17:00:00+00:00,Bangladesh,thedailystar.net,https://www.thedailystar.net/news/news/suspected-us-strike-yemen-migrant-centre-kills-68-3882491,Red_Sea_Gulf_Aden,gdelt,Red_Sea_Gulf_Aden
"80 killed in deadliest US attack on Yemen , Huthis say",2025-04-19 07:15:00+00:00,Pakistan,dunyanews.tv,https://dunyanews.tv/en/World/879408-80-killed-in-deadliest-us-attack-on-yemen-huthis-say,Red_Sea_Gulf_Aden,gdelt,Red_Sea_Gulf_Aden
اسرائیل از رهگیری یک موشک شلیک‌شده از یمن خبر داد,2025-05-25 12:45:00+00:00,Iran,radiofarda.com,https://www.radiofarda.com/a/yemen-israel-gaza/33423630.html,Red_Sea_Gulf_Aden,gdelt,Red_Sea_Gulf_Aden
الحوثي : استهداف القطع البحرية الأميركية مستمر بفعالية عالية,2025-04-04 19:15:00+00:00,Israel,aljazeera.net,https://www.aljazeera.net/news/2025/4/4/%D8%B9%D8%A8%D8%AF-%D8%A7%D9%84%D9%85%D9%84%D9%83-%D8%A7%D9%84%D8%AD%D9%88%D8%AB%D9%8A-%D8%A7%D8%B3%D8%AA%D9%87%D8%AF%D8%A7%D9%81-%D8%A7%D9%84%D9%82%D8%B7%D8%B9,Red_Sea_Gulf_Aden,gdelt,Red_Sea_Gulf_Aden
آمریکا و بریتانیا به یک « مرکز تولید پهپاد » حوثی‌های یمن حمله کردند,2025-04-30 11:15:00+00:00,Iran,radiofarda.com,https://www.radiofarda.com/a/us-and-uk-forces-conduct-joint-military-operation-in-yemen-britain-says/33400897.html,Red_Sea_Gulf_Aden,gdelt,Red_Sea_Gulf_Aden
Hegseth warns Iran  will pay consequence  of supporting Houthis,2025-05-01 04:15:00+00:00,United Kingdom,gazetteherald.co.uk,https://www.gazetteherald.co.uk/news/national/25129524.hegseth-warns-iran-will-pay-consequence-supporting-houthis/,Red_Sea_Gulf_Aden,gdelt,Red_Sea_Gulf_Aden
Hegseth warns Iran  will pay consequence  of supporting Houthis,2025-05-01 04:15:00+00:00,United Kingdom,tivysideadvertiser.co.uk,https://www.tivysideadvertiser.co.uk/news/national/25129524.hegseth-warns-iran-will-pay-consequence-supporting-houthis/,Red_Sea_Gulf_Aden,gdelt,Red_Sea_Gulf_Aden
Hegseth warns Iran  will pay consequence  of supporting Houthis,2025-05-01 04:15:00+00:00,United Kingdom,eppingforestguardian.co.uk,https://www.eppingforestguardian.co.uk/news/national/25129524.hegseth-warns-iran-will-pay-consequence-supporting-houthis/,Red_Sea_Gulf_Aden,gdelt,Red_Sea_Gulf_Aden
Hegseth warns Iran  will pay consequence  of supporting Houthis,2025-05-01 04:15:00+00:00,United Kingdom,impartialreporter.com,https://www.impartialreporter.com/news/national/25129524.hegseth-warns-iran-will-pay-consequence-supporting-houthis/,Red_Sea_Gulf_Aden,gdelt,Red_Sea_Gulf_Aden
Hegseth warns Iran  will pay consequence  of supporting Houthis | St Albans & Harpenden Review,2025-05-01 04:15:00+00:00,United Kingdom,stalbansreview.co.uk,https://www.stalbansreview.co.uk/news/national/25129524.hegseth-warns-iran-will-pay-consequence-supporting-houthis/,Red_Sea_Gulf_Aden,gdelt,Red_Sea_Gulf_Aden
Hegseth warns Iran  will pay consequence  of supporting Houthis,2025-05-01 03:15:00+00:00,United Kingdom,somersetcountygazette.co.uk,https://www.somersetcountygazette.co.uk/news/national/25129524.hegseth-warns-iran-will-pay-consequence-supporting-houthis/,Red_Sea_Gulf_Aden,gdelt,Red_Sea_Gulf_Aden
Hegseth warns Iran  will pay consequence  of supporting Houthis,2025-05-01 03:15:00+00:00,United Kingdom,hampshirechronicle.co.uk,https://www.hampshirechronicle.co.uk/news/national/25129524.hegseth-warns-iran-will-pay-consequence-supporting-houthis/,Red_Sea_Gulf_Aden,gdelt,Red_Sea_Gulf_Aden
Hegseth warns Iran  will pay consequence  of supporting Houthis,2025-05-01 03:15:00+00:00,United Kingdom,penarthtimes.co.uk,https://www.penarthtimes.co.uk/news/national/25129524.hegseth-warns-iran-will-pay-consequence-supporting-houthis/,Red_Sea_Gulf_Aden,gdelt,Red_Sea_Gulf_Aden
Hegseth warns Iran  will pay consequence  of supporting Houthis,2025-05-01 04:00:00+00:00,United Kingdom,stroudnewsandjournal.co.uk,https://www.stroudnewsandjournal.co.uk/news/national/25129524.hegseth-warns-iran-will-pay-consequence-supporting-houthis/,Red_Sea_Gulf_Aden,gdelt,Red_Sea_Gulf_Aden
