title,publication_date,source,domain,url,region,collector,location_mention
US says it struck Iranian radar sites as Iran targets American forces in Kuwait - BBC,2026-06-01 13:12:26+00:00,BBC,news.google.com,https://news.google.com/rss/articles/CBMiWkFVX3lxTE0wc3lMT3hUc01OVVUtMzFXb29BREozUmQ5UEFrYW5UbFlwbjE1TDFiczZoQWFBSkxDNXgzdVFaREp0TVdBNmZGOGw2QVlyQjhSRVI1MEdmUjJndw?oc=5,Persian_Gulf,google_rss,Persian_Gulf
Iran Executes Two Men Over January Anti-Government Protests - Radio Free Europe/Radio Liberty,2026-06-01 07:10:59+00:00,Radio Free Europe/Radio Liberty,news.google.com,https://news.google.com/rss/articles/CBMiiAFBVV95cUxQWnhyaS1tS3NVV19VeVRlS1RUeUhFblVCTkRCWmg2Z2YwTW1uR051ZFctc3F2eEcyN29hbkJkLUY3THpPVzVaYVRlcTRybGlrTGVsX3ZvTFJyQmRELVNHckg3Nk9uOUw3V2RyN2lZY0dIMW1jLWVQSUVTdXBTZGpuVE55cDBQcG01?oc=5,Persian_Gulf,google_rss,Persian_Gulf
U.S. Says It Hit More Military Targets in Southern Iran - The New York Times,2026-06-01 06:52:03+00:00,The New York Times,news.google.com,https://news.google.com/rss/articles/CBMijAFBVV95cUxPVGJOM1dnakhJZnhjcUZpX0RGMEhQcWpMZjU5NmhSekFUbVllc3VCQnNFczY3OXhsa0tyck4wZzZfZjlDdzdMN3J4WmpJU1JPVzlVeWw1MHZmZ1d1RnhmTTRMek9hV1BwcDJXR1k1RHRnR2VpZHFWMk00VWxVbF9BNWhfdjd1VHJ6TGsxaQ?oc=5,Persian_Gulf,google_rss,Persian_Gulf
U.S. bombs Iranian military sites and Kuwait is hit by drone and missile fire - NPR,2026-06-01 05:53:00+00:00,NPR,news.google.com,https://news.google.com/rss/articles/CBMib0FVX3lxTE8zTjVOb2ExWlNjRldIU0cyamNHbUw4dkt4QnZtaGhQNzdjVzQtc2pnbFN3RXRCMGhqTlptdTE2cTlKZ3NheF9pTEFKV3RqNGpuY2h4bDNmMXZlNG5rQkVxeVozUFI5dm5sd1FEQ3N3QQ?oc=5,Persian_Gulf,google_rss,Persian_Gulf
U.S. Military Is Quietly Guiding Ships Through the Strait of Hormuz - The New York Times,2026-05-31 20:48:58+00:00,The New York Times,news.google.com,https://news.google.com/rss/articles/CBMijAFBVV95cUxNa3htZ2xJU3pTbko1VDRIWEtRU3BSWDY3aV8yak0yeWNZLW0ydUlEdFplVjBhQ2o5RTJpR19YR3JnbVl2Q1pyTjlEa0g3U2lHREY3LXZEZ25pb01HUHVCeWdET2ZfQ2pTOHN1T1F0TmdFWFM3ODFtZU43UGNBOWFyaXlwbHYzVTVTR3ViOA?oc=5,Persian_Gulf,google_rss,Persian_Gulf
Russia–Ukraine conflict sees renewed accusations over strikes and ceasefire violations - Newsonair,2026-05-30 21:31:02+00:00,Newsonair,news.google.com,https://news.google.com/rss/articles/CBMisgFBVV95cUxOSGJMams4NXg2eWZOZEdCRGVrZjJqeThjb3JldXhubklkVnA2WFZHNWY4WENrb3ZNTmp1cTlSMWlqRDBlVnRJSk9ldmtMZmRTQ3JoUF9DaFRsNG9MeFVtZ2lyLXVNUGNidGFTNHZnRkZrVHQ1Umo2YXVsWl9VekN4amZPODAtUnhjbEdIcV9lb1hIOWQ1aDRlUlpFdE05RmRKdW5xNm8zdS05UHhqalJ2WUFn?oc=5,Black_Sea_Ukraine,google_rss,Black_Sea_Ukraine
More ships are quietly slipping through Strait of Hormuz as air power scares off Iran's attack boats - Fortune,2026-05-30 17:01:00+00:00,Fortune,news.google.com,https://news.google.com/rss/articles/CBMiowFBVV95cUxOVmRNbjE1aG0ydTgxUkQ5eFczaktxZ0RSdGFZakF5dk1jQWwwclRxeVlESkM4dGlPRlBqLXFYeW5xSVA1NER1ZjBoOThBRnIwb0pvOWkwZktBQng3cjBtckNXV2FBcDRyNTNsbUhvdTZMRTFyNWxtRkIwZVpRLTVVQVU3ZG1LVGxfUTR0NEpFbGt4LUJTWDU4UVVibmNLaHJobkNv?oc=5,Persian_Gulf,google_rss,Persian_Gulf
Russia-Ukraine conflict: AFU keeps up assault on Russian oil infrastructure as Kyiv braces for more strike - The Economic Times,2026-05-30 13:36:20+00:00,The Economic Times,news.google.com,https://news.google.com/rss/articles/CBMigwJBVV95cUxPUTZISk1hcW5ZbXZKSVZQZFM4aG9rQ2Rkdzl1bWxlOHFlZUl4YllHbDBXR1IzbEhNVGpJa19XUWY5NloyUDJFR1Q1UDMtclNBOG92YWFQc3ZDTnl3Tlo1VDR6cVRENTYwQ2xfM3hVeVF2VUNveENPb0R0RTJHbW5wOWJDNWdvSjJTa2NoazNLdi1KVHRFMm5tYnlDNVpsQmpjS3A1czBCNXNvaWVuV2tDZHhhazFtVjBvNXo0QnJ4SzZaRzgxVmdiSU9qQms3azZ2SEotLTQ3OW1BN0ZXVzRUX3ZYQVBBQkZQSkYwbzEya0pNSVpQa0hUVE5rVEhQUU96eHRR0gGIAkFVX3lxTE9nRmlEYmkwVk5tUGtnQzlMTks3MDhkZE9PVTVQQTl0bGJBSW41WHdRQ2tfaUxVSHFXeWtvTkNQZFkzSVg4YVBaQmdSaVhFNmdkNU13LUV2eWJoVElkSDlzMHRjMFhULXBkZDEzcjZfLXVFSW9xRHJId2tfT1k3M0pSQ2xTSEhxWTBNd2NtbktoWXk2aDY2VVNnNVk4WlBwMjVwVkF5dzA4Ny01eGhvbW9yblh0MFZ6dFN0UFF1SzJLVVdpUnE3dWIybXZ6ZFM5cW13NWtBRENrcWp4aWpQQW5LODRsVWpPcmV3U2U1VDNHQldPTjhRLW5BWC1UbmMwV1c5Tk9jQkdEbw?oc=5,Black_Sea_Ukraine,google_rss,Black_Sea_Ukraine
"Ukrainian military destroy two Russian Tu-142 naval aircraft, Iskander missile system on Black Sea coast - The Kyiv Independent",2026-05-30 10:04:42+00:00,The Kyiv Independent,news.google.com,https://news.google.com/rss/articles/CBMiygFBVV95cUxNNnZ3ZjA3T0FtSHJ3bzNiUW1McjE2b0w1MTdSa1lfMDF0Q09KNGhfWG5HZjQzdV9SNUEwX2YtZUs1eS1LTXE5cnRLNmk1aEJRdVVLbG1fdXFfV21POThjNDdqa0k1V2ctQVFaWTFURWtRMWE3OFV2MTNJMEdYWjhCRnJ5Zm5Od04xdWp3RTM5N3MwT2FmMDhCb0x6SUpXR2ZUcW5nejkyQkVLUUFxT3QwNVBha3pXRDhvSHNUMm9LY2dfX3RQckFXOEtR?oc=5,Black_Sea_Ukraine,google_rss,Black_Sea_Ukraine
"With a stalemate in Ukraine and discontent at home, Putin seems ready to escalate his war - PBS",2026-05-29 17:14:15+00:00,PBS,news.google.com,https://news.google.com/rss/articles/CBMiwAFBVV95cUxPQzBwNUZXMWFMNERKZVFoSlYyM2tHNVBmR284ZVllTXdKUFRnUjhPeEEwWUgwYjNXc29ETmNib1dhV1Z6akxJUlk3dWZaYjdVSmhfMDA2M0ZGNDQ2TkdjSGVKdkVNNEdCZU1taldTOG0xUUo4c3QxOHhfZlBySjc3YndEbUtoYU1mOUhKZWVCNS1yUjJmbGpkc0tfZmxkUHFWNkJWbHRGT0ZxRW8yZjNrR3lGVHBTQXR0UXY2eW5KUnjSAcYBQVVfeXFMTzAwYkgxdDFPNXhSM2pjZ0JPbUdZenZ5TklOMkRrZVphaFlNa2haQWlEd1pMaGNhTlN4eXF6OVYxT3NmUGdiNVR5UUY4M3ByaTlaZ0NiZ1NBbVdybnlvWUdCT0Nvd2FHVjBFbl9kdmtzRzc1QXl4Y1lCS3piWTVkSlp5a2IyLXR6LTJjZFk0dm9QZFVPbkJzeGNlekg2QW9BSU9Gdzl3cURsRzZDci02ZU5oamo4TjJEeXk5OC1yUjliMkJfVmF3?oc=5,Black_Sea_Ukraine,google_rss,Black_Sea_Ukraine
Russian Drone Strikes on Foreign Ships Raise Fresh Black Sea Security Fears - Modern Diplomacy,2026-05-29 06:52:40+00:00,Modern Diplomacy,news.google.com,https://news.google.com/rss/articles/CBMitAFBVV95cUxNN0J4cVBHYkpGNDk3ZlVlM25LdG5Ec3NDd1lUNkhaSHRhcVJRUkZkUERqTVZkeUxzenUyUlE1ZDNPaWc3d0JIaEVidHZVSjNUWU1qdXdzbm8zRkxnWnFtSkxEdDJjMk0wRVd4a2p4QjhTaXoxXzYxQk5OU1YzdkQxc0pWdEI0LTE5cERrTms2bnhhRE5lN2tBa0s1djJaUUdPOHRJMi1MVDZycUNkaE50ZnBUb2o?oc=5,Black_Sea_Ukraine,google_rss,Black_Sea_Ukraine
"2026 Iran war | Explained, United States, Israel, Strait of Hormuz, Map, & Conflict - Britannica",2026-05-29 05:00:00+00:00,Britannica,news.google.com,https://news.google.com/rss/articles/CBMiWkFVX3lxTE5nTzlhOGZTS180cWNtVG91c2VWRVJFYlk0cW5Ba1RHUEFOSEtldU15QktQT0EzRVY1ZVdZZ0VTRHVWTVhyN1IzeU1wbmlDMUhrQ3Roc1YxcmdMUQ?oc=5,Levant_EastMed,google_rss,Levant_EastMed
"Russia shells residential area in Dnipropetrovsk region: Many casualties, including children - ТСН",2026-05-28 18:26:29+00:00,ТСН,news.google.com,https://news.google.com/rss/articles/CBMiygFBVV95cUxOcjhfVEdsWDV4d1g0TlRmOXlxendhaVBmVjQ5SVVrbVhtR2pMcDByVW8yLVhvY01GdUZBYjI3d0k0NGlDQ1BEYTVQX1JyQjJ2cFNZOFVJTUp0TXRQcHlfS2kzLU9aUm5WeGdNRldsTTk3aTE4UkR3cjlJNnNLNVlzeTlUdVdmd3NwNmdxRGNHVXV1OEs5Smw0eTZrelByWUhjQlFzejJGcVVSejY1OHFGdXV1NEROLVJYd19fVi1nTlo3WHE3Ylg2bWF30gHPAUFVX3lxTE9QZ0JRUHhqbHRLdkE3UGxyT2RFeFl5OE1LN21leC04N1kwUHQ3OEFydDNGdXpFcDNGMGQweVpfTHZNSm84Q3JpeFBfNGdITjZ4VE4wUTEzS2doUnY0c3p0bnZsMVZUc3R3MExXTWtlRFFMY25DdTM0NzcwY29VQXg4UkNCaGpwSW5mV1A0bzFSTGRGOWRFYVhCeTRQZ0x4VHFuWlZESGI4aGN6V2NnZ04tX3dlTnRyN0x0eWtWZXI5aTdqUjBiaTZ0Y0ZZb25KZw?oc=5,Black_Sea_Ukraine,google_rss,Black_Sea_Ukraine
"Israel intensifies attacks on Lebanon, killing at least 19 people - Al Jazeera",2026-05-28 10:58:34+00:00,Al Jazeera,news.google.com,https://news.google.com/rss/articles/CBMitAFBVV95cUxQMkdya1ZjdzZXaThIWW90eTQ2dS1xMW5zSnhpcV9KU1laQWFMTHNlSGE4Wi1VZUJyY0k4NWJaUFRVdEFmb0J2ZnZ2eGtrWGV5aC1xVzgtLTZ1MktDckJQZHRjaTJnbHAzcjRBRUJ3TEl5NVI4eGZpSTZXYS1wR1ZRSVlMSDR1bnV6aWxwSnptMl9HdEVBS1NHa0p3UERsdklNVkh5cFFpbF81cHhNUjRfZF9nU1PSAboBQVVfeXFMUENUWmdtb0VheHg0ajQxZ0hoLVUwYUFNZUhpVl9WOEdqTlE5dzN5LXdPR0xRY3lIUFp0eTlOR2psMmFrVm1ER3hEV2hNdHpyRE8wTlozNnIyaHJ5VjAxOVBMdmVpM3dLSXJRTmlJV1JrWURuZHprRG5CNVp4V2JzanhJVVFuZTBuTF9tUHUyUzBpbzRjb2lTTWdCbkFwZGc1TlZOOTlad2VIejU2M1BtV3R3Vy1zdWV4N0xB?oc=5,Levant_EastMed,google_rss,Levant_EastMed
Israeli military tells residents of swathe of southern Lebanon to leave - The Guardian,2026-05-27 12:55:00+00:00,The Guardian,news.google.com,https://news.google.com/rss/articles/CBMinwFBVV95cUxNNTRZMWQ2TnEtYWo2Y1MwZW1xcjh6WGlNRTZteEVhTXlwZXpmd0FXWC03OVh3aHRmeVoxN1VNLTJKLWNhYUZVN3V1a0FPSVE1VmVQbjJkSi1wbTZyQWFkdlB4bUJWZE1hdjhKTHpSTlVSaFdfOTB2bnBiTUdpRzJQbjliWFpWY2w3VEdmWU5xTldJT2VDcXJ6QlAwWFc5N2M?oc=5,Levant_EastMed,google_rss,Levant_EastMed
Israeli strikes follow displacement order for Lebanese city of Tyre - Al Jazeera,2026-05-27 08:41:55+00:00,Al Jazeera,news.google.com,https://news.google.com/rss/articles/CBMinwFBVV95cUxQZk5oWjYxRVBMX0lPd3FKQlRkNXRxSUdCemMwanRxcHBHeVJTd0tib2psNGgxZEZiRWh0S1ZUUVV6RFVHOXFENzBLaEsyTjVlOWtsQ0hSbjZoeEM5Nl9fVGJlQ3ZISUZ3SGs1a214dG1uR1Z3RS1wSzA4UElHZFR1dHM3eDZTVU9UOVF5eHVndGM5SXFMNzNVRTczVWVDdEnSAaQBQVVfeXFMTVVIeVJNY29mSVk0eXFnSHA3VmxqeFA5VEVSMFZtTktrbmxSSUFvVVNSUWpDOTdDaHViLW9PbFZXOGNfclRXa0c5cU9kNUZQYy1WanAweU45UjE1b1c3dXJWX2NmdW9Fcmpac1JjcjNRYkZDb0hydmhlVkFsZEpPZW9QTkwyU2ZpWkgzMU9lZ0ZzNkNPOTlOYzFrQnRhUzYtMl9XR2c?oc=5,Levant_EastMed,google_rss,Levant_EastMed
"At Iranian school devastated by airstrike, grieving families say they will never forget - PBS",2026-05-26 22:45:28+00:00,PBS,news.google.com,https://news.google.com/rss/articles/CBMivAFBVV95cUxQbnZwMTQ4TW1jU0NjbDl1aGlKdFN0TEozSkhzVTk3OUNGMjN4OFgxb29PVTRzckI0cHkyV29zdjdNVjlxNzdWVDN1V3ZyOGhTQ3pVX1B5M1VZZElpeWpBMWltLTZvN0Q5NHNQcG9XN1JYcWF2ZHBuVGxnOUttV3c0bGdDQUZ6eEpwbGdoNkMyeVBpaVVwVTZHSUJxelZtb29NU2UycnFTcExTclJqWjV5YkJaR293eERtOFI2Sw?oc=5,Levant_EastMed,google_rss,Levant_EastMed
The Wars in Ukraine and Iran Are More Alike Than You May Think - The New York Times,2026-05-26 08:08:39+00:00,The New York Times,news.google.com,https://news.google.com/rss/articles/CBMikAFBVV95cUxOWHN5VmtLY3Q4ZmFLNDg0U3ZtR0Z5QXFSS3dZSjd0OFJQNGEyX1BvQmZ1XzFmdGgxeXowMUV0RHhNZl9ZQS1FUTNXR21UdHVxZlFoc2JrNDFtQVFTcWs0V21jRGRqc0hyQ2hVaXFzTmR2TzB4dm5vQUdULTlvbUhoc2U2NFZwTDVLb3I3QnFseXc?oc=5,Black_Sea_Ukraine,google_rss,Black_Sea_Ukraine
Is the Iran war quietly exhausting America’s ability to fight China? - The Arab Weekly,2026-05-25 09:13:16+00:00,The Arab Weekly,news.google.com,https://news.google.com/rss/articles/CBMiigFBVV95cUxQTF8zWmZoOEVjbVdkcU5zSXZuNXZLTktKZkQ1MWJMdzVydmpZMGllNWQ4WHEyWHhPRGkyNi01MzdRcFZWaXNoRTZpaGNfSUFCVDFPNFdmb3JnSGl6VDRJNjRjR2swY0dDeHBiTkZTcTEwLVd0QjNhQTVDZVhNXzdTQ0J1YTRnV2wzMHc?oc=5,Levant_EastMed,google_rss,Levant_EastMed
Here’s How Iran Could Respond to Renewed U.S.-Israeli Strikes - The New York Times,2026-05-18 07:00:00+00:00,The New York Times,news.google.com,https://news.google.com/rss/articles/CBMijgFBVV95cUxOZDljUkFUbVJ1QklqWFZYNndkNTFoMWNvR2RSRlhnOHhMY19yTFEtVnJDbUMyaGkwZHRmblQteXpacjFxdmppYVVnX0tCS2pYWUVjazBPNnFHcUxZVHllN0ZIdXEzcGR4SnpaaGh6M1h5cVBSZlhXR0pwUjZoMURxbExkbHNvWXpnY3I3YnNR?oc=5,Red_Sea_Gulf_Aden,google_rss,Red_Sea_Gulf_Aden
Russia draining Black Sea Fleet of specialists amid losses and doubts over admiral's competence - The New Voice of Ukraine,2026-05-13 07:00:00+00:00,The New Voice of Ukraine,news.google.com,https://news.google.com/rss/articles/CBMisgFBVV95cUxNcmxJNktOQzZqbGxZNlhMQllDNmg0d2ExRmpDemNROVFRVGlUU1dkYm9wVVpnUmZVXzhsYkZ4aldrb0Jfa0JoRWx5dnFxeTdiX1dZMURTdk5panhfeG1jNWdERm9QemxoZjdwZTJOMTd0OElLeDN5N2h5dVdJdlhpUlVaOEpMZ2VLRW52a3I4MUhEVm5JQUtZdGZtUkhvREZIeWF4ZXhrNzJFN1MzVU5wQ1pn0gGuAUFVX3lxTE9VWDVvbGM3cG1EZVJoWWxLQjJYc05jLThWQmVNRlJvWC1MLWtRNWF4Rlc1bHhrLWR5ZUVBZXJlZlc2LWc0aXF5OXI0V3k4aU9LMWFBVXpDV2N4d0dOQUotaHNIYXFSanQ5Qnl4aFQ3MTNWbjBWQ0gyM0xycFJtLWlLdDZtY3ZaSmxfRkNpMV9EYlp1S3h5dmtsanZqNzRXNnhHdjRoQTlNWGt0YmFpZw?oc=5,Black_Sea_Ukraine,google_rss,Black_Sea_Ukraine
"U.S. Refueling Plane Crashes in Iraq, Military Says - The New York Times",2026-05-13 07:00:00+00:00,The New York Times,news.google.com,https://news.google.com/rss/articles/CBMiggFBVV95cUxOS0ZFNVpfQnkwMl9ZdG1rN1hodnNvVnNsYldIY0tqMHJNVFc5Rk04a0FITk0yRFJvTk1Db1FHVVhKcnl5VFloQ2F4YlhfNEJieDk0czZyMVk1cXludERoblRKQmlrYVNSLU1rSXMzWVo4VE1jaVFMYVgtajQ0WDVaUnBn?oc=5,Persian_Gulf,google_rss,Persian_Gulf
"The Iran Strikes, Explained: How We Got Here and What It Means - American Jewish Committee (AJC)",2026-05-12 07:00:00+00:00,American Jewish Committee (AJC),news.google.com,https://news.google.com/rss/articles/CBMijgFBVV95cUxOaDVleG42dlJ6RVktQkxYdTYxYVFSNDU3UFFwZHJqQy1VeG5WV2oxc2gyaEhTYlBBNG9OTFFHVkp4aTdqRlFKNWtMLU5QdEllZVdNejNJLWhiTVBwUE9COVZrWUNiNFhCbmZyaEE2YVpVcV9rZzdMSERvWlhGMUg4VDZyb3AyRkhFd21nZGJB?oc=5,Levant_EastMed,google_rss,Levant_EastMed
"Trump Again Shifts U.S. Focus on Strait, Pausing Day-Old Escort Mission - The New York Times",2026-05-11 07:00:00+00:00,The New York Times,news.google.com,https://news.google.com/rss/articles/CBMidkFVX3lxTFBsaDhvV2VlZnF4V2l5UTlPWE9qZzkyM3dPWndXSnd4NEVKSXlaVFdRczBlZDFsdFI5dndsQm9SSEx2ZHE5c0Foa1RHZmtfQk1WajhQdjB4VUxUX1dNXzBNd3JfVEMwYk1fMjNEdEtyRkhFS2lxU3c?oc=5,Levant_EastMed,google_rss,Levant_EastMed
"U.S. launches ""self-defense strikes"" on Iran, says warships came under fire in Strait of Hormuz - CBS News",2026-05-08 07:00:00+00:00,CBS News,news.google.com,https://news.google.com/rss/articles/CBMihwFBVV95cUxOazFDeWF5OXlhUHFnX01POGI2eWpkSlItaG11T3ZOZ05kSDRVbGcwRTNJTVhBYWE5QzhQRUlCejBmaW9JQ1p6U1U1WkpNdGNqdGkzQmtNVVBTZFZEaDFabHNJemZMSHNzaXpNV2lmZHA1cmFhRXFOVjJBZ25kWTdvUTVHY0RZNjDSAYwBQVVfeXFMTVk1d0s3S3A0VXR0YUhPbkdHdVVGdnZ1ZWhWMUNCX24zT0lzS0xiU1NVQlVzRTJJNU5GRGVURzg5NHBpNXJwMGNRelZFT29NSVJlanBOR1VlUzVTVHJGQmpFdWI2WUNSeEdHQWd0ZXRPYnd1V2gzLTFrMXNQSENCYW42d092UnZBSzlMT3Q?oc=5,Persian_Gulf,google_rss,Persian_Gulf
Iran accuses US of ‘reckless’ attacks after exchange of fire in Strait of Hormuz - SMH.com.au,2026-05-08 07:00:00+00:00,SMH.com.au,news.google.com,https://news.google.com/rss/articles/CBMiywFBVV95cUxPVkwzQ3h1UHVXMGdZcGZVR2hKNGllSm1RdEFSV285VkxGRW9PNnJqdVdoZUNEYkN6MThHcUhrYWNLNS1QNUNsZ3lUS1RMT2w1ZUVYMXhtWGdoZHdTb2lDRkJQZGE0X2ExVm40eUNCcHhHWkdYQW96U3Npc3FBQ1hjdllscEI3VWcwSjRMT0xEblBwZVk3TzdyYkNkdmRyVVVxRW9ZM3VfRnZiaXNIbU9uQVRuaVpZS0JWTkx2dWhYdXlFbm00SnN5TG9mZw?oc=5,Persian_Gulf,google_rss,Persian_Gulf
Sporadic clashes erupt between ‌Iranian and US forces ‌in Hormuz strait - France 24,2026-05-08 07:00:00+00:00,France 24,news.google.com,https://news.google.com/rss/articles/CBMi2wFBVV95cUxPOEJfemRVeFNmb0FsUkdWNUZNWnJWMlc3aFlkMnpCeXk4WEJKeGVsanVmQnNkby04VlZKU0J0b2l1c1BjOGF5emxMMWN5TXZiX0dBZkpGbUdaVmZxSDRPOXVBU0ZFaThsQ2F1TXZVd2c0dTJvZFViZnpjanFqSlN3YlFqd25zNkNVY25TQVFqdHVLZm5qTUF1TVNiNjdPaG1tZkl1XzNlS0Z6TnpoU1JlbUJ3eEItUk80bXl1S2t1dThoQmxGdU1selQ3QXdvRUZ3Y2VSQm1FM2lCVFE?oc=5,Persian_Gulf,google_rss,Persian_Gulf
The U.S. fires on Iranian tankers trying to evade its blockade amid a Hormuz standoff - NPR,2026-05-08 07:00:00+00:00,NPR,news.google.com,https://news.google.com/rss/articles/CBMia0FVX3lxTE5BbjZ3U2RITVlHSDFRU21ZY0p3VzN1RXVuNEo3VzJ6X0VlSC1qaU42OUZaVHA5b0hzWDVKemlxc2hkSUJaSFhBQmlyd2tsOU9xeGZ5S2NIaElKOW5XbWNVeVVRV2F2MWJmNjZz?oc=5,Persian_Gulf,google_rss,Persian_Gulf
U.S. military says it intercepted Iranian attacks on 3 Navy ships in Strait of Hormuz - NPR,2026-05-07 07:00:00+00:00,NPR,news.google.com,https://news.google.com/rss/articles/CBMinwFBVV95cUxObENkOFNhc08zdzBiZEpmMGQxVzZScm9tZ2NhcUpxd0FMRUU3YUpuTDl4eG9ER0JnaWNQUDBLcDd3b1Vhb0hBeV9rd0xiaTZVSG9rSTBvWmhLNjgxNTJYVmQzWnpUS3pVV3ZSaUM3MWUwMkRDajNUMHItdGowZHpHaWNPQUJnN09KMDdrWmN1Z2NVbHd2M2xsRGJSXzN1S1E?oc=5,Persian_Gulf,google_rss,Persian_Gulf
U.S. military says it intercepted Iranian attacks on 3 Navy ships in Strait of Hormuz - Los Angeles Times,2026-05-07 07:00:00+00:00,Los Angeles Times,news.google.com,https://news.google.com/rss/articles/CBMiuAFBVV95cUxObG1oSy1fNGNza3RnbnhPRVBkeERlVnVESWYzdlkwMDlEbGo2NmpOZWdwckFpd0xENEVMcGtoT2YwRDlpcWF5bjh4NFlZbDJ3d0d2eGlvcGtMQ2EyVHJXNTJ1bkRaMzhDNUVQRDhtazZ1b2lleUUxRENVY282RlVQc29SdWNyUFlEa1RtZEFLSXh0M2g2bGtTbVQzZWhMemFfWXNYMm1Kb2xKYWw2bGhwLTlpYmtjQUtY?oc=5,Persian_Gulf,google_rss,Persian_Gulf
U.S. and Iran trade fire in Strait of Hormuz; each claims other shot first - CNBC,2026-05-07 07:00:00+00:00,CNBC,news.google.com,https://news.google.com/rss/articles/CBMigAFBVV95cUxQc2JaSmgxcjBGamdfUkdjcnRMNFZxT0dHX0ZuSEVQbHdQUkxjZFZrVXhkN1NoMjFnZjRlVElhdGJvaEs0QlI2eEJjUmgybFE0SUNYTlVVZndwNWpYcFcwSHFMX0xGU3FxZE8tVkY4QXZzQ2NwQ00xWmtkcG9kUnEyc9IBhgFBVV95cUxPUnluRmctQlVmd1JjVUI2RkpHakZNcG92WVNwSHB2QklseGY4V0tCTjBybWtYWkNmX01HRjR6VTU5dGl6cGNJTUU5T2dzZkktc1VDUzcxWFhLaDdmbTQwdEdkaGhOb25aNzEwaEZVTjVHZGU4V2p3N0dGZDJMZ1NOVjFiYkd2QQ?oc=5,Persian_Gulf,google_rss,Persian_Gulf
"Iran has hit far more U.S. military assets than reported, satellite images show - The Washington Post",2026-05-07 07:00:00+00:00,The Washington Post,news.google.com,https://news.google.com/rss/articles/CBMikgFBVV95cUxNZWdLU3d1NG14Nk03RmtNUEs4NDlTdFA3ellOb3ViNUNpSWZOMUZEZ1N5bXRjbm5rRDVxeUJLeE9qRGVnTUdaUzU2VjJrbDRFUUhiZ3hZcnI0bXFHRjBrTUNqTEdMVjBsTXR1ZHM3UDdsU2ZTczRMSHNqNjBBUXgzZFhtUjJkNk5iQ2JTc1pmbjNQQQ?oc=5,Persian_Gulf,google_rss,Persian_Gulf
"Trump threatens Iran strikes, says too soon for new direct talks after reporting ""great progress"" - CBS News",2026-05-07 07:00:00+00:00,CBS News,news.google.com,https://news.google.com/rss/articles/CBMikwFBVV95cUxQdUt1Y3NZUjhjb3dZZXdENjBuVVJEbGoxZUVRZE16N1JCLVlxaVZyNTlna2ZUOVllQXAwX2g0Sl9XM0swYkVGcEs5YU9NZi1IV3p4NGh5WG1Lel9oSE9BLTAyZVNCcVR0MVAwam1HUkhMaFc1NkUxSWVoUFZYQVZQcU00OF94VWdibWFRUmtPUUMyMTTSAZgBQVVfeXFMUHFOZGZsRXhzaWtvYWVLM0FaNUt2TjlBZlltVkt0V19id0VBZkVlYW5NMHpsaHNoRkg5LWdES3VqQUJ5NnAyTXN1UUN1Sk9yN3RiY2t2a29jUWRqcEV1MzZJNmdHUURDNG84bk95cWZMQjc1dmtqcVNURjF2NGNwX04tMEdjT1BVcHhnUXhqTGZ3MHhWS2pzdS0?oc=5,Persian_Gulf,google_rss,Persian_Gulf
"Rheinmetall to Supply Ukraine With 100,000 Long-Range Artillery Shells Annually - UNITED24 Media",2026-05-07 07:00:00+00:00,UNITED24 Media,news.google.com,https://news.google.com/rss/articles/CBMiwwFBVV95cUxPdG0zRGlLZkM0M1RQMVk4LVFFT1dyc2pKUExWMTNLemlFamt1bEN2MUdYZF9jMHdTV0RDQWdGMU9hc3BzUkpVamN1Umg0QVhuM1dUVkR4RFlZZWF3ZUowS2pKdjQ5VzBnM1J3U0lLdFQ5eWpNVFFwUjFoNWVoQWJVR293SE1hY2ttcUlySmExZWNkb29WcXlVUFZHZExzdlgzdzZSWVlEV01lUkY3d3pNV0U5VkcwMDJyVEdMdmtPUGVwR1k?oc=5,Black_Sea_Ukraine,google_rss,Black_Sea_Ukraine
Yemeni Civil War - Britannica,2026-05-06 07:00:00+00:00,Britannica,news.google.com,https://news.google.com/rss/articles/CBMiXkFVX3lxTE5nNGFkMjBUdUhBTHpIbm1aVm8xdjZOd21uSXEtdklGSVZWN1NLWjUzSFN1QWtrSEdQdDMyU29nQjd3dUFxNFNtRjhOeUhJMzF5cW1hZkFsVVRRWm00dWc?oc=5,Red_Sea_Gulf_Aden,google_rss,Red_Sea_Gulf_Aden
Iran says Strait of Hormuz passage to be ensured after US pauses operation - Al Jazeera,2026-05-06 07:00:00+00:00,Al Jazeera,news.google.com,https://news.google.com/rss/articles/CBMirgFBVV95cUxPNTM5QWVLWUNIV1MzdVBqU0dPNjdrb1pSeVNiUDFiQjhqMXVITjFzdjJ2R2txa2REM1JtYkR4Nm9VWkZfZFZ1MHRGN1loUWROX3h4aUNSWmZaSlQtc0gyOE1VODYzWFNkeXNFTXBfaC0wNF96TV9rSE9Rd2oyYlp4a0NXNWpsZmJ0STlTQ0tDX2NwbGNmTjdzNFQ4enBONzlsNzdtdFE0SzJDcE5LV3fSAbMBQVVfeXFMTWVYSm9hVjdmNlhMbWQ5eGlibkJuMjVKbjB3bW5hWG5JOXM2T05lQU9OMFBUVXE2blcwVlVEcTZaYlVyQVJKanZqd3IzSFl6WXRNSHhtVVRKdUxWemxMRFA2NmFqRGo1OEd5QWViNWRNT2tyNmJOWHBjZ0Jfelo5NWZicm5Mc3dLMjFGZzJYUjFiVy1WRC1GbGFlTXF2cnRhTy1XeEVTVklqeHl2MlNINFNjOGM?oc=5,Persian_Gulf,google_rss,Persian_Gulf
"U.S.-Iran ceasefire holding for now, Hegseth says, as Trump looks to finalize deal - CBS News",2026-05-06 07:00:00+00:00,CBS News,news.google.com,https://news.google.com/rss/articles/CBMikgFBVV95cUxNRDc1NVB2ZFk3QmhuM1IwWkM3dFJsMmhlclk3WkNLeGN1bDFlMmVXdzZMZVNOWUh4TWFRV1lVNEVQajRDNHktRXJIMmdVcnhsam04WUpUNk81SHQtdENvRFdMdUxOQS1rTkdCbC1VbEFvUnZVblFRSm9UYUpvdVNlSnc2b1k0OGZHWGJnVTdQNXZrQdIBlwFBVV95cUxQcXRCUkZRMGwyNWxuZnVjRl9tREhma0JmS0VYSlFYdWlPMmFlRlk5MFc0ZktHYVU2Q2FVZzFsYW94enRuMmhRLXF0bi1xSHUzUGtHWnhUSU1naUtBUzRSdFloNjFnYnNoN21VQ2x2WEJRYXYwV2xXNWxDZE9KeG1ULTZydFhxaUdHYTkzYXdlLVhNbEZlTDBZ?oc=5,Levant_EastMed,google_rss,Levant_EastMed
WATCH: Hegseth and Caine say Iran war ceasefire is still on despite new effort in Strait of Hormuz - PBS,2026-05-05 07:00:00+00:00,PBS,news.google.com,https://news.google.com/rss/articles/CBMiywFBVV95cUxQSUpoUFpJdmQzVHNIam5HTDhZdTJGU04tSFNCUHJxbmdISkh1dHRRWnNHX0djcTBIU3R5NGlFcFRCdGZuWG1VT0F1dE1HQkhZQklzWTJvYjU2UVBKcU1kcHJqRHFvaTVUbXItbTM3Z0MyVTdleW0xOEhmUng3Ty1EeXNpUGtHdmMtTURhWWhNa0I2QnU5UXNlOEVKNVF2WXpPUWdiZU1oTzA1TXZfSTMwS1lmZlRtVXFkTGNDOW45dXN4LVdHQTFtbEUyb9IB0AFBVV95cUxNaXZWd0t4NDk1cmlSSkRPdEhVakNzOVZHX2NETklvNjI1Tk5rQm5NaU1kZjBjVEplZndQY2xvTlEzNmRQQ20zV1FvVWhBRmxEbVNFOU51STVDV0pSQXExc0I2ZWtFdENSNDNJNm1ROUtFTG1ySndMalF1YmlDdVBCN292UGJ2OXNJNzgxSTNZTHVSWEFET1J6R29temJLR05uT2RFZzktbmo2Sl9VY0lvMjZXZW9yRnNONnBTN1pvSTdCejdtTEhmRFh6VG1wZHM1?oc=5,Persian_Gulf,google_rss,Persian_Gulf
Marco Rubio says offensive stage of Iran war is over - France 24,2026-05-05 07:00:00+00:00,France 24,news.google.com,https://news.google.com/rss/articles/CBMi0gFBVV95cUxQZTkwT1BzSDVjQjBhN3ktUUZJcFlpYmxvV3lrNjFPakVlUEN3WjRGbGdVa1VWWGlkdk4tRXJhcmtuUEl5dW9hZjdDTGk4ZTdtUGktdm1RekZfLUhhdVpxM3UyU093LWZFeUIteXBGV2NjMVBwdVg2VmlJQjN4NGRUMEZDdmVuNGowclFwRG8td2VpUXdjVVgwSTNfQUJsVzNNMEViMUswZWhyWHZ6WDVWUHJsU2dNTi1KV2RaY0p4TnNQb2VYc2l5LTdkdTJQNWUzYkE?oc=5,Levant_EastMed,google_rss,Levant_EastMed
U.S. and Iran exchange taunts as attacks imperil fragile ceasefire - The Washington Post,2026-05-05 07:00:00+00:00,The Washington Post,news.google.com,https://news.google.com/rss/articles/CBMihgFBVV95cUxNckdPV2dIXzh5YXJBSExUc3dsLWFBZkJSWmg4UHpLUTd2OFBUT1BzMjRmOUU0TTBFYjdwRVJaYkh2cjFueUp2ekNWMkRUNTZSQjZRRVBicXVTRTNwMHpxYkxHVkpXNHNQcWVyT0hzZV9LWnlVNmw1aWFqLWloUXlWSnFDaU5IZw?oc=5,Persian_Gulf,google_rss,Persian_Gulf
U.S. sinks 7 small Iranian boats as Iran launches attacks on UAE and ships in Strait of Hormuz - CBS News,2026-05-05 07:00:00+00:00,CBS News,news.google.com,https://news.google.com/rss/articles/CBMipgFBVV95cUxNLUNwMXh1VW50OTdEczR6ejZWbWJhbWY5YU9nYWdoSjFLLWdWREtNYU1NMHRWMUYyODZSSWNoZVluVF80S0dtWkJzQnFkS3JCV1JRNmsxN0paOThwTmphcWt4NXRoU09yZmd6OC1XMGdTOUxmNFU5b1dVdkhVVWxjTTFtZXhUZ0Jya1hBQkk5TnRobFBCb2dIcDhINmF6VllJR2sxTTN30gGrAUFVX3lxTFBlNFJyUjRmanpEYi00WFBBdUo4S19sSHVrTTQ1ZEQ4NlJFMDhMejRiekdsUm9tcGwtNlB0cnJKVUdQZlNRUnVTVG8zQVQyNHNZQjItRm8zWWs1WGFlQjJhU1N2UXNTWHhvTV9xbVl5QjNjVFlCSnFlM2hVbkx4cXFMcGN3YjF2cWlmTmd5QkltNzhOWGxQUmtVVUJMeW9kTm5HZXpEeVhuR2VlYw?oc=5,Levant_EastMed,google_rss,Levant_EastMed
"Trump pauses effort to escort ships in Strait of Hormuz, citing deal progress - Reuters",2026-05-05 07:00:00+00:00,Reuters,news.google.com,https://news.google.com/rss/articles/CBMitAFBVV95cUxPQjY4eVh4Y0MzcE5FOGdNRTZqS1pOTV9Za3ZsUjRiR3c3ZGg3dklxT1BTLTRzUlNPUFJEai1HQXIyM2hNNkhxU0tGdnZxVzd2Y3I3TXF6dlFoMVJYYTlubDlZaG1JQ0tFOFZPNXpTMmR0akItbVBrbGJFLS0ybzJNUTFmdFlHcGRmVXh6NEtfQUNUa2pFejFrZ0pyMlV6MXlzQ3Q0RHFwRmFqaS1udGdRRzNSRjQ?oc=5,Levant_EastMed,google_rss,Levant_EastMed
Maersk says ship passed through Strait of Hormuz under U.S. military protection - CNBC,2026-05-05 07:00:00+00:00,CNBC,news.google.com,https://news.google.com/rss/articles/CBMif0FVX3lxTE02N2x1VmJTa0xhcjVpeWZXQ0lpanhpLVBFc3pwZnR3XzZFYUVPYXlrVk9OX2Z6ZWlIU2VKOU1iREpDTUhWNWZ1ajFzcThpLVRJRzh6QlA3T29oT1dIdnJpQlgxelRwbE1vRmtySDJPbXFmbjRxUlFUSFdSQWFEeHfSAYQBQVVfeXFMTTRZS041MVB1REZsYzBuRkp1ZmxXNFNYTUZMcmlSbG9GSnl4WjdmV1V1S0NJY1pWb3FYZ1paUnFQMWNoR1dGQURfaU5tWWEyV3M5d0tOZFNNU2VxS3l0RmtNZnE5R1BfeE9tcTJtaHIwWDFmLVR4eWZNaWdhUHhnNGIzUmxS?oc=5,Persian_Gulf,google_rss,Persian_Gulf
UAE Reports Missiles and Drone Threats; Trump Says U.S. Will Guide Ships in Strait of Hormuz - The New York Times,2026-05-05 07:00:00+00:00,The New York Times,news.google.com,https://news.google.com/rss/articles/CBMid0FVX3lxTE83MmpZTm5iSHpxNF8zRDhXXy0waUxVQ3A3TDFkdlNsV2Q5SjgyaDZ3NUlnVTMwTHVMSmx5aW1sdVJUWGczWTAwb3ZrX1FESDRWcVB3UnA5M3d4b1Z0YWNhZUN2Qi1OTTNFcUF1WWhkQV94Z2tCQTFZ?oc=5,Levant_EastMed,google_rss,Levant_EastMed
What is Trump's 'Project Freedom' in the Strait of Hormuz? - BBC,2026-05-05 07:00:00+00:00,BBC,news.google.com,https://news.google.com/rss/articles/CBMiWkFVX3lxTE5jc3I0M0RoNFhmeDVJRWlHZEtON2RDVzVsbVo5MkNKV29qRDAtMVd5Q0VMX2t3RllkOU5NSW53a3h5MFNVWXRXdmZ5UGJiVHhOWGhaUjFQSHlnUQ?oc=5,Persian_Gulf,google_rss,Persian_Gulf
"US, Iran, UAE trade Hormuz attack claims: What we know - Al Jazeera",2026-05-05 07:00:00+00:00,Al Jazeera,news.google.com,https://news.google.com/rss/articles/CBMilgFBVV95cUxPZmNLemhoWm1sUloxUnQwM1BralVkVHo1SWlMY2ZPSWVEVTc4S0xHZHVnSGFoVEtXMGU4R1JXZ3RuejVfMTJzbUYtTU1rUTZYa3o4R0VSekk5TmdqQl9adlpYOUt0dFZnWnVuM3VGUTNSMjVQWF9SNXNNbVFYS3ozZGRXM3NpUlExWk1vN1U2U1VleW9GUXfSAZsBQVVfeXFMUGZyYXBIazZSakt1a01lNlNVMXlER3U0WTBLY05naTF4WFptNV9RcFVGZnVNNG5vOFY3Y0QwN25PWkYtNGZxNTVpVk9BS2dHOHFVcTNjcVc2cGpHeWdDdFhtVGlHaTBab29aeHNHT3EwZWtUeFJhMm9mTWpPUUdoTnVKSzNmYVR3UVdlMXFEdXlYNy1wXzVvY0lGRlE?oc=5,Persian_Gulf,google_rss,Persian_Gulf
‘Dangerous escalation’: World condemns Iran after attacks on UAE - Al Jazeera,2026-05-05 07:00:00+00:00,Al Jazeera,news.google.com,https://news.google.com/rss/articles/CBMiowFBVV95cUxQYUppWHhIZWhkeTdVOWhJU2dvSC01cS1sQnB5dGNBY0RqMjUxdnVaRDJnRkltejhtUVRqSXd5ZFd1UnRselZfbU1xWlhPV1ZIUVpmQmtpS2VBekhNSWw5ekJNZExqMFRnbXh2NThmb3F5Zl9UOWd4THdCREpVUFJNVlVyQzBoMzZlalIyNTVkSnVTTkZVcEVSUHRKeTJVY1N6RGFv0gGoAUFVX3lxTFA3MTJNbXNUVjk5MzNBODl5UHJmM0poVzVNZjI2N1ZIRlc1YTRLQ2NRdzBqLWhQeFh4a3U1dElKd0lRU2d4b1RXWWc2TVVOaVpSNk9WZ0xrTmllNzMyQ19iR2pqX01lRmcxb3Z5ZEQ4Z1BNb25sWGlyNUFUYjJUb0h1ZlZjLTNCRWlmOVFSVl82OTB1bHV5UjhEV1NZOW5YcUZSS2pQNnFLSg?oc=5,Persian_Gulf,google_rss,Persian_Gulf
Ship Stranded for Weeks Exits Persian Gulf Under U.S. Protection - The New York Times,2026-05-05 07:00:00+00:00,The New York Times,news.google.com,https://news.google.com/rss/articles/CBMiigFBVV95cUxONFpWbnJ4RmYwa2MyTUZNQWpjcDdkYzVsVzZXdkdFeEROUm1Rb3ZJZE1IUS1xZ29sejBzN1laUXQ0THJXTmdqeXB3ZXdiNFV3MGZuTU9Jc1FvQkNaSS1zWUYwSWc3TVlGUllNVVFaQUswYTRFZ1E1UXlLcUhpRmRqR3hIQUxnaHFueGc?oc=5,Persian_Gulf,google_rss,Persian_Gulf
'Leave the city': Russia threatens to unleash 'massive missile strike' on centre of Ukraine following double-ceasefire declaration - Nine.com.au,2026-05-05 07:00:00+00:00,Nine.com.au,news.google.com,https://news.google.com/rss/articles/CBMi6gFBVV95cUxPdlhtVkdRbTVpdl9FTnZrVDlYbGdneWhRemY5eFR5RUhkVGdKcmZfXzhIakQtX0IyQlJDaHo5WjByUkxfRlN0bGo1NEplTXlpX3JORkRZZTdpTXR1M09UQ0gzSGhnbFVleXB6YXk4MUZxaEJkNm54Nm9SUkEyZlNOakdycTlHNHZpNUo2cWoyR09kSUxEVHFyTkRsbThoeWJHSGFYY21icDNLQk4yV2RVamVaWTRkaDBKQW9rYldUT2N4ZXBiSjhpd2VEclc5Zm5QWVlBdWhSYkRKYWRmTjFqSURmV3NOckpmV1HSAXhBVV95cUxQYzBvSC1NR1ZUQmE2ZV9uLTdDRWZxV0Uyc3pWS010cnI3R3kyTEFLX2tWNkxlZE1Ra196d01BbUJ6Z3otQmhCLVpqczhoYXp4R2hITXFmdjB3Y1FrT195UDR5Sm5pdGdxWEdndjZJUWMyNXEzTFJCRFY?oc=5,Black_Sea_Ukraine,google_rss,Black_Sea_Ukraine
Iran war's fragile ceasefire tested in U.S. attempt to open the Strait of Hormuz - PBS,2026-05-05 07:00:00+00:00,PBS,news.google.com,https://news.google.com/rss/articles/CBMiswFBVV95cUxNdjYyTGZWN0k4Qnd6V05pNWNGc01OYkoxZW5WX2ltV1Nra2cxemJ4Q1dMT2hPWkc2TUNGOEp2cXhLbmR4eWtfaTdZa0hQeVY3bGdRV2xWMEY2cE9YQ0xONFptOW11aF9GZjBxcTE1S1dJQnpBNWFOQ1lKV1djTUdUbUtCUGNmb3FkZ1pZelpJdWc2RnlQM2RMZTVBV3NlMVJmNmsweTc5UnkyWVdYd3FWY2dJd9IBuAFBVV95cUxPekp2cERBUkF6cDFmS0FxQ3FRMUVCTHRBZ1h2Mk9DMGdhZkJKZFNUM3BiVFYtNnpWaUw1LVRiZGRYbk1WLTJfSnlfRW9KN2xtMGRlRHd0T0lSZURmejlGMGthM3p6QVlEbkhuUVhlMnFLaG93QjZQcG9XMEtiZ2o4QlhDQVBYNk5FT0hJVm1xMWhDNFBzX3UyR01OM0haSjdvWFpjM2lXaXZJS29XMnpBenFOUjVqZWJL?oc=5,Persian_Gulf,google_rss,Persian_Gulf
Trump says he's paused U.S. effort to guide stranded vessels out of Strait of Hormuz - NPR,2026-05-05 07:00:00+00:00,NPR,news.google.com,https://news.google.com/rss/articles/CBMibkFVX3lxTFByNXFLNkstYXBSUk1mczcxMWRSZHpFclRuYktzalFQVlh5dXpIMTFveXdJMzl2WFVFMm1uT0t3Z2Y5NnJhcTZtbThsTVY0d2FQVDJvVEhBS29GTlR1aHNvek9jQjNwTlNKeEF6T0hR?oc=5,Persian_Gulf,google_rss,Persian_Gulf
Trump says 'Project Freedom' to be paused 'for a short period of time' - BBC,2026-05-05 07:00:00+00:00,BBC,news.google.com,https://news.google.com/rss/articles/CBMiWkFVX3lxTE1Jd2hoRlNObjFkbDZuR2FRMDRUSVZGR05GYkRjTjdYd25yZUZjSmRiUDVvM2F0ejJtZHBIVFo5d2FUNm05bjJJWGdrYm9maFV2clFPS0RjV3M0QQ?oc=5,Persian_Gulf,google_rss,Persian_Gulf
US and Iran launch new attacks as they wrestle for control of Gulf waters - Reuters,2026-05-04 07:00:00+00:00,Reuters,news.google.com,https://news.google.com/rss/articles/CBMixwFBVV95cUxQMVRJTjB4dzJvQ2luQWJRdHZHOURiZDdYZ3pLTnFHVXEzc3ZpTFd5bHV6VzhkaGpOUTNEOVNKZ1VveWNZWk9YY0l5OXpQb195YXZqUFl4RnoxUnFCTS1hYzg1akFjWERzZDNwWmhLMHpPZFk2V0V1OTFXRDdoX3VTWE1jU1prSGZQcDY3SlJjeGdzUHp3cjBEUXM0Y0VWZWFPamduNFcxVTlmSDdaSzlWLTlsMnR6SnZaWGtPTEdCSmR3OUJZSXlv?oc=5,Persian_Gulf,google_rss,Persian_Gulf
US denies Iranian report warship was struck by missiles - BBC,2026-05-04 07:00:00+00:00,BBC,news.google.com,https://news.google.com/rss/articles/CBMiWkFVX3lxTE0xaHI2TXJQei03d1VvTWh1cEtvVTZoUWNOR1RKbjdUS1hjc3RhZC0tSmhMSHhrRmFJT0xyUnBQeGYyRWZkWEJNd3JSZTJHU3hoMVE4N0E2YU1Mdw?oc=5,Persian_Gulf,google_rss,Persian_Gulf
UAE accuses Iran of attacks as ‘large fire’ breaks out at oil refinery - Al Jazeera,2026-05-04 07:00:00+00:00,Al Jazeera,news.google.com,https://news.google.com/rss/articles/CBMinAFBVV95cUxNOF9BY1FLenNuX1FCU2VTTmk0SmxDN0FqVHRFa3Nua0t6R0VBOVJBYy1xdXhsUmtzNHhqZjVMdGhPYjJobndNOWR3bFhib3VrWnJlM1BnbUxtNnJqZjFFOHlXMDRJM3p0YUl4TENJcUgzWFZRcUNZQTlBQnJrUlBrMXhJVi1pOEQ1WGNTTGpKT005WmMzUW9FbTVBYUPSAaIBQVVfeXFMT0szZUswSjRJZ0h2dUNGbm1USmdPSEZIUGszMVpsbktkaHJaZ1RoTXI5ZnlqdXhWNEpRMXY5MkxtcHRkSDNHWG8yVDJXSFNROXV0YkFscWRPdUVxcHI1cmtWN1lYSnlJX1dNQlU2QVhrbHZienBtVnFPVmtocXE5M2VkcnNRTHZvZ2NBdVI0WnVROG9TZ3Zxcmk3dlRwVFhMWWd3?oc=5,Persian_Gulf,google_rss,Persian_Gulf
U.S. tries to force open the Strait of Hormuz as the UAE comes under attack - NPR,2026-05-04 07:00:00+00:00,NPR,news.google.com,https://news.google.com/rss/articles/CBMibkFVX3lxTE9INGhNdm00ejBxc01CS3pBMVRuTTZKWExyV0pseHo5M2JhaGhlbVJwUDlWV0hXYy1hN1dKcWFpLUl0VUhvcDlkQkIzdU9WS19qZ1ZpSGwxLXJKRS1kSWM1dnpSaElOcEpIVC1pcENR?oc=5,Persian_Gulf,google_rss,Persian_Gulf
Battle for Hormuz begins as US military fights off Iranian attacks to break regime's hold on strait - Fortune,2026-05-04 07:00:00+00:00,Fortune,news.google.com,https://news.google.com/rss/articles/CBMivAFBVV95cUxPSTlwY3ZsY0xkQmdhZS03SlV1UjRlMzFoa1lzaUZTbTkzYnJVOTdiWUV5Y1EtaUJGM2h6UDJSODB5NmwydHkxVkxidkRuWWlLMHhhOW02SEZrTm9sa0JJU2JRZU5sMDFXd1J5d1Bpc1JJTXAzcXFNdTdYbVFHRnpWcktsMENOOG9CWU1jZ0xZQXo0T1NCOFBUelB5eTZtcVdMWEpCZlZxMTVtNFE4VkJONUdBWVUwNEdzZzNUMw?oc=5,Persian_Gulf,google_rss,Persian_Gulf
U.S. says 2 merchant ships have crossed the Strait of Hormuz as Navy helps to restore shipping traffic - PBS,2026-05-04 07:00:00+00:00,PBS,news.google.com,https://news.google.com/rss/articles/CBMi0gFBVV95cUxPaUhJSnM3VDJRUmdESFM2d3JoYXpOMmRaaEdYVHNMS3UwankzNXpHRDFFLUV4TkxNNFQwU084c0tzWmo2V2NmazVVaW00T3IyaDZCR2NfQjk2RTdPeXdpVVpvc2g3V1k3TW85MjdUY3I0b3RmenlBY2VOZGJCaFM2RVl6Ull2NUpaRDhGUlBFbTV0NXIxdEp0RTNMT3FDZUIwY3g1Vkd2ZzNEWVd6YWRQN2N5N2MyOHFweUxXM2RkUjFJcnFOSHd2MFVaVDJGem00aUHSAdcBQVVfeXFMTUdQQURtX29NMEw4VVo3dXNmUFlyd182QjdmVnZQaVlYVlc3cVZpOFhEaFNlT2tQUTJ1OXA5aUVUc0ZYVzVhVnVZNlZ4V1NELXoweFlXcGQ5cjJVb09vZTFQR09fbTI5R296bXRITV9vZUtvRkZhSmdxbmlnS29NTkZ3RkJoOUxuWU9vUXE4UDdpblE4Ty1nTEJtamJBbC00OWU2dDdNNS1yaXRmSlRDaF9VNkNnVHZjOXhPRUhGemdnZC1VOFZaMTAwbnFOU1RZcGNnMWNnY0U?oc=5,Persian_Gulf,google_rss,Persian_Gulf
What to Know About Trump’s Plan to ‘Guide’ Ships Out of the Strait of Hormuz - Time Magazine,2026-05-04 07:00:00+00:00,Time Magazine,news.google.com,https://news.google.com/rss/articles/CBMimAFBVV95cUxQTWE1TllPdG10ajY2M0FsYlVBYlpIeGY0MHB5WGFmU1ZiaTY0WmNUV2ZyV2FUajBzb3p4MXNsa1cxWXdjQ0VKTnZ2Xzloa3o5SEZEcW1Cc2RmVkJ1aEVfbG5XWUxJcmxRR1FYcjh3SjBudUZUTy1EaXNzdGFQNzhsSDdNUEM5Y2VjZlRzUlhTM01mdzU0VXNrYQ?oc=5,Persian_Gulf,google_rss,Persian_Gulf
Shipping Firms Left Guessing by Confusion in Strait of Hormuz - The New York Times,2026-05-04 07:00:00+00:00,The New York Times,news.google.com,https://news.google.com/rss/articles/CBMihwFBVV95cUxQcmM1N1llcktFMjAzazIwRFYxbjlrTzlRTmlMOG4zX0ZMS21JTGhvcHNBNXNmZXZqMENrUnhpbWxCLS10ZU1FQWRIZVpzZjI1OENwdnRhNUNfWUk3UU5wUFhSYjdVcmtmbnl4V0xXLVZXSGJQMFNBS1RYWVFkR1BFRkJ1cDZOOVU?oc=5,Persian_Gulf,google_rss,Persian_Gulf
War preparations under way in Iran as Hormuz tensions with US escalate - Al Jazeera,2026-05-04 07:00:00+00:00,Al Jazeera,news.google.com,https://news.google.com/rss/articles/CBMirwFBVV95cUxOUktLMW1CTjdpczFQSDBTSHpRdGM1OHlPcU1idHdrUEpJOFRSU01KNnhwRmRZdUlwWEVhZ0tNVTMzNkxtNEU5ZEpkQk5lY2lBNjNFNHA5dkR1Z0pHay1vWjFkYy1WT0RwakJ3VkY3N0gzc05XN0RFajRGdG5BemJWVHNMWFFtZXZoVEE3UUxjMmxaX1hlZHVZN1lraVJyc0Q1VzU5VnhWaU9zM1h3aFN30gG0AUFVX3lxTFBwOVhVV3BKcjB0VTNHR21JVXRacWppbHVRNW9hZ1UyazB2bTRkX3MzekZQblkyaklGNUVmUEdTZXFmNkdGa1pfNlNFZmMtMHFmdk1kZldxT2tucjF2ZmJ6bjNjdkxSanYzS3ZhTEVJTWgwSGs2MEh0bUlwekFibDdIWE9CZlBHbUZrd2ttemF6Ymw5WTB3T2V5VFhGMGlYRU53YXQxOWdOaEF0bVRQUzZfTklMXw?oc=5,Persian_Gulf,google_rss,Persian_Gulf
Fresh attacks in the gulf spark fears of renewed war with Iran - Los Angeles Times,2026-05-04 07:00:00+00:00,Los Angeles Times,news.google.com,https://news.google.com/rss/articles/CBMilgFBVV95cUxNeWx6bl85X19KcVNtUENRMDNaOWFYMDAtRmJ6a0hIa1pLZmhON1ptWUR3aE9fYXFHOVNTTkFhVGV3YzF0RTE1LW1GR0htQlNNTGtvY1N6TlpBZk1Xal9vc01MaVlkS1hQazhaMHdGemd5NGRzZnEyTU1ERVhjTElGcG0xMTl2TVZzTjlZamY1RmZ2YzRwR0E?oc=5,Persian_Gulf,google_rss,Persian_Gulf
US strikes Iranian fast boats as Iran attacks UAE oil facility - BBC,2026-05-04 07:00:00+00:00,BBC,news.google.com,https://news.google.com/rss/articles/CBMiWkFVX3lxTE1EMlp4OHVvNHY0TTFuLVZ2cG9YMDkwX0JMSzlVTUJfMm5yMTQxWl9waVdwSVVPM1VudGpqWGVPMG5HaHRqbTRKWUlqUFhDYm9EODcwWDc3RVN3QQ?oc=5,Persian_Gulf,google_rss,Persian_Gulf
2 U.S. Navy destroyers transit Strait of Hormuz after dodging Iranian onslaught - CBS News,2026-05-04 07:00:00+00:00,CBS News,news.google.com,https://news.google.com/rss/articles/CBMiqwFBVV95cUxOYTd5SXBid0RtalhlMWloV1ZFVTVidVVVeFMwbWZZaUtVX1paaWhtTmVsN3dmd3NzSnFSR1VYV2RzamktU2pIOGF6VXgwLUtOSURCX003Q2kwYllhSjMtUGZ3VkIxUFVHZWN6aWNDWXZ0dk9rNk9NVWtvdHBHZ3J6MFhKT1ZmWU9SSEwyZjRVR1RROFh1ME40djdqaEU2QzJ2cGNjVXI5WDJvaW_SAbABQVVfeXFMTzEtQTJSOVRlNkdoUk9uQzhySDdGaHpUZVZyTXFsdW1mNGx3amNWQ2JHYU1TdlVpaXh0S3QyV3BoWWhDVzU1bzdWZFQxNnpvX0wxMGFTWm4wUTdWblplWkh5Q1FfNWQ1REtsamhIQUpZNXhQX0dTclVkVWs0WWhrN053ZDlWTWp5SFFUdWxwNlIyTzJrQmhLUi1TRUNTeWQ5cVRHU19iR3dnNl96dUtidDE?oc=5,Persian_Gulf,google_rss,Persian_Gulf
U.A.E. says Iran has resumed attacks as U.S. moves to reopen Strait of Hormuz - CBC,2026-05-04 07:00:00+00:00,CBC,news.google.com,https://news.google.com/rss/articles/CBMidkFVX3lxTE1oeklEUDZ1Qy0xVmJtOUp5RFdZUlVoVHZrVnBKVmh0ZXMxQnJsX2t4YVNLaTlCa2c2YmsxeXpRWENwMVlmLUllQ051V010bTFyamJUbHdfb0k1X19OQTRGTURnczdMM2g4X0phLXV1Qk9pcWlZR1E?oc=5,Persian_Gulf,google_rss,Persian_Gulf
U.S. beginning effort to guide stranded ships through Strait of Hormuz - CBS News,2026-05-04 07:00:00+00:00,CBS News,news.google.com,https://news.google.com/rss/articles/CBMimgFBVV95cUxOV3lZNjd6NWVNUWlvbUVLNlFyakY5YnZBNmJlMHpaeWJDX1JvNG1YY05sSjJzWVl5TTFzc0cxRDgtX3ltWWFKSDYzTTVoZ1l2elFaZ1pRZ3hoRFJybXNoNWs0UVA0ZFJ3bW1hdWp1MTVmTExnTlFKT1Bidk84T3RIaDcwQkw4NlFMQlUxeVo4ME4wT3FmWFV0MGh30gGfAUFVX3lxTFAtaE5xX242SDlkeW4yVl9Qd1hqaXAxN1RHOTVuUDZ2VThEczlHOG5KWFFwNFdtSnUwdUMzWXhFSHZYenlmci04ZzF3a1hWd3NGel9UV25QRTI2ZzhVckxLWDRCc2steVhJYUZaaGlQanp6b19jbm5iRGpmNXMzV2RGbEJXRGprZExGck1LQXlybjEyNlFUNmk2cVJjWEpmMA?oc=5,Persian_Gulf,google_rss,Persian_Gulf
Ukraine war briefing: Strikes on Russia’s Primorsk oil port and ships - The Guardian,2026-05-03 07:00:00+00:00,The Guardian,news.google.com,https://news.google.com/rss/articles/CBMiswFBVV95cUxOZThBaVM4Z21WQS1McnpYRmR1c3ZwSFJnY0dYSFdWR21lRGJMZUk1RS1YdVN0VklsMzFPR2ZSdUFpekhaWno4SGZYSFQ4Q1kyYlo4TWdpNnJWVXI1Z0dBcU4tSUJoZ01kaUVfcHFBT3A0RFJOcVJxcDRWcGt1N1JCZThBN0lpMFRLTzBpNXcyWmRBeFhLaTV3aWR2aktRLTRKWUFlODk0RDR2QlRHWHJBWHNQNA?oc=5,Black_Sea_Ukraine,google_rss,Black_Sea_Ukraine
Trump says U.S. will help 'guide' stranded ships from Strait of Hormuz starting Monday - PBS,2026-05-03 07:00:00+00:00,PBS,news.google.com,https://news.google.com/rss/articles/CBMiugFBVV95cUxOUjJxeFZyY3RrM3F6Wjl2RTJlVU9qWFlsMGZka0w4Y0pxX2RBeXRBU0lRdUJRZkZHQzJJZXRGUkRWZEViNDIxS2w3YXBzU1J4RlduM1VWSFlWTU9sTTFUWjFsX1Nib0d4MGQ5YnJXWS1Yc2ZSQkRBS3VJcjF4UGJfVW1DVzkyc1B1UXVDMFRDb0hKaEhZVW5XcHlQWTh0SmFmRTlCcTJzUS1sb2ZZSVpCbWJ4c3dIS1Rrb0HSAb8BQVVfeXFMT2swNlRfYV84WGJESzBsMm83M3YyS1UwVTBQX3pWZ2RGUnIxSXJWd2drbHJRZURWYkFmQUxPYzVIb0M2Q2QzTTgzTHF5c00tM3ZxN1RHZWVFQll6NndwN2RXelkxSm5mU2JmUWNSUDIxRUNPOE5BekpXY3RuZVhEOUVXTUFJR1hOQ3hncEFRUXl4LTA2VlJmLWdYNDBsOWd2b1VvTnA4VDJZdmFyTW1FTGhQeGhFSkJYQURadE5uVzQ?oc=5,Persian_Gulf,google_rss,Persian_Gulf
What to Know About the Strait of Hormuz Blockade - The New York Times,2026-05-02 07:00:00+00:00,The New York Times,news.google.com,https://news.google.com/rss/articles/CBMingFBVV95cUxPWmN6d21hTkZUVnRUaWl5UHhyeGd1dzVGQUozMkNGY05ianJQbVBVQUdVNzYtZll3WV9RQktvVDZSTlJCV2EzbWRzWlViN194XzkyV09aQnJhS2VvRTk4SHByS3k5LVZjbzE4RXMzYWlRSGtOQmUzX0pmR0RGQ1g4czctQlJhbXo1d0U1bjhadkl3dVprZFBDU2hEeTlVZw?oc=5,Persian_Gulf,google_rss,Persian_Gulf
Iran threatens painful response if US renews attacks - Reuters,2026-05-01 07:00:00+00:00,Reuters,news.google.com,https://news.google.com/rss/articles/CBMiuwFBVV95cUxQNjVNVmMxVmlmYk9ic3V2RkNRTFlHWkFuZVdrSVlsX1FSSV8ybnM4TmNRWHF1UW5aOGdjOW5OUmhoVHdBOWZ0akMzUUdPdW9heDhpenUwNTlEYU9uWHZJcDNrMnY4R0RTQ3Q5Q2M2WUtuN2M3MVpQVFNQTG5GamZYNW9TXzhMQmw4OER6SlJUMnVSQThhbG5aOEYtTWlNMkd5TmRyOWhULUdrYXg4cnpQaGt6SXlQX1ZCZXNr?oc=5,Persian_Gulf,google_rss,Persian_Gulf
U.S. aircraft carrier in Iran war expected to leave Middle East with conflict's estimated cost at $25 billion - CBS News,2026-04-30 07:00:00+00:00,CBS News,news.google.com,https://news.google.com/rss/articles/CBMirgFBVV95cUxQTWdKUkZnNkxNSGtMMTh1eTZPN3IzaXlvRnlFejVEZkRBdEhMbHZDT0Exd3dLZWZNVHljbnliTmlKald6RHlDczA3UXQ4andVbno3dFFsdXRoZzNhaV9NQVJJU1lUdVR2R0pEcFBwcjIwYkxFMHQtQXctUmlBLVZyeU16d2JiSDNMWFUwYTRWZmNDakw4QXduLUszQjAtclJFRnEwWFg1M3VnYy1KVXfSAbMBQVVfeXFMUGJxLXFqY05XSlBFVWpRSTQxcjB2cjNOVUU4WWR0eUJCdjB2ZXAtOXlNSFZfZTBvbTNJd1gwLVRyZkNmTHhDSGFrUWlpbHFXalY1QXhGR3FXa0RNaHJhY0lEek5UMjkxS0lkaW9jU2h1RnZUY3ZOS0ZBbHowUzB3LW5zRVpFSGp6QVJ5MjVTQ1hFdXp4Nkl6UkVLRS01VHFNeXJsMzBHdzVGVEw0T3IwczBhSXc?oc=5,Red_Sea_Gulf_Aden,google_rss,Red_Sea_Gulf_Aden
Why and how is US blockading Iranian ports in Strait of Hormuz? - BBC,2026-04-30 07:00:00+00:00,BBC,news.google.com,https://news.google.com/rss/articles/CBMiWkFVX3lxTFBicFVNdC1ySlBTbkpVQVJCaFU4a3VSeUh4MElpWGhleUJIVnZKMjZBNE1mSXI4ZTNPQWM3bEx2UkdxajJYZ1duM1RMUHRyYnVmZlVHcjBaSExrQQ?oc=5,Persian_Gulf,google_rss,Persian_Gulf
Iran war and Strait of Hormuz stuck in limbo as Trump mulls latest Iranian offer - CBS News,2026-04-29 07:00:00+00:00,CBS News,news.google.com,https://news.google.com/rss/articles/CBMirAFBVV95cUxPVUVySEZPRG5wS2RjMHRuY214Q3dTYldFRzhJaXpuNHZ4a000WHhMWW1XaWQwU01vTERMaUJ6c1g1eV8xTXc2NWk3YzdyMVRIWmdQUEh5Ymp4NURuUGdKOTFyTHJEM2tSdlJ4UnBtOEtVdmI2VEd4RUVfTjZPeVA4elpZN2RseHctRFVab3dkcXp3Q2hKNDRmc1lJSTJ6X3M0RXh5MzBuVjFCdnBZ0gGyAUFVX3lxTE8tWFNWN01Vd1g0TGhLa0x6OURVOV90TUxMTU9VZi1Ma0VadnI1OGwzMmVwZ0NnU3lpVDhQamFBRFpkbXVnQ015UEFLRHIwLW5SZEdsa0hvTjRoOVViak5tdGtFdlRPeElLSUp4S3hPMkEyeERjTHpKVi1MRFhXdFFFeTVJZ1l2dzl3UVZ3VXRHdnBtNXJtNVJMTjItRjg0Y0tTQ3liZTIxa29LTDVqUjhqOEE?oc=5,Persian_Gulf,google_rss,Persian_Gulf
How the War in Iran Is Propelling the Conflict in Ukraine - The New Yorker,2026-04-28 07:00:00+00:00,The New Yorker,news.google.com,https://news.google.com/rss/articles/CBMiiwFBVV95cUxNQzVpbVNiTmhvWkotZ2piQWJCcEdhWWtwUWJkbGN2VTBTUWNaVFlFVFE4YUdoNW0yVXA4X3VzQ21sc093T3U3Z3BQVFNsQTZCYjNSUjJOb2Q0Zm0zek1kME45R0dqakJZMkNPbk95TWF2VzRoNW9MNl9VOWVDY08yR2R2YlVBcU9LUXh3?oc=5,Black_Sea_Ukraine,google_rss,Black_Sea_Ukraine
Iran-Iraq Tanker War redux? Why the Strait of Hormuz crisis is different - Al Jazeera,2026-04-24 07:00:00+00:00,Al Jazeera,news.google.com,https://news.google.com/rss/articles/CBMisgFBVV95cUxQNV9PTTZlWXNmd3dtSmhNYUw1cTRMbW1GZlNRZVJyVFVwcWhTWkJscDBEXzBxWjlSNm15SndjaGpYRDJOeXNhQ1c3NDY2VHJUMkZKaU41cEFzR2pxQ1Y4SDk5Rl9weGtaWjRfRS1RVGpIYURKT21sWkx0aEQ4MlNwSUpCNzhnci0yM1dRTDZ4UGZOSTVOb0VXbG9VT1lLQ3dqQ2RpLTRFS3RPZW5RTk1HVUNR0gG3AUFVX3lxTE1QU2xnZHJmYTJaNjd2NVRhVjJuTXlGeW16RmJJaExUa29JQW9hanlHV3hDdDFhVjVsZHdhX0lYZV9Uc2hDZ1ZUVjRoTFlvR0ZUUVFINEt1N21VdlBFYXhlSFJnNGt5OHduaUFUamZnMWVnbDVCNUE1NWFkVzh6TVY0M0tpUW54eFhEV0YwSkE5QVotNWFWTnVuSkdJNUtkaHNfTlRwUzZwejBFME9uVloyTGNWSW1kMA?oc=5,Persian_Gulf,google_rss,Persian_Gulf
US military developing plans to target Iran’s Strait of Hormuz defenses if ceasefire fails - CNN,2026-04-23 07:00:00+00:00,CNN,news.google.com,https://news.google.com/rss/articles/CBMikAFBVV95cUxQaVk4eWR6LXRSekNDOHFWS1paVDlIS2tIa1BNQkt6WUhPTVZjUlc4M2NVWFdyY1Rhd1hmMXhZd0pOaXZ1dmxCZ085elczZWRXTlY5SDFvcl9DR3pWVTQwNkxlekQ3N05HTnFGSmJoNVZlUHJxVzZ3ZHY1VndVekVEaTVKNVlMdDRETHZTa0FUNlM?oc=5,Persian_Gulf,google_rss,Persian_Gulf
"Iran War Has Drained U.S. Supplies of Critical, Costly Weapons - The New York Times",2026-04-23 07:00:00+00:00,The New York Times,news.google.com,https://news.google.com/rss/articles/CBMif0FVX3lxTE9LNlk4MTlOQm1MSkJzLXZpQXdzNXY2YWMzaEE5Qi1zdDlTbnR5VGlmSEt6VURoakREcF95cjBmTU1MZjJaR3FfYUtwNVhXSlZsNHo1elhCSmpXemhadWJCZzRtRi01ZlFlbjd2ZHBHMjM5Y1NlbFhEVFRndERhcVk?oc=5,Levant_EastMed,google_rss,Levant_EastMed
Trump orders U.S. military to 'shoot and kill' Iranian small boats choking Strait of Hormuz - PBS,2026-04-23 07:00:00+00:00,PBS,news.google.com,https://news.google.com/rss/articles/CBMiwAFBVV95cUxNeXBlLTVXMlZ6UndIRnVWSmxRVWl5WVFCbXZFVndYeEh1eFcwUGFod2p6M3pFMnNBUlhfM0hPNG9sNHRSbzVaYkdqdEF3M000VmQ1bW1aQjYxYWVTYUpxdDY1TGhsTUU3clJvMWVIeV9GTXgwWHVjQWNKdzVQN081YjVuSnZ3VkVLbWxETVNieGpfZlZqM0hCVDVpUWlMeXZUc05hVnFlUFg4TWIyOVdaZ3h2c0dMSlVScGhYSzZPeGPSAcYBQVVfeXFMUEJ2NWdVcWJlclgtZGdkR0ktY0ZTWDhPb0NZN0ZfdzA1TnlUWWI5UjVWZGJTY0RyWUhXWlNLb2FXeGZNVVNxSTM2RHZiVFBJYloyWkJxTU1NRldaUUVoMDNDOVNualVXTDB6M1NfWThmMmxWeVd0SDNoQm9NdW1kMDdkQlNOSy1wTk9SYXVjWGZEVE1ocm1WZlRrU29ORk1fd2M0b2IzTVJlbWFSN3pKamlwRENGa2pDX3NxYmxhSmF6S05SaDdR?oc=5,Persian_Gulf,google_rss,Persian_Gulf
Why did US and Israel attack Iran and how long could the war last? - BBC,2026-04-23 07:00:00+00:00,BBC,news.google.com,https://news.google.com/rss/articles/CBMiWkFVX3lxTE55MG5wdTJrMFlNLWRENFBMZEFMcW0yN0E5dE1lajB6eGRWU1JNN2Y0cXhkbGlGdEpTcG1naHdqN00yLThGV3Qzd2RmYWhBa0tfS1I5ejRobjVGZw?oc=5,Levant_EastMed,google_rss,Levant_EastMed
US military says it seizes another oil tanker associated with Iran - AP News,2026-04-23 07:00:00+00:00,AP News,news.google.com,https://news.google.com/rss/articles/CBMiugFBVV95cUxPUlpoZy1GNFVwRWhTQng2aHctOWVETDJpa2VPSlJ5bWNoVTRFLTYtNFYxMjFUU1hMQVlqZHNGQ3NfbVh4VXRwMW5jODFaT0FJeVB1UGotVEFfT3Y3bm10SzFYMlppcGc1aGhsMHRKdDRrNmx5QS0yVmw0dng5RVMxZU5mSkdCUjZ5V216aGZmZFkyRk84dklGMkt2Y2xMNHFlWm5MeV9xdVV1UUM4OS02OGVOX1kwaU1xY2c?oc=5,Persian_Gulf,google_rss,Persian_Gulf
Iran attacks ships in Strait of Hormuz as thousands more U.S. forces head for Middle East - CBS News,2026-04-22 07:00:00+00:00,CBS News,news.google.com,https://news.google.com/rss/articles/CBMirwFBVV95cUxPUTdJWGw0MnB0amZkdDE2aXVJckZnRlFYd0xfa3RYc2dmTHNFWXVLLWdRb0Nld2otX2tFc0dTclBJdFpYMEtPbnltRXREUV9jdVhTa01lMXl3Rzl2MFV5T29xOWR4b0l0SGpvTzROcWRzZFhpdjNVS0xNMDZjbGI4WXpGZW1USEdKQU9rSG80OWo1bjV0UnJLckh0ZlZPVTVLa2FNcjZmNmtzUEpydmFN0gG0AUFVX3lxTE1tc3Qxd1ZDQnhhcXU0TEs3aFB2aGZMVmhZRzQ2aGU4MkpTTG04YnU5QUpEbG9rTjhFOVBOTm5IMDFWaURnMHhWVXR1R1NSc2xEbktZRXpycUlOcVV1eEVkVEZSdVhneFNSdWF1dWZzWV9mTzlZQnEwa0tmX3hBUFZCWm5zb0dzMTZVbHkzQ09rVGM5dm5ocWc3ZEhtMFlHMTY2RXBuMVJNOXBmbWI1OXk5bFNnSw?oc=5,Persian_Gulf,google_rss,Persian_Gulf
Iran says it has seized two ships in Strait of Hormuz after U.S. extends ceasefire - CNBC,2026-04-22 07:00:00+00:00,CNBC,news.google.com,https://news.google.com/rss/articles/CBMigwFBVV95cUxOMGZaQVZNUndTVHpWNHlBRjFTYURhMlVSVDJ0dXYtM0kyMWNzX0xGRHFzWExvTHhDcEpCdF9RTlloNzBEbVI0dmxOMVdwUC1rVjVmeGtFSDhJcmg0b3lwS00wREpEUmR0Q3pnOFhneGZBV2N4b3ZaZmJGU1Nla2cwT1BtTdIBiAFBVV95cUxPVU9MdnlqZndpdnZwaGVnNi00YTFnbU9NTnNCUFBiQWxHUXdPSURaYWJqdmxhRG5ZeWI2YkN2TEEtRnJCWnhxV3dOWl92cExCN2RYdVBMZGVKeV91ZG9zb1d1dTVnR1FvSF9ydkJRTjM2LW1ZMmZKZUdtY0d0bWpqODNCYWpVazNl?oc=5,Persian_Gulf,google_rss,Persian_Gulf
"Ukraine Strikes Black Sea Fleet Command Hub in Sevastopol, Drone Bases and Military Posts Deep Inside Russia - Kyiv Post",2026-04-22 07:00:00+00:00,Kyiv Post,news.google.com,https://news.google.com/rss/articles/CBMiS0FVX3lxTE9zM1pZanZDYm93UktuVXBkR1ZWR08zR2FNeWpxX2oxZG93UWNjamhxTWI3VVZYOUMyVnRla25RU0pzaU5aWDhnQWlUQQ?oc=5,Black_Sea_Ukraine,google_rss,Black_Sea_Ukraine
Last Rounds? Status of Key Munitions at the Iran War Ceasefire - CSIS | Center for Strategic and International Studies,2026-04-21 07:00:00+00:00,CSIS | Center for Strategic and International Studies,news.google.com,https://news.google.com/rss/articles/CBMiiAFBVV95cUxON0YwSEJvYVBiSTM1clVMcDZjZVB1NUtMTWR5RXlwdnJnYWVZQWFZSG5XQmo0bnVMT3E2VVBsTXhFRGtUREZvRjk1cTJMTDBMbUFYcFlzdEdyaV9HRnFpcUJpQzlDQmRrZzJZQkdxeC1PcTMySmNFZzUyQnM5aFB6VkhYUWE2QnNY?oc=5,Black_Sea_Ukraine,google_rss,Black_Sea_Ukraine
‘They have been exposed’: The Iran war upends Gulf states’ security and business model - Atlantic Council,2026-04-20 07:00:00+00:00,Atlantic Council,news.google.com,https://news.google.com/rss/articles/CBMizAFBVV95cUxQRk55MzdSOGItYzJxdXNzdURsRjFzT3FHUWVLc1UzR2FmYnJjSlFkRGpSMWNxN0hrYXRjMWM0Rk1wUW1ZQ0hYdVE5WWF3WWxLUl9XQmJzWTQ4R3N3blZXUzlxM2lMTk8xMjlUaGJZdi1iaURCTXVEazZEbnQwQzBMWDVNai0xYndJWWI3ZlZ4aFRuWWpEVHlXZ2hDSmZOX2NITWgwQVYzenZfc2w5ZGRhVzIxajZ2UUNUcE84YVVHdTIxWHFLMXFuQ0lOU0g?oc=5,Persian_Gulf,google_rss,Persian_Gulf
Ukraine Hits Russian Black Sea Oil Terminal For Second Time In 4 Days - Radio Free Europe/Radio Liberty,2026-04-20 07:00:00+00:00,Radio Free Europe/Radio Liberty,news.google.com,https://news.google.com/rss/articles/CBMifkFVX3lxTE9oOGRDa2NGUndWbVFiVXNzLWM3ZzFtMmk5WWhJM1JxU0VRWVpJTWE4NHZabS1tREVSaHhZd3NnSlBqTXRWTWlZVFVJNnhVdEx0S0MtN2xmMWYxcG5DYnlNZlBZVGJ2UmVCXzI2cFo2OVc4cFpIdmdrUExvSGktZ9IBgAFBVV95cUxPeXExX1d4Tm5uaG5Cc3BRWHJFN1VVd1RnTlJzX3ktd3ZQU1Z1TGRJblZaQzZSckVyVTdSdGF0TGVzczh6ZkxYc3hENnFicnUwZ0Z2a2hGcmJEY2cxWENBblU2Qm1sLTA2NGxqeUNUMzdwQ2diY2NWc3JGOGRMU21kdg?oc=5,Black_Sea_Ukraine,google_rss,Black_Sea_Ukraine
Iran’s Strait of Hormuz Gambit and the Limits of U.S. Military Power - CSIS | Center for Strategic and International Studies,2026-04-20 07:00:00+00:00,CSIS | Center for Strategic and International Studies,news.google.com,https://news.google.com/rss/articles/CBMijgFBVV95cUxNMmlHOUVaTDgyTnQzd1ktZHQzYVZBcnc5akVHUEpEenZzRk5SMmk5SFZGbDJlbU80UEpFeFpnS0xFMGVJWkZKclJSNFk4LXpiOGtvUnVKbnRISHRiNUhhR0V6aXU0VzN6RmNPVVRtd1FPRnY5N0pEa2lZd0hKaVl6SWEtTnQzRENFcFRyYzd3?oc=5,Persian_Gulf,google_rss,Persian_Gulf
"In Qatar, Trapped Between the U.S. and Iran, War Forced a Reckoning - The New York Times",2026-04-19 07:00:00+00:00,The New York Times,news.google.com,https://news.google.com/rss/articles/CBMif0FVX3lxTE84ZHRsVElXWG9wWV9FSjBibU1PZHZxLTlPTFl0dmF0NnlFaURRUzBfTGsxM292Z3hmRkpDRDRUbVR0MVZwdkhHaVFBRzl3Y05qclJfNVpIbnBzMF8zSW0xZ1RqRnFIVjFZWFBHVFdOLU1iTVJRUHp6SHJaZjl5OXM?oc=5,Persian_Gulf,google_rss,Persian_Gulf
"Iran rebuffs Trump's plan for new round of peace talks, state media reports - CNBC",2026-04-19 07:00:00+00:00,CNBC,news.google.com,https://news.google.com/rss/articles/CBMiqwFBVV95cUxNdjVYRnJmbnJTTlhwYkxZcml5cDZRT1JNWjlGcHlJN2RFNDVxQlYyNHo5QUsxbG9sZnEyYjhFT0RHWDlSSVhTQ1JlenRXUl9WM1pnLXlHaTZuYWdlNEQxOXFYZlphdzNXSHNHZlN3NXhPTmJZVFJjem13VElCX19rYVFPWVItdV8xbTdqT0xLbHN0ckxiWjJsLTB1SUw5NFBOY19CNHU5TExFYmvSAbABQVVfeXFMTmZjOGxVU2dUbUx3SEFVdlNBeHEzd19odWFGb0JiSUNQb0hNdWx4ZFByQ1hyRmFYZmxHendUaUVNTXl0Q2NSV0JWNmV6SGg4T2lPMG02Q2w4M2JXVU0tQ1djd3hvRmx4YUhaY1NYX2VQOVpVdjZhOHZsX2hXWEh4aURuN0FVZUFhUXd2a2J0Z28tdnRpZGpwX1NIb1Y0X3ZMLVNfR3NBOGpZMTY5bjNMeDk?oc=5,Persian_Gulf,google_rss,Persian_Gulf
2 Ships Are Fired On as Iran Says Strait of Hormuz Is Closed - The New York Times,2026-04-18 07:00:00+00:00,The New York Times,news.google.com,https://news.google.com/rss/articles/CBMiekFVX3lxTE1PclNJckZUN0o5SXVGa1REVkhfVG9wZUx6T2E4Z1R0SkpmWW9MdE5fU2RaaEhpaGt2dk9Ucm5lLURRV085S3hfb1hWSl9TdjRKc2t4WFZqSHcxeTNqbjI4UHVDczlINHRpcktodGFCLS1ZN3pDN0ZuZ2dn?oc=5,Persian_Gulf,google_rss,Persian_Gulf
Iran Reimposes Control of Strait of Hormuz and Fires on Tankers - Time Magazine,2026-04-18 07:00:00+00:00,Time Magazine,news.google.com,https://news.google.com/rss/articles/CBMioAFBVV95cUxON1hVVEdmV29lbnpkckgzSTNLb2xUbV9zZWd0d0luRllkS3JUMW5qbjZoMHl4Z3BKcFo2U2o0U05PLWFVUmI5aWFXZXZwOWUtS1VaNUo5Ti1VcFhHcnBwSXUyZU5WWVZaaURBZzFVNVlYd1ZseUl6MEFiZVQ0NGZpSFVna0xldU9JN2hLTFRaRENtWG02dWdWcEdvcFVSWmdK?oc=5,Persian_Gulf,google_rss,Persian_Gulf
"Iran tightens Strait of Hormuz control, citing US violations - The Jerusalem Post",2026-04-18 07:00:00+00:00,The Jerusalem Post,news.google.com,https://news.google.com/rss/articles/CBMiakFVX3lxTE4yZkZyZUpmVUVXRE5wejk4bTJLa0lqblZ4MEVoU2w5bHZsaEx3TEE2MXJFdTBGaFFmLThURGkxVEVYMndidXVrWXhOTjZIX0t5b3Zmd0xWR2dxSWFVUGRfb0FuVkEtaDFBRWc?oc=5,Persian_Gulf,google_rss,Persian_Gulf
Iran closes Strait of Hormuz over U.S. blockade and fires on ships - PBS,2026-04-18 07:00:00+00:00,PBS,news.google.com,https://news.google.com/rss/articles/CBMioAFBVV95cUxNZm9WRHN1VHF4X2lmVmQ3OFRLTzlUN3ZWLWtMbWhwMWV5T2JSLU9FbV8zMGE2UkFiZ2xBMEt4UG9yQWNsMHVKUnVBM1B2bGRVUU9IWnJ1TU5aYTEyTjFfMXJkMkVXRERmMEFmcC04VzU4Tk55REtrR3ZOR1h6aDhBMDhyZHp3NW1FbXZLMWNYbXNmN3JwemJ4MzN6amZGcjQy?oc=5,Persian_Gulf,google_rss,Persian_Gulf
Russian Black Sea Fleet Crippled Again as Ukraine Damages Three Ships in Crimea - UNITED24 Media,2026-04-18 07:00:00+00:00,UNITED24 Media,news.google.com,https://news.google.com/rss/articles/CBMiwAFBVV95cUxPbUhYaWxmNzJoZEpURUNHVmtESE1xdVU4T3BHaFlmQXcyMjdqa01UZ3lRNGVzNE1hOGdnVWtfVEwtYnpGbENqRHE1bUt1OUpFWDh3UXp1dDBTbEIwa3dvcFI1bWV6Tm8tZW5uajZnaUVhU3JNdHJtTEdDSlVCdzFEX0Y5VFZOUV9RT1FrNmk0cVg2OUtNeXZncmNseTBEU0p3c3pRbmJEa0IwNGkyNldqTmhNaGhqQXd4VUJOcFZYbk0?oc=5,Black_Sea_Ukraine,google_rss,Black_Sea_Ukraine
Kremlin says Europe's drone cooperation with Ukraine shows its growing involvement in the war - Reuters,2026-04-17 07:00:00+00:00,Reuters,news.google.com,https://news.google.com/rss/articles/CBMiugFBVV95cUxQbWp3MjhWTU5yNFpnRmxQZ3FZOF9NdzNXZDZNdjhwbHNmTXRpdVBWRWtzcE9IbUxuYnJYRHYtaFk0MmhPdnU1aDM4NjhxTng0RHlFVkVkUXZPekFCS2JLZ2FHT1JEaE51UzlPbVA4MXZ6WGktSXZjcERFS05RY3NMRDNLeUJkNVVuYzZsVVBweXJ0TS1ITjJwVGx4SnF6cll3Q1NNSVVQQ2E3TFB5ZThuSUJWMk43eXhBaFE?oc=5,Black_Sea_Ukraine,google_rss,Black_Sea_Ukraine
Why a U.S. blockade on Iran seems to be working - PBS,2026-04-16 07:00:00+00:00,PBS,news.google.com,https://news.google.com/rss/articles/CBMiiAFBVV95cUxPTFpnQks5a2t1MUV1MXBITEVKekYyZEhYa3ZabklNZjcwODVrUzVNRFVBeDVEQ29tbUlaNDUtVnJURVlVenFMYjctRnNYdmNQXzYzYlN1MGxqREl2X2xYLXExcEdHM2tTOXZxbGdZZ3NNN1NvclJZRFRFM20zdVdlRWRBSnZQUnI4?oc=5,Persian_Gulf,google_rss,Persian_Gulf
"Russian attacks on Ukraine kill 16 people, including a child - Al Jazeera",2026-04-16 07:00:00+00:00,Al Jazeera,news.google.com,https://news.google.com/rss/articles/CBMiqgFBVV95cUxPUXZfQXpwWHliY0FmMzFfSjVFLVVEdUwtYjg0WFp5MTN1VERjaGpLVVgwRjlHYk81eHpPaktnOTItRWp1M1NBOC0yZlJOYlliSDdMRXBDREZfRmU5UFNQcV9IUGEtWE1kem1ncm1UX3gtaTQ2TmpqMVY1Q0tuaFlYNS1sNXpqVWMybHFVMEF2eThqSFJGTzdTcHc4UGU2anlaQ0V2UzNNd2hJZ9IBrwFBVV95cUxPM1poX2RERzNGdS1hTVVMOUFiZlNUR05mRjJGdDlaVnp5OGIxWXdVREJzVXQ1Y0JxWjhSUDF0WkFVbFVIUkNoVWVIU0JLbElMNlFVVEo5alM0ZDJkZVo0cV9IRVJ3TVFwXzg5XzQ5NG5GMkh5Ri1KSnV6Mjc3Sks4NGE0SGxtTWVJYS1iS2VGellKdG5CS2Q4enFlQTVia2ZOWWNucHBPcXRoMmJoWG04?oc=5,Black_Sea_Ukraine,google_rss,Black_Sea_Ukraine
"Russia launches deadliest attack on Ukraine this year, killing 17 - Australian Broadcasting Corporation",2026-04-16 07:00:00+00:00,Australian Broadcasting Corporation,news.google.com,https://news.google.com/rss/articles/CBMingFBVV95cUxNbV9kRGdzamFzNDhXVi0xRGhpdjZpdVZzWHFhUlRyaExhWFZRX2VDMXVBZlVqVHUzWi1EUEZMR2hvNGVKT25WX3d3NW92a2NWZUZRT0Y2QXlMb3JCNFJHS0lXbzhSWXZIZWU3T3oxZmh5ZU1xUTFSUkd4WmlNbDl2Z0xwOTVucmM1V1dqdDFoZ2diajI2Ri16WFhMVzlsdw?oc=5,Black_Sea_Ukraine,google_rss,Black_Sea_Ukraine
Iran War Maps: Tracking the Mideast Conflict - The New York Times,2026-04-15 07:00:00+00:00,The New York Times,news.google.com,https://news.google.com/rss/articles/CBMidEFVX3lxTE1uUWpBOUw3b05zUlRrZFVqbThvSTc1elBsdzItdm4tR0M0eUYzSWN1Qm45RGp0R0pLbzJLekxiZ3JBODRlSjB5T2hIMThDVG12NG1zcnVKYzJNYnhqdFE0MVUtcU5VUWR1UkJ6dWthdVRvcW5t?oc=5,Levant_EastMed,google_rss,Levant_EastMed
Anger in Lebanon as Israel launches deadly strikes despite diplomatic drive - Al Jazeera,2026-04-15 07:00:00+00:00,Al Jazeera,news.google.com,https://news.google.com/rss/articles/CBMitwFBVV95cUxPakpZbW0yX3l0TUdtVEpkSnRSQnhnTThnWkxxdHBGOUhDdWN0SHlxd0lVLUIzQkg5RDMzSUc0b3NSSUx1eVgzaTlmb2JiOGU3TGVDcDVvX3Yxb2RQRDJ2amtnbmhrMVZ6RXEtclB0MDBJSl9USlp0OTVTZVVqYkpvOHItS1YzNFBteFFSQzFNUm9WM3pDNTh5ZmlrejVCXzJhY3lpMElRM0w1d2ZGX3dTUlVBOFVGNFXSAbwBQVVfeXFMTlNyYWJDRWo1ODh2OG5ITGNKNTUyMlJvNEVKTzlYV3I3ZFNHLVFaWXFoX3dZTV94Q3BMZUZvOGFISE94QmdtaTlRenhBUUduTDVGV2dDOFptbWtubm5Oa3VKZGc0T3NfMElvcDF2NGRUT1RxWHFnVFk0WEE1dUIzU25lSF9WNUNIMFJHNGFCdXhRVk13UEhIazBBdmROMnpSTmxFVDdNNnJTd2NSWVd4TDJSMzRUN0tKUlNvYjM?oc=5,Levant_EastMed,google_rss,Levant_EastMed
U.S. sends thousands more troops to Mideast as Trump seeks to squeeze Iran - The Washington Post,2026-04-15 07:00:00+00:00,The Washington Post,news.google.com,https://news.google.com/rss/articles/CBMijAFBVV95cUxNbml3VHdWQUgxOENyRzI0d2FmNURYRTVCbmJKaFF5dnVNUzFmOVY3c3lFaF9lOVhhcHNyYkNTSzZLOU9pc2xzR010LU1ab1FQZFhEN2xQTGRjY0R1Y2NoSkFyU3R0cnVEcWVTNk1tVzZLLXpsY3RmY1JUakVLNDliRlBBTHZVSGpnOEMxNA?oc=5,Persian_Gulf,google_rss,Persian_Gulf
Israel Begins ‘Broad Wave of Strikes’ on Iran’s Infrastructure - The New York Times,2026-04-15 07:00:00+00:00,The New York Times,news.google.com,https://news.google.com/rss/articles/CBMigAFBVV95cUxNaFM1X0dITWZ2b2lSOEluZjVabjJnOVA0dmM3VmNWbTFpbFp4TnFOQ1huOWxSeWNZMHlWaTBYakFwX0psTkJJVEo2M3M4X3NudmJQLUdKTFhLa1ZUd2wzOXE5Zl80NDlBX2dGcHVTR1NCOGdlckQ0R0xFQmxZZS11NQ?oc=5,Levant_EastMed,google_rss,Levant_EastMed
Iran Escalates Retaliatory Strikes as U.S. Signals Long Battle - The New York Times,2026-04-15 07:00:00+00:00,The New York Times,news.google.com,https://news.google.com/rss/articles/CBMifkFVX3lxTE82Ym5OTm4waTQ1akFtS2dJbkszSnp4WXhIMUthZ3VEOTJoYlRZdHJvUFdDd3U2X1JmYmFvblZ5dXZhNDBpaUFqWHl6bWZWLWlFYnFPUEphY1ZrbF9zZVc0V2tlVU9NN2w0N0pqaUl3c0Q2UlRpa0VsNW5NZktOZw?oc=5,Levant_EastMed,google_rss,Levant_EastMed
Conflict in Yemen and the Red Sea | Global Conflict Tracker - Council on Foreign Relations,2026-04-14 07:00:00+00:00,Council on Foreign Relations,news.google.com,https://news.google.com/rss/articles/CBMib0FVX3lxTE1wLVlLT0hRb1JoS2NYWXdlLWtBdlJHVjBfUFMzLW04cU9ENTE3VVlwUW5IdHRqdDhfTmFqZ1FiRnBRcDU3a3NUajF4Ny1Wb1UxN2lqR091Q1BETVNSZm5maTVEeGhLM3VySUZuRVc5Yw?oc=5,Levant_EastMed,google_rss,Levant_EastMed
Iran war: What is happening on day 45 of the US-Iran conflict? - Al Jazeera,2026-04-13 07:00:00+00:00,Al Jazeera,news.google.com,https://news.google.com/rss/articles/CBMiowFBVV95cUxQcnB0M1VDUDJCOUpYTkNxVXJxTXI5OTlJU3daR2Z3NW81NDE1TlNLRUNYUVAxcVlObUtrT0h5R0Q4Tkk2cjcwdkV6Y2lMWFU4ckJ3QzZvUTZ2TEt1WnpUcTd1SlRhNjNaUVV3WWpjdGN2dDB0dVEzSTBVbWNoQ1VKVHFCTi1zTDJZajBkdmQ3UFY1c1VMU2dWdXloN04xQkR2SWFj0gGoAUFVX3lxTE1vWEhmcjEyR2hpeXJKcDhweWJaMmtFVGZXUmJQQ1N3alhJN1I0S2tQYWFiOG1PdFdiSVhKRk5VX0Y0clJMNnlYMTdPYWpXUlBMX3RKeC1QRUFKdmo1RXZUaWhva3ZUVEFhQWNYbkM0Mmk1Z05SZ3kwbnpTQ1c3X2VFcDY2b3lFUlhRQ0h6XzdVeTRqcHNBcGYzU2hOeVBMbTliMWYxemw1Vw?oc=5,Persian_Gulf,google_rss,Persian_Gulf
Trump cautions Iran against charging tolls to go through Strait of Hormuz as fragile ceasefire holds - CBS News,2026-04-10 07:00:00+00:00,CBS News,news.google.com,https://news.google.com/rss/articles/CBMipAFBVV95cUxOekJCZUFzWVQwcjdGZUFEVjlVWWs3ckhaUzZNMUJ4YlhKcVkxckVKYlNJV1l3d1kwSEtQVVNseUs0MXF3R19WdXJiRzlHX1hOLS04dWVUaEJhMkxuV2NraHFtTnFLLVdDclJSUktodVpuSFNyU05sUi1TMVJONW9qeG1XVlAxZlJEM1NlbFVLclRvYkV6VExwRWZ4cG1EVzI5UlN2d9IBqgFBVV95cUxNVDkwRkNqQ0V2S2pFZzVwclVrdHRhbDZEMGVTOXRlSlpnOWNfUEdzTGJUNTBUSGVSS1F4eUJTbHByVHBnVUFmRmRjQl9hd3pudEpjcHV4VXQyWVlZOTRMMWxkUEJGWlBOaEhKT3IzSHd1UFBWZlJoaDdPSmxhVVZlUGpIckRucTNZWmExbDRycWxNZ2NGUDB3RDRGek5KVExMUWlzc3A2aU1uZw?oc=5,Persian_Gulf,google_rss,Persian_Gulf
At least 14 killed in Israeli air strikes across southern Lebanon - Al Jazeera,2026-04-10 07:00:00+00:00,Al Jazeera,news.google.com,https://news.google.com/rss/articles/CBMirAFBVV95cUxOU3dINU9SSGJ0eHdCZjRUa2pmbGdFRWNLalhsWTJMZjZSTTE3dTdNV0FRMk1vQk5SXy1aNnRoWTIzdkV4VHZlYVpvbUtWdkprLVdfbHpoOHJFUFVNeW8zNk1SVElWMG5wWE80bzV5NjA2ZnNrN0ZhaTRraFlKTnotTko5eTdob2hDUk5ZNEZTdXdCVFpXOUZ2M3Jkd2RITkxTRHF6MTVEUDRkOTF10gGyAUFVX3lxTE5nbGVhVWZjWDVyTzZ1QU9UaXhJU3haZkEwaHZPbm8xSUV0bW12YWNYLXY3cDhIblFGclhZeFJnQUZUQTl4Q2xQVGlBN1dGeW9kcXFZYjBYOFgwWm1HS0NtVU5mUERzcmplVm5UWWRTWEZnTlNTeXZ4ZGIzZGpvMHpxY09DeDUwWDRaV3JKaHZZREdmcUFtWFI3X2xleFRmOHZGaHFXZlFmOGJ6cUFjQzQ0RUE?oc=5,Levant_EastMed,google_rss,Levant_EastMed
Ukraine Turns Russia’s Black Sea Fleet Into a Sitting Target With Relentless Drone Strikes - UNITED24 Media,2026-04-10 07:00:00+00:00,UNITED24 Media,news.google.com,https://news.google.com/rss/articles/CBMizgFBVV95cUxNOHoyaTdMTnNNZ3NtbHR4N3NnZHRuQWJObFdMWFo1Q2JYQjJxSnBJXzVFUmdpQTVDOE82b0dxVlJqaUFTMV8wZzNvOHFlVHh0NmEzMEplWG5ycF94MWlsNTJNYVhhcnVDSXA0RFB4VFBscVp2c1NBdDA0Uk1yQVZGZUdlWnp2MG11YzVQb1NpOTNXX0FsUGUtaTcxY0lpLXN4NExGSE1PNHpEVzQ3d3FSSWNpX2pTRVZSYmZNYVBqWGhNQW1kakVvUHFJQWJhZw?oc=5,Black_Sea_Ukraine,google_rss,Black_Sea_Ukraine
The deadliest 10 minutes in decades: Lebanese reel from Israeli strikes that killed hundreds | Lebanon - The Guardian,2026-04-10 07:00:00+00:00,The Guardian,news.google.com,https://news.google.com/rss/articles/CBMilgFBVV95cUxOdmNTSVB0SDAyZGt6RFF6TG9oOUlLVEt4V3FaNS1qTHN5b09nQVlWd05xNWktM1phcldoNlBleGtfbUZ3bVB1ZlFEdlotbE5QQ1JkVHlkeGYxYUNscC0wZFNLczM3UHlZX1J0WVFYTHBEd0x5LWthWlc0V0c0alFsWmlTVGF4d2x5a2dyNHY5WlRvOUtHalE?oc=5,Levant_EastMed,google_rss,Levant_EastMed
Israel vows to continue fighting Hezbollah but agrees to talks with Lebanon - NPR,2026-04-09 07:00:00+00:00,NPR,news.google.com,https://news.google.com/rss/articles/CBMibkFVX3lxTFBFWmtTQklJUFlpSE5hc3hZTXhTaTlNaDVwQU9rX092c1RMeTdTQjJISGFzWWhSbHZza3RYZTBrcFFwcE8xLU85VTN3SzZyVVJrLWhvalNoT0xiTThBVEhma3F0RHRZZE5aM2ZBMlNR?oc=5,Levant_EastMed,google_rss,Levant_EastMed
Trump Renews Threat of Attacks on Iran’s Bridges and Power Plants - The New York Times,2026-04-09 07:00:00+00:00,The New York Times,news.google.com,https://news.google.com/rss/articles/CBMidkFVX3lxTE9KejJPbDhsYUN0c3BFeXgyeEg0N1AxZVRLUmhOcHZPZkpvVlhRMl9aSWdoN1EzZ3NUQTM5WUV5bngwMGNfOFdyOW9NME53UXVjNEpySURqeWZKb3pvaHZYaHl5OXlrTy1SSTVRNU1PWjRjdjlJWFE?oc=5,Levant_EastMed,google_rss,Levant_EastMed
Gulf states eye cheap Ukrainian interceptor drone as Iranian attacks drain missile stocks - Reuters,2026-04-09 07:00:00+00:00,Reuters,news.google.com,https://news.google.com/rss/articles/CBMizgFBVV95cUxQUDRjUEFsNWQ2TF9nSTNaV2RQYUFwaGZGTnhMellnWGtaU3ZVcTkzSG5WLXlaMk5LM00wQm9LR2hXQ3Z2N01HTHIwT2xJVTdnZ280VnhMS1JEcDhxdUJRVE5EN29FV2Q2ZF9uWG9FQmhnQ1o2cEVlOWFQdVZqUFV3T1ZMM0wxY0cxR0RHVXRjSEhKNUc5b1o3OV93UDNENURhWEozbW9RUlNkVGVpeDlKQnZ4ZFZSeTdXQWhrSUJqVktOV3Z4d25Zc2hhVjZ1QQ?oc=5,Black_Sea_Ukraine,google_rss,Black_Sea_Ukraine
What Are the Unintended Consequences of the U.S.-Iran Conflict for Defense and Security? - CSIS | Center for Strategic and International Studies,2026-04-09 07:00:00+00:00,CSIS | Center for Strategic and International Studies,news.google.com,https://news.google.com/rss/articles/CBMiogFBVV95cUxQQVlpUUxHNGxaXzB6TmptdnhQdklnYlc5OW9yR25GOWhQWmY0bnd2YlAxMTBSSUU5T1hQV3ZJZmE0Y1FFeU40MWNUTENOWGRqa2ZtUENkTUE0WnYtdjZmR012dEE4RlNXd1ZvSDQyeTFuSFBiazhUUl9IYlh5UGpURUJVcUFjWlZUalVLWjZ2Z0s3Wm9pYVBNdVFaRGRfNE1VX1E?oc=5,Black_Sea_Ukraine,google_rss,Black_Sea_Ukraine
At least 182 killed across Lebanon in large wave of Israeli strikes - BBC,2026-04-08 07:00:00+00:00,BBC,news.google.com,https://news.google.com/rss/articles/CBMiWkFVX3lxTE13LWVXQzlWMFVKRUYxa1o0dElLbktVSkREQlN2SW5KUUw0dF9lWkdNTUV5b01DMGVyUDB4d1NBdTVnRGRURFhzallZT0tneEN1OG1xcUNoUTJSZw?oc=5,Levant_EastMed,google_rss,Levant_EastMed
Israel Escalates Attacks on Lebanon as Iran Cease-Fire Takes Effect - The New York Times,2026-04-08 07:00:00+00:00,The New York Times,news.google.com,https://news.google.com/rss/articles/CBMinAFBVV95cUxPR2dtQWRLXzZRLVBHUHowdy1hX0ZFa1Q5OXZLVUprT3A4RXNkRDQ1V25MWGJEZjlfYjJkVXZxWG8yZUVjSVlCekU1dS1RQ2o5Uk5KbFFUYkVSdUI0Q0NSb2xYMkpyTzFUaXBrSW9NSkpEZ3B4VEo2SUZfSnFaYVlJaUZpdms5Ync5d0FEa3pqemgxaVpWQ2VwVzBvNjc?oc=5,Levant_EastMed,google_rss,Levant_EastMed
"Israel says Iran ceasefire doesn't apply to Lebanon, and strikes central Beirut without warning - PBS",2026-04-08 07:00:00+00:00,PBS,news.google.com,https://news.google.com/rss/articles/CBMixwFBVV95cUxONVdtLXR6NjdhZ3pfNUtlU3RNZnltaFBRZi1PX3BONXpIMkFCN3JuN21ncF9maEVOcHc3RUZtVG90Q1ZFbDlNTS1nVTVMSEFVdndieHJZTmYyQl90Uk9uRTM3NVlUWTFtR0dwSXNxUWktQ3hMZzFlbklHZlhOQjRFenFMTFJQblpYb1h2d0lsNHU4cDBtNlIzTDdjY2FRWXdvZmtNZW5YSzdXM3FOblROMGZWU3RKTkNYRzNuT0Foa2dUWjlnUDRB0gHMAUFVX3lxTE1OZFR5ZFlwbWw5ZWliMGM4R2ktNU1GRTdScW1hMVE5bFR5TjZNZm85azRlaHdxZkpBd3hPSWRodV9wUHo2dl9JNjdtd1lPZlZqQ1VoejVBMGtQMU5wVllVLW5zQndhbnRqNXVndzdrSUtGc29VUlN6aWRHbHNjUThYQ2Yybm1oR2Z3UFJ4TXhIMmhLZHFUTURIU1hiaHJ6dHFvV25JTTRfSEJSd2VyeTNRVnFrMVFNUkNYWnNJaU9iQjBBWTR0QTB4X194LQ?oc=5,Levant_EastMed,google_rss,Levant_EastMed
Israeli attacks across Lebanon kill at least 254 after Iran-US ceasefire - Al Jazeera,2026-04-08 07:00:00+00:00,Al Jazeera,news.google.com,https://news.google.com/rss/articles/CBMisgFBVV95cUxPNFllMTE5bTNYNmRmbkNsLU9jQWtvSmxoZWRKOFRoLTlLZEdEQ2NBWDZhbERzM3RnRm1zQ2hlcnFVRlViNHlLZVFTa1k5UURfNF9Mby1Fdk4wUkZHUmFNZktidVFZUnZ5MENLVmpGUGhhcDNKQWlfM0ZlYUp5N0p3NlpKcmdGUHFlQnF2SU16Z25IaG4tR0ZESW0tVXFGaXpiUnpXTWJESnhxTUFuVFM0Z2V30gG3AUFVX3lxTE5wSjNVdDVYeGNtLWhyWjRPSDZvTlNrZlZzWjlaaW5Zc0M5bnRieWJnb1QyMFljRUNDby1sTEpGeXlZR2I4bVdNYURWQ214SFdIV3V4bVUwM0FVcTJHOUZkZjlxY2FncmZSSXdYMm0tNm44ME94alV3OGRaeFV0THJCeGwwT1pnYVUtUnNJX0ZsWHhQZXBBX0l3am9WNlMtUjNRdzVOd05tZlV2eVowTmJkVS1kTHgwcw?oc=5,Levant_EastMed,google_rss,Levant_EastMed
At least 254 killed after Israel hits Lebanon with massive wave of airstrikes - The Guardian,2026-04-08 07:00:00+00:00,The Guardian,news.google.com,https://news.google.com/rss/articles/CBMizwFBVV95cUxQOGFyRGptZDUzendzdUdvYlJrMTJZa1FySnVzRTRpSnJOeG1jYmhmS0tiZ3FHU1REY0lMRmg0SDZaMk9yWl9PS3FTNVpTdVN0VVdNMk5qY1F1cTJKMHhBUnVpY1pzN3FMVUppN3hRcjQ0RWlodWNBWWVvTnU5ZTl5RlVJdFJZVVlvX1kyWk1SV3p2bG1YNERIeXltSlU4RENxSzAzN3N1YnJ4bVVfSGlqVzNweFV2d0FTNXhUZFFmWGxVbHRSYTkzS01FcF92M2s?oc=5,Levant_EastMed,google_rss,Levant_EastMed
Opinion | Trump’s Easter tirade reveals what the Iran war has become - The Washington Post,2026-04-08 07:00:00+00:00,The Washington Post,news.google.com,https://news.google.com/rss/articles/CBMihwFBVV95cUxPekMxUC01dmNSRXRXMlBFNXo1amZaSUx1REtnV2lBWE0zVjVTMmprX0lpdW5SbC14UjExd2tkM2Y4OGtxV3dXdldyaFFmVzF0MFFDaHE2VXFrbGJHWnBJaXVUaU40M2lRQlViUktFd0VJUnNDN3oxdGV0RERSRlF1SHRMN1plRUU?oc=5,Persian_Gulf,google_rss,Persian_Gulf
Continuing Crisis in Strait of Hormuz: Why Iran’s Hold is Illegal and U.S. Military Force Alone Fails - Just Security,2026-04-08 07:00:00+00:00,Just Security,news.google.com,https://news.google.com/rss/articles/CBMicEFVX3lxTE01Y1BXYnVjS01nWXBHT0d6ejk4WXRrbXRLSXdSaWNFdzdKMW15Qy1WVkJNSHY4cExVQk1ERjJTbHFoUWpuLUVCcnY3MThrOGhveklEWEotTDduSm9yZVNXNEgyT0Q2LWo1Q1BZWnRqS3Q?oc=5,Persian_Gulf,google_rss,Persian_Gulf
Lebanon death toll surpasses 200 after Israel launches assault despite U.S.-Iran ceasefire - CBC,2026-04-08 07:00:00+00:00,CBC,news.google.com,https://news.google.com/rss/articles/CBMiigFBVV95cUxPZEZnT3ZkS2R4SmVVNE8yNnl0YVhBcHFjbmpoX3pXbHdVc2Rwc2FIQ2JCZV9fR0tILWxpckVPbTdCUzZKcWRpd3BUMDBYR3NZb1ViWXVVOWlkSFAzdU9jQmY3eGN3Q0QzS3cwNkZNYUE3LUtVd1N4ajI0ckQ1M3pPWkhQeFdwS0JiN1E?oc=5,Levant_EastMed,google_rss,Levant_EastMed
"Epic Fury Quelled for Now, Objectives Accomplished, U.S. Forces Remain Ready - U.S. Department of War (.gov)",2026-04-08 07:00:00+00:00,U.S. Department of War (.gov),news.google.com,https://news.google.com/rss/articles/CBMi0AFBVV95cUxQeG05bV9kWUlrRDUwTFZkN2hjYkxjTmdXenhWbDl1bTlDcnpOVVo1S3hrTXM2WmRGQ3BtV1pIemowVm9GalpOLVFBMUZtamh4Qml4YjB5ZS1EdFpVWFB4V3g5d2g2T2loZ3BXbWlybElscW81cG8yQkgzWW9hRWpsMlBRWGJWS2hPblpLakNVZnFVeGhvcGVxbE1GVE9SVG00eDRsNnFZX3lZXzF2cXpHZ0hScmhrMnBycm04WExidUh5VDlkLWxVTThPd2kzSWNn?oc=5,Levant_EastMed,google_rss,Levant_EastMed
Cease-Fire Tested by Confusion Over Strait and Strikes on Lebanon - The New York Times,2026-04-08 07:00:00+00:00,The New York Times,news.google.com,https://news.google.com/rss/articles/CBMic0FVX3lxTE1USHZLemwzUjhuSW9BWnNLSmNVdnBzYzJxSjA4TGpoRHR0WUJ0YnNpaXBELWJCVGdyNFpBcG1NWTAyWFlfMEIzYy1Ga1daVVRjcEVKR1FVSUhuXzB3bTRTMmFfcW1nQXdsQzNBRkxReWFxNTg?oc=5,Persian_Gulf,google_rss,Persian_Gulf
"Ukraine Ramps Up Attacks on Russian Oil, Aiming to Curb Iran War Windfall - The New York Times",2026-04-07 07:00:00+00:00,The New York Times,news.google.com,https://news.google.com/rss/articles/CBMikgFBVV95cUxPblpPdWpfVmlFa0NwZU0zMDR2TDdXS2ZHQVNNellHRzFBa19pQnprb3lMcFl5Xzk0SUNsRWR2Q0hFN3VQWVZxeW1jS0M4VHBJdktsbllxbVpvUXFQdVhJTzJ0NEl4UTkxNkEwcjdsVVpYSnQtSFFWZmkwN0lZbzFITGt3OTF6SDhxU3c1aUdIZWtNZw?oc=5,Black_Sea_Ukraine,google_rss,Black_Sea_Ukraine
Iran’s Anti-Access and Area Denial Strategy Is Cruder Than China’s But Still Dangerous - War on the Rocks,2026-04-07 07:00:00+00:00,War on the Rocks,news.google.com,https://news.google.com/rss/articles/CBMisAFBVV95cUxQLUNwTVJCbFRFaXFnNWNPa214WWxsTmJZVXpUOWVWeHl0VmRFY0pPbVZMVVZUR2VDcEhlNnI0eXp0TlQ0LVg0RmlMMW5NU2Q1ZlNsSmY3Ml81SHBBZGk2UXQweEtnd096OURhNGdrN3NaTHBiMUtJSmRhUV9fWW5PSkZtUmdmYkNBWWRTWXdqYXZRSlZWNXJkb0U0RUgzbjV3bFNOblBkWFdpLWcxelNyOA?oc=5,Red_Sea_Gulf_Aden,google_rss,Red_Sea_Gulf_Aden
Kharg Island: Iran’s Oil Lifeline and a Tempting U.S. Target - Council on Foreign Relations,2026-04-07 07:00:00+00:00,Council on Foreign Relations,news.google.com,https://news.google.com/rss/articles/CBMijwFBVV95cUxNOHZWbWJmOHJvQmQzOGVjZDMxbjFNWUxLWU9ESzZRMTRxVTk4NXowblJwbUNMMFBvYmNmMnJwVWlFV05YODE5TEdBczd6Z2tCSG1BU3o2VnNyYnJZbEI1a1ZneXBXOHBUVGdxd2lSa2VLWl9VaFlQSnRJVEdfVXJWcXBtZzJ1aXNiaGRXUUFmSQ?oc=5,Persian_Gulf,google_rss,Persian_Gulf
Middle East Conflict: Situational Updates and Implications for Global Mobility - Newland Chase,2026-04-07 07:00:00+00:00,Newland Chase,news.google.com,https://news.google.com/rss/articles/CBMibkFVX3lxTFBnZEN5U3QxTHpnZUV0RVA1dFpHUzMyM05BTEREOUc0LXppakp6YVdTRnZzU1VFbWdVVGFKbXA5MWhnVDV4ZFVvQkRSOUMtT2pLY3NQdHliYlRJM1EtTGVJM090X0MyWmtHdWNFUUNR?oc=5,Levant_EastMed,google_rss,Levant_EastMed
"Houthis threaten Bab el-Mandeb Strait, complicating Gulf response to Iran - The Jerusalem Post",2026-04-07 07:00:00+00:00,The Jerusalem Post,news.google.com,https://news.google.com/rss/articles/CBMiXEFVX3lxTE1aNGJ4Qk1kX0lrdHkyZUZwcWE1THdGZEZENHN0dENPenA5dFJGSElka0NkdEJNcUIwN05xM0gwME9vNXljeGs0VDhLSlN6R2VXbTVMYWJ5cEpYSVFU?oc=5,Red_Sea_Gulf_Aden,google_rss,Red_Sea_Gulf_Aden
Second choke point crisis looms as Houthis threaten key Red Sea shipping lane - Fox News,2026-04-07 07:00:00+00:00,Fox News,news.google.com,https://news.google.com/rss/articles/CBMiqwFBVV95cUxPam03Q09aYlhyRkZBZTBiMm9Ed0w2RTJTOXJvSEVLS05CTVhNZlBCN0tOR09ibUpJaHFMbXZfQmhxWjg4N29vaTRxZm5IZ0podWZMY0VyUTZZeXRRbXprMHo2Z3QtTlFRVWpnX1JRTFhSRW1YYVd2Z1dGVlhhNjF1dGd3YlBxWkdxNGs4LXZrbkxjRnVfZDhnTkotMFdHX1I1U21DcVpubmhNdFnSAbABQVVfeXFMTU1MVDNiSmZvbG5nVjNRc1V6LUhON29wREp1U2JWNjZKcVo1V2NvcXJvbHdMX2cwMTRfQzZsU3JrMkFnbmRDWkU2MHNtalM5ZXlJQXU3dGRmakdUVEZTZWtLcGxlMGJ0RDhvVEFPVHpiUHpmazNRbG1mc25KNzhvSjNZeWJrQXJ2dDh2YjkyZ0dRem0xVXRfSzF6VWctYnR0eGJTQXY5VG0xQlB2eTVhUlU?oc=5,Red_Sea_Gulf_Aden,google_rss,Red_Sea_Gulf_Aden
"Weakened and Reluctant, Yemen’s Houthis Belatedly Enter War - The New York Times",2026-04-07 07:00:00+00:00,The New York Times,news.google.com,https://news.google.com/rss/articles/CBMihgFBVV95cUxNeTVwRmppU2stZ1pBSXc1MzNjZTBGNVlEZzZpbUxrMDZlQVgwcGcxdHZoNTQ5MjRNcWFFaDJkM2lIakNud194WDlRNXRTV0xOZDU0QkVpN2JZYkpBdkVPaThtTEpFTENxOWhieU84ekpoU2w0VHlFQ3NQV1prYVl5c1lDRmpYdw?oc=5,Red_Sea_Gulf_Aden,google_rss,Red_Sea_Gulf_Aden
Italy and Greece drill in the Red Sea as Houthi threat looms - Decode39,2026-04-07 07:00:00+00:00,Decode39,news.google.com,https://news.google.com/rss/articles/CBMikgFBVV95cUxOY2x5cDJXRTV0S1JncWttSFpRaVY0TFN4MTJsUVFHYXh3cDQyZWo1Z1UyYTFFSmlhSnBsWUtNUTJmQ0NRMUlFeUgyam54WnNyOVR5MWRrVUxNMEh0bkVNVjhLakctd0ZLMWR0MTFCSEgySmNURUdKS293Y2FsdENUYmhqcm5oQldXdERSaUFBQlZTZw?oc=5,Red_Sea_Gulf_Aden,google_rss,Red_Sea_Gulf_Aden
Yemen’s civilians fear fallout after Houthis enter Iran war - Al Jazeera,2026-04-06 07:00:00+00:00,Al Jazeera,news.google.com,https://news.google.com/rss/articles/CBMinwFBVV95cUxQZWdoLVBnYzFxMFVjckt2aElQdndMV3labjNEQlItV2hBMmp1c2ZWa2QtdVQ2TGNCSWk0eFFzdlkycHVSbkpvQ2psYWowVmtYT3ltQ1NlMjFwN1U2RGFoRHBSQl9XUHZtelYxVXNSdUtEclN3d2RvQjYwNFFNMnNtRGlKOVVydFJoRlRfMWZmYXVKaFAwTklaRDg5R3A4cHPSAaQBQVVfeXFMT3ZCRGFTM3JwRmpBS2lKVXhQVXU0MkkwejN0ZzdCNHZySjhxaGxITEZteUExX3VIQllwRC1MaEphT3p3OHMtMFc5N0d6WW9SVlR4eXpaNS14ckstWHZOdFoyZllQR3hLeG1zdHBWN2JqY1NDck1XZWZXcGo0dWFnWE9Hajl6akdkejBqUFdXSmhjUkxiazViRWRXRTcyUWFZdkRJZmg?oc=5,Red_Sea_Gulf_Aden,google_rss,Red_Sea_Gulf_Aden
"Israel Steps Up Attacks on Lebanon, Killing Dozens - The New York Times",2026-04-06 07:00:00+00:00,The New York Times,news.google.com,https://news.google.com/rss/articles/CBMilgFBVV95cUxONkRqT25aLXZ3Z3NFdEI4dkZQYlFlemhaRE1heXV4OWlyZ2VxMFkwcUVFUEFBR3RES0FHSDJ2bkZ0Ym9teGFLTndfYThkY1owUzBuR2w5clNySGVSTUlEN3FNY1J6eVVseEY1YVk2blhGMXZRWWV0TnJUTXROTDl0T2FHTUdZZkJtTHRsQ0x1RkRqak1HWkE?oc=5,Levant_EastMed,google_rss,Levant_EastMed
Ukraine strikes Russian Black Sea energy hub Novorossiysk - Al Jazeera,2026-04-06 07:00:00+00:00,Al Jazeera,news.google.com,https://news.google.com/rss/articles/CBMingFBVV95cUxPd2VtM2lXb0I3cVM3a2lyb0tGaVhzOThVZVN1RU9EaFF4S05NSDlfaTE4RWphVDkwckZBYzZwQ0JsODNpOE5WR1ZHRTI4eTFabkNEYWZmdDB0Q2VnWDFGeXdYUm0zRzF2VjgwblF2Q294ZUc3TFN1eDBsQmVmdmkyRFljRVBnbFMwNllNUEhOX0RENjhpcHV6Z2cwSGs4d9IBowFBVV95cUxNZDVpMEpvSXpqRmhzZm90Qm9BNG1uSlRkVThxSWtiQ052WlZoY05idk1BODVNY1ZoMlpWWmhjRHNncGQwVXZzZi13TFpLclVOSFE3SDk4ekZ0ZTNwMllURXF6UWNBdEd0MXlocHlaLXJVVS1qeUdVNFEycUF1ZHpJWGZCTUVPUXRuekpFSVhVdy0xb2dyeVoyTzBPOVExbHVfbk9B?oc=5,Black_Sea_Ukraine,google_rss,Black_Sea_Ukraine
Israeli air strike kills at least 10 Palestinians near Gaza school - Al Jazeera,2026-04-06 07:00:00+00:00,Al Jazeera,news.google.com,https://news.google.com/rss/articles/CBMiqgFBVV95cUxOR0xtbGo0X3hzT2dHaFptN2lobDBxWjZRTWh2VFdOTFJQWGtTVmEtUEhESXhQN2dTRmdROEVkRnBpMy1QdjdvZ3U3TkZERVM4b3NOdHlRTGFjZU1SUTVzRE5GWkJMU3UxQTBiSlBTUVJ1b005NTVab25yd1pQTlZENGZVVW9UNHRPYlZHMHZ6bnZ5LWE4dEdsb0ZIaDlDVURlWDFBa2ItT004QdIBrwFBVV95cUxQSVBJd1NfZzgtYVoyWlhuTURNTF9qZ3RuQ29vRkRoYVRTR3A5ZW9acGVma3ZHSV91bllGS2pkZVRfSG9NaDk0Z2tabUhZVWtGVE1hUjlWV0lqYnRvOFNKWnR4SDJCaFdJNXZyRE13cmI3bXZ1UUxMMGNidWRqd2NndE1lWllQYXlpVURvOU9TR3lFc2prazlYeDVxVzhOajNpSkVNRHpjTnlEbDJ0NlEw?oc=5,Levant_EastMed,google_rss,Levant_EastMed
Iran rejects a U.S. ceasefire plan as Trump again threatens to bomb its infrastructure - NPR,2026-04-06 07:00:00+00:00,NPR,news.google.com,https://news.google.com/rss/articles/CBMibkFVX3lxTFBocHZwb0RyWE1NVW0tQmlOMWRIcHE1emxvNWYxME5GYTM5WFd6RUFYbTVXTFAtcVo4NVBhb0h5Q3BBVy1MN1d0U2FpSnMxUE9MS1JxMEY2RDFxTFl6eW1KQ1haeTdjemtxUkFPYkNn?oc=5,Red_Sea_Gulf_Aden,google_rss,Red_Sea_Gulf_Aden
Lebanon’s Hezbollah and Yemen’s Houthis join Iran in strike on Israel - Al Jazeera,2026-04-06 07:00:00+00:00,Al Jazeera,news.google.com,https://news.google.com/rss/articles/CBMiqwFBVV95cUxQMmpUM2NOWUFlUzc0TXE5NGhybnlYbmxQenFGdkxaUG1LUjhRck9BNGhUdEROSXV2WFFyUThZYWVNcmtHZDctdGhkb3Y2SFAwd3VtWE02SW9iUDFwV0FDc1laWjBteUUzdm9DbFRNOV9VaWVlcUIwX0NlV094VVVwTmNRSkJSS3g3dTFxSTFPNmpvSWxpeDNKQUVVNXJsbE5GWVIxMXc2OUxhR0HSAbABQVVfeXFMUGxpUldEbkJWTFBPOThTOF95Q0NXc2JlYW80VlhlVnN1SFJqODdmWFQ3RlBGSWp2MWJKTW5hbGttbVpIZXlzbmsyeFE3MGdXNnk0WWFTV3JJaEduYzZjNW4zdWM4UGJteUZOQUpQb2J6MkdrckhYTVktdFN6bE1tcE9UTDNBVHRQRUxRWlBVZ3R0TjdTc08yd2NPUVRaSHFTWVk5X1Fqa29tSWExQkhVNmY?oc=5,Red_Sea_Gulf_Aden,google_rss,Red_Sea_Gulf_Aden
"Live updates: Trump brushes off war crime concerns, repeats threat to Iran's infrastructure - NBC 6 South Florida",2026-04-06 07:00:00+00:00,NBC 6 South Florida,news.google.com,https://news.google.com/rss/articles/CBMiogFBVV95cUxNTHhjT0o1R2puQ1BtWDBkRzlteV9yUG1KMUZ2ajhSSkRJc1Y2ZXZsRWZ0LXVONGxwaGY4SXlVd0tXYzJGM3Ryc1NoRDljOFlzNWJMSkljWjlUQldZbGlBOWJDQUh3dUc4cWdlZGFsNWZabFBsblpuZHRXWDBoWlpubXVlMk40bmdGT0FnYmhzNG9PUzZ2bFd0NGRrRFZ2X3NSeUHSAaoBQVVfeXFMTzJDMHVLUEM1amdBVzF1cTFGM2xVeEVWRnY2ejdPS3F2c2NIWjBra1Fyck5zOTBpVXJWRnNUa2R6aWZGdnJXcFZnSlcwWUN2dGprRUVaSkJyemJVbUh2ME96dWN1d0ZNRUZiZHNPQ1FFcjN4ZmpfelgyOU9ISU9qbUFKYXV0YU1PaGFMc2pTbnVJR0pYWVg0TndOSDIzbGk5czdvZFhRd01HV0E?oc=5,Persian_Gulf,google_rss,Persian_Gulf
Trump issues expletive-filled threat against Iran as details of U.S. aviator's rescue emerge - PBS,2026-04-05 07:00:00+00:00,PBS,news.google.com,https://news.google.com/rss/articles/CBMiwwFBVV95cUxPZDdhLTUybnVnUXV2RGZQelJTb2p3cFh3cDdfZFQwN2RrMEdsdllOTThuSUpmX0FoU0hXX3NqUnZFV3JFODNUTHR2ZUNtY3d0LWJOdHN3a2JLc0RqV1dmLXBsai1aYl96X3Y0YW93YmI0V0JWYllCYjYza1I2bTZjLWs1UzZtTWw4NUd4Z2JXRmVYZ3hmMzlrWG91dHJxbzBla0FCVGVqWGdpZVVhS3ZIRjRaR1kzRFNHN2s4bXlYcUhHVnM?oc=5,Red_Sea_Gulf_Aden,google_rss,Red_Sea_Gulf_Aden
Gulf countries face ongoing Iranian missile and drone attacks - The Jerusalem Post,2026-04-05 07:00:00+00:00,The Jerusalem Post,news.google.com,https://news.google.com/rss/articles/CBMiXEFVX3lxTFBTUUd5ejU4RFBEd2d2MmJiU0hZRHdJdFF4M2VTeVJTR2poMF9xSmh0TGl0eDM5YnBlamhuZWxpWHRzUVFkX3dsU3Y2Q2szYUF2MmFYUjI4TDRGQ0xa?oc=5,Persian_Gulf,google_rss,Persian_Gulf
US & ‘Israel’ at war with Iran | Day 37 coverage - Roya News,2026-04-04 22:02:29+00:00,Roya News,news.google.com,https://news.google.com/rss/articles/CBMipAFBVV95cUxQQzVybWttMGpnNk9nMEFmZnJEY19fZ0hUZFJtMlRUNy04NGZEdUxxbGp5QUo1RVJVRWRmWUFqR1g0VXk3bE5lQXU1WmFMa0pYTll3Q2JlalJHYm5oYWFxU0VtdG9GUEE4VXVSU2g5N2JaQnllWHBBOTZteUNabjRHY1Q0SHI3M1dIY1ZMVmNVVjMxdzF5eFFQTGpTVUlaYk1Jd3VYeA?oc=5,Levant_EastMed,google_rss,Levant_EastMed
Trump gives Iran 48 hours to open Strait of Hormuz as search continues for missing US pilot - Politico,2026-04-04 07:00:00+00:00,Politico,news.google.com,https://news.google.com/rss/articles/CBMi0wFBVV95cUxObUlCTENRRWJzNzVvRDBBMXhPMWx5bS13T3E4NWJwcjhpX2Q0NWVwRVB3TDJ4MnJVMC1veU0yaUh4NTg2VHJLSDRkQUFtcVdKQnE0QnYyZlVDWWdTWjZIS3FiS0ZFM0hBa3BSWnZ5bG1waEl2QmZZWVJ5dVhsYkxpN2Fvbm5xTTVpZy1fVndfTWxaLTRQWjBSd2txdGplZ1V6ZHdrbnZ6bm5hMFBVNDA4Q1VDeHJPLVFyNm9IQnZfbkFRalRpNEdkRmZ0MC1PVXZmejRV?oc=5,Red_Sea_Gulf_Aden,google_rss,Red_Sea_Gulf_Aden
"U.S. Military Attacks Iran’s Oil Export Hub, Trump Says - The New York Times",2026-04-03 07:00:00+00:00,The New York Times,news.google.com,https://news.google.com/rss/articles/CBMie0FVX3lxTFBsbTAydmVETEVIUkpKc1NIY1A2RWdwa1pYZkhfckdGNk9UX3pWRlBidlZ0bEhGZnNJR1pPNDdBY2x6N3BrOGphdm56U01CSzBXNWYxSk12OFVSQ1VZZnJ4dGtMUFJoQkl4bkJ0WGpvb2JKUkY1R2tsUVFIaw?oc=5,Red_Sea_Gulf_Aden,google_rss,Red_Sea_Gulf_Aden
"Red Sea arena: Yemen’s Houthis open fourth front in Iran war, with global implications - The Jerusalem Post",2026-04-03 07:00:00+00:00,The Jerusalem Post,news.google.com,https://news.google.com/rss/articles/CBMiXEFVX3lxTE9UMUl1ajVmSmhGQjAwb05XUzR3ZHR5d01oVVVnaEt1czNHMmxoOGNJcHdrb3lncVczR1lXYV9Ld2Nyb1oybThjUXdiSzNGRnE1LWJMVGIxVGpsYkFB?oc=5,Red_Sea_Gulf_Aden,google_rss,Red_Sea_Gulf_Aden
"News Houthis ‘on the fence’ over Red Sea attacks, despite US strike on Iran - The Loadstar",2026-04-03 07:00:00+00:00,The Loadstar,news.google.com,https://news.google.com/rss/articles/CBMirgFBVV95cUxORHJkckR6bnBKY2dlY2tXekZZRjRfakQ3V1lXOVItSnVLTEFRV1VRbVJiRTlYNHlEWG0xRDQ0YUJGZVZUMEItcnhBTGE1MFA2OGw2eE0yUGFlZU41bklpZXNHeUtHbTlodjVqUkdQYXhrS3dNMVV1VGM1eU5pT1gwU2RaT01ESVZPcmZqdWJMNWxtTC05YW9OR2dsY19YYzRPcWZGYkp2UXdLX1JMRUE?oc=5,Red_Sea_Gulf_Aden,google_rss,Red_Sea_Gulf_Aden
How Ukraine Turned the War Back on Russian Soil: A Timeline - UNITED24 Media,2026-04-03 07:00:00+00:00,UNITED24 Media,news.google.com,https://news.google.com/rss/articles/CBMiqAFBVV95cUxNMnI4WGFvMnE5aFRSUFpGSVlWMHUxSDFVanV5c2VSRkRlVzNkTUpZTm9BNFhLWnZiMkNEX3R0QnhkT3JyYjdVQ0RFQWc2RVJGc0JFVVQ1dkFKNkg5SkVRWDlXVm8yQzNOOV9rMDdIVjdwWlozSUJkajhsd0hrZlFRSm1zWWdyS01kWEhzX2VDZkhkY0dUN2p3QTRhem16bGkzNmVhcHZEd2o?oc=5,Black_Sea_Ukraine,google_rss,Black_Sea_Ukraine
Iran war: One downed US fighter jet pilot rescued - DW.com,2026-04-03 07:00:00+00:00,DW.com,news.google.com,https://news.google.com/rss/articles/CBMimwFBVV95cUxPYk9WM29IR3k1SVh0cjlXY3ZKNEtRS1VJOFEtdlA1QWJRaUppaS1PclBTSDlqZzFrOVI0TlFBM3o4MjNZVEE0N3FBRjNadENyYlZ4eTNsSU91amkwNXBmanp0Yl93LWtJWl9JNFFEbThPQ3FMWmNIVlVjemt5a1ZkQU5vLUNNTkhuYUxoT2RRTW9va09nREZxdHNUWQ?oc=5,Persian_Gulf,google_rss,Persian_Gulf
Houthi Escalation Calculus Following Cautious Entry into the Iran War - Institute for the Study of War,2026-04-03 07:00:00+00:00,Institute for the Study of War,news.google.com,https://news.google.com/rss/articles/CBMivAFBVV95cUxNcUFKZkpDZUJ2X3ltS25FQk96bjE4Ynd1ZEg5RzhKSnViUnRpcEZOZEhFa3BOeGdfU1BpN2hfaVlsZ2pibWUzQXMtOUxRWlJSU0ptSkZMRVNiRVdiMk5iYy1vcXc4blJ5V2FaeURHdzIxSVl3QkFfRE9nVTc0NWJhZmtRVU9Qdk1vbmNONjBtdmphWC1LcGRPS2tRcEFGaVEwdlQyXzJtTDR3OVQ0WHMwLVp0TnFEMUQ4dng1dQ?oc=5,Red_Sea_Gulf_Aden,google_rss,Red_Sea_Gulf_Aden
2 U.S. planes are down and Iran hits Gulf refineries as the war wraps its 5th week - NPR,2026-04-03 07:00:00+00:00,NPR,news.google.com,https://news.google.com/rss/articles/CBMixwFBVV95cUxOUUItXzRnYUxtZXcteWxacFMzZ1dhZkdUSlZPMXVoMENEMmJYaTEzZTRCRzlYMmRmcm1HV2dseG9KNnVYbHZBNS1XaTFqZGFFU1RxY2lMUlZSMDdYTmstcnJvODZMQXo5OUpPSno0UnlsN2xsZ0FqcVZUSU9lOTQySDRmRDhqMEpEN012WTNMclN5Z09UU1JMU0FrUUpfTTdxSFlkQVpPWUFscFZfY20xVTVxZy1XQ1FXQUF6VHdnZnIzQUdFcHNJ?oc=5,Levant_EastMed,google_rss,Levant_EastMed
Strikes Hit Infrastructure Sites in Iran After Trump’s Threat - The New York Times,2026-04-02 07:00:00+00:00,The New York Times,news.google.com,https://news.google.com/rss/articles/CBMic0FVX3lxTFBLbFJ0SC1sdDNVcU1XTUVxLVZxcmVKajdlZ0hFWkt0MHJIamh4alhaaWxIdXZ6WklYNi1ZcUJXWlFQeElWeV90NVlNVGVmdm5sZmFuM3dqRGNmaFQ3Ymw3dDg2TmlmUnBIUUE1VzlsWmVyd0U?oc=5,Persian_Gulf,google_rss,Persian_Gulf
Yemen’s Houthis threaten potential closure of key Red Sea strait if Gulf states join war - The Times of Israel,2026-04-02 07:00:00+00:00,The Times of Israel,news.google.com,https://news.google.com/rss/articles/CBMiugFBVV95cUxQRUdHU09HV2ZnNnhmeHZrMnlZUmM4TzE0bk9OcHhHTWdYUFVBU081ZEpoeTZKVlhnQXRNNVFXYXhCV2FBU2JmbFg1ekFNSURObThJMmhoaDV0bFV0NFlTRi1Mdk45M2kySGdVTVVjbFl5dkE4cVVPRDB6enZIQjI0V1JWQkxLVEZZSThHYUNqVVRhM2FmZlV3TVpUNVRoR295em8zSFFrWWZJc2ZvOFdNeFlnMEhHREZxdkHSAb8BQVVfeXFMT1NPVEQtUzV0em56eVpsMTdZRmd4NGRoancxeVE3di1tREdyaHVTcDFtenZoODA3YTRVVVJSNkgyNzFmRWI0NGduNzI1bDdxWnpXUnp4OWdQcEYySmZ2SlkxYkxhcTBrSGktM21FdGdtZWpMTlFCUGhiLTBSTTM2aFd5MnkzQjhzb3BQRjhuY0JaczRiUWZOMGoxbElyMTR3SmJ5aDZLQ3lpRFNfbDJpTkFZcjdlTWw1VVJ2UXY3dWc?oc=5,Red_Sea_Gulf_Aden,google_rss,Red_Sea_Gulf_Aden
"Yemen’s Houthis coordinate with Iran, but retain independence, despite war - Al Jazeera",2026-04-02 07:00:00+00:00,Al Jazeera,news.google.com,https://news.google.com/rss/articles/CBMidkFVX3lxTE51SkcyZGJHT0FvMl9ERWxGM0JDTXJ0RDJTTVNERDVwd05EcGkzb0xJc0RQNXk5TnJXTTVjMnU2bTg1VkJSbzJLM0FDbmhNRVNUMmZrbTJQaldjV1hMU1BqUDRvMHh2QlRUUV9iVzNkSFlNd0ZhaUHSAXtBVV95cUxQVWdPZWU1amNtXzU4ZU00WHliT1hUUWU1YUlLdzdiNmp4LW4tWkxGXzgtS2VmVGNfeE5wS3RjbnVXTG54Vm9aNF9ESk9PVjY3ekU1dWVoRE1LOERmNTl4TEg0dEZUWnJjcHZJU0cyOElVX24xblN2a19XWVk?oc=5,Red_Sea_Gulf_Aden,google_rss,Red_Sea_Gulf_Aden
Iran fires on Israel and Gulf neighbors as Trump claims threat from Tehran nearly eliminated - PBS,2026-04-02 07:00:00+00:00,PBS,news.google.com,https://news.google.com/rss/articles/CBMixgFBVV95cUxQM1U5MzNTNllfNFFsVEhEajB0TVNJUm5PZ3BTMV9tSlRRR21vNUxIcEstcWFETk9Tem05WDAwUHAzck9yRDJTSFIwZGJDTXZRRlVTSmxGdVlrbDlFYkM5SzVjbTFyX2VyU2ZrdDBTRHdqZXBSdGVzV1BTSm4xNFJ1Z3o5T0RxNjJaOHNYaXNFTTZOenhVN2N1N1ZVVHB3VE5MNFlhTGRJSld6U253ZmZqSklZRzJtNGtQdWpuY1JKUWdGRTR0cEHSAcsBQVVfeXFMTnN1aHZFYTJzYkNXWUZGTHpxNldPUHRzalJobnNJZDk4YUpMV1FBMENjdkQ0VDJNNVl1aVp4MUFJbkFGV29xNHM0YVM5d2V5V0tzSmxPcWpWUzRLU2J2amVacU1JbWlSbjZTZDh2Nk1JS0hTRHg0Vjl4ckd1cXVVX1AxWGcwX2xwMFRjeWpwOXowRXB6TXI3cEFaYkhzNEpnTTU3eG9nTFR2YWZ1TEFwbzViVzBaQUstbWIxVWF3aUN0WEMwTnNORjljdk0?oc=5,Persian_Gulf,google_rss,Persian_Gulf
Hegseth ousts the Army chief of staff as the Iran war rages through Week 5 - NPR,2026-04-02 07:00:00+00:00,NPR,news.google.com,https://news.google.com/rss/articles/CBMidEFVX3lxTFA3R0lYV1Byb2xJTTgwRkNudzFndVhpMXo4R25BeVRKc0xKUGJwOGFNSjhfOWI3OFN3dGd5SFJ1NEZ0a1JwaWdjNjFiMDZDU0NzSWtUaEVUcVUzQlVsdDJMSDcwRzNzWTVuV1BXWFlOSE9UeFRG?oc=5,Persian_Gulf,google_rss,Persian_Gulf
Bab al-Mandeb: The Houthis’ Strategic Lever - الحرة,2026-04-02 07:00:00+00:00,الحرة,news.google.com,https://news.google.com/rss/articles/CBMiQkFVX3lxTE14b1A2VTNidnZFc1VsYlZvN3J3RHBmanlYRHpJNWJUdnhlMG5XdzRUSXQ2QXZsNHp4S1IzdzFKSUhSdw?oc=5,Red_Sea_Gulf_Aden,google_rss,Red_Sea_Gulf_Aden
Gulf states call for UN approval to use force to secure Hormuz Strait - France 24,2026-04-02 07:00:00+00:00,France 24,news.google.com,https://news.google.com/rss/articles/CBMixgFBVV95cUxQX21zRWMwZ0VDc1h6V1hCVDZkU0N3Z1lFZ2ZGZDBRRGV1ZDJ5UENDQ2FDVUpoY0VYdndPeUhIdHBkVENPV1NjUzA4TTA3TmF2WXltTnBkcUJWWXRreVB2RTdqcl9qUUVNeFZHYkpRTDFtX19NYjFjYzV5Y1ViMlo3UnFBc1BDaExvc1diTnVvSHNYTUpOVjFzUnBJQzR2R3psX0t6SHZsdG5TNVhZcm13dWZicUtmbmRtWldwM0dObzZ2T2x5a3c?oc=5,Levant_EastMed,google_rss,Levant_EastMed
"Iran responds to Trump address with missile attacks on Israel, Gulf states - The Hill",2026-04-02 07:00:00+00:00,The Hill,news.google.com,https://news.google.com/rss/articles/CBMipgFBVV95cUxOZHFBTXA3M3VYMWo3OFBGVjAxcWVZMUl0SkRiTjN2WWZ0ay16UVozWktxaXlFeF9rLTVEWHB3Y0J1TFpRRFlUaGtBa2thcklhdkJ4eXJfaGxKTWI3Q0VMOFc4ZEZ3d1IyVTZuZnVzSktuWDlDd29WREJIdEFWSzBRY0gtT1EtYzZXQWlyXy1fZ3BpYzdtcVVGRXpsQmxJbmlySHdRRFNn0gGrAUFVX3lxTE9mWlNGVjR2T2g0UzlWRHRXeEtHVUpYNFBhamxkbDg5ZVVobzJuSjBYcjVhbEdkbXNYYkRycjRxTXpybjJsLW9ZYlFKMjRfMHpQSHRIR0pZNEpKWjJUSmZfVFR1UVpHeS14TElTMDRadW11QnJaVUFjX0VYZW5oeEJZc1gteG4tRk5nc0NZVnZYWlZJYml5d1FBcVFwNTJ1OWliUmQ0bVBLLVpUQQ?oc=5,Persian_Gulf,google_rss,Persian_Gulf
Trump Says U.S. Military Campaign to Wind Down and Plans National Address - The New York Times,2026-04-02 07:00:00+00:00,The New York Times,news.google.com,https://news.google.com/rss/articles/CBMickFVX3lxTFByNUhNM0FZd3RDdDNRUU5XX2pqS3dtbE9aMjFfY0Z6WlkydU5xcWkyY0tlRkRmZjVtRmRaN1RHanRNb20tbHViV0Fwa3FXVU9VTlYwYk43b3VMQWdyTXVCTzZ3dGNEZkJuWG16aGhTQ0Y1QQ?oc=5,Levant_EastMed,google_rss,Levant_EastMed
"Amid Fears Houthis Could Close Bab el-Mandeb Strait, Red Sea Task Force Ready For Attacks - The War Zone",2026-04-01 07:00:00+00:00,The War Zone,news.google.com,https://news.google.com/rss/articles/CBMiywFBVV95cUxNUjhCNzNRZkFUOVdibzRsck04SmNTcHVDZzZmd09DdlBOamlMTThVdTdNZV9PaEMzdlBOWndXWlFYRlc2OVRUd2N3cG9PQTEwbURtcTRqMm5nb3V1UDFsWTFwTnl3SXRMbzlIdlJKWGkyLW9PU1dPc09sa1JRQWlwcTZJWl8xQkZrNEk1Wi00TDdGZ1p6b19xV3hHSVVvVXZtdkkzR0JXdXk5WkhkUXNQVXU4MGNrWWNKcldTcTg0MzdWOWZ3TzBKeHRnTQ?oc=5,Red_Sea_Gulf_Aden,google_rss,Red_Sea_Gulf_Aden
Trump Claims Military Success but Offers No Clear Timeline to End Fighting - The New York Times,2026-04-01 07:00:00+00:00,The New York Times,news.google.com,https://news.google.com/rss/articles/CBMieEFVX3lxTE5FX1k1RVNLZEtqbUY2WnNnc2gyNWs2UkI4WlVFY3oxemhKV04tQ2RacjZyd2JoNDNhRjV0TG9iVUNRbHZSRTFuQU5kS1k0RHd4cmQ3LVRJS3o2Y1pEdWNOYWRvTFNVTXM2TERvd2xTWXhtclkxSTk3SA?oc=5,Levant_EastMed,google_rss,Levant_EastMed
"Iran war's ""core strategic objectives are nearing completion,"" Trump says - CBS News",2026-04-01 07:00:00+00:00,CBS News,news.google.com,https://news.google.com/rss/articles/CBMirgFBVV95cUxQTHljMlVvcm1yV2JaNWg3TExNeTVnS2J5SHRCbmJMUF8wOEJOV0NDc3RzdExDT3JXM1k4UzFPb2xMTXBzTDZOaHEwRGhpVXVSckdMYXZIQUhrS2JOS3Y4cjZ5Q0tKMUQzU2tTODRUcFVHZzRQcmFLeEFXeElUY1ZIQkZpby1vU0tmcnBxYzhBcm1tbXRfU2g0WkpwQ2t2LW03WnBTWVRuS1A2SExlbXfSAbMBQVVfeXFMT3lsU0pqWFI0LUstM2phYVNqZkpHdlFuLVhMUzNpSW1xbS1MQWE5ZTd3NHU3SW5zOFRPT2E5OHN2VGkyME50UVJLS1MydUdCZ25VNURITkMwcTVYMDVoa1V2Sm9EWllUUFpRa1lZU3VNLUhuRGEzNDdJUWVZZ0dYRW9UcUxaN0txd2xuM0gzS1VsSzdGWVRpYzJJSEwxVWZXbmlQSXlTblE4Y05PU1d4U2lwY0U?oc=5,Levant_EastMed,google_rss,Levant_EastMed
Houthis Threaten Strait No 2 As Iran War Expands. What It Means For India - NDTV,2026-03-31 07:55:02+00:00,NDTV,news.google.com,https://news.google.com/rss/articles/CBMijgJBVV95cUxONjkwX1cxRUtIQi12eTdXMi1ONzc3eTVOS1ZHbTZDQXpHOEhVekFVOEVFTzkxQUUxbzloOEk2MFpnMDBKaUNEWlQ3Y3hISHNod1JEaW5GaTA5ZWZ2c3hVdVRMTzRpTEtXVWhicURSNnEzdkZ1dXI4Z1lueldPU0FGb3dzYkxWWEhUc1k0a2thVGplVmFJakRGV20xbl9FTnBvaTJuS0ZDZ3lyVWxCbWFQLVdidVZCbXZiMXQ5Y3BQeG4wSkVFOVdGMlQwQnhXSjJGcjA2NFlWV1p5SXdYYkF2V3FvLTVMZnVEc2xpSGNKclRzT3JUOEthT1oyXzRQVkxNc1J0VDljbWU3UXFjaFE?oc=5,Red_Sea_Gulf_Aden,google_rss,Red_Sea_Gulf_Aden
U.S. Marines Arrive in Middle East After Houthi Missile Attack on Israel - The New York Times,2026-03-31 07:00:00+00:00,The New York Times,news.google.com,https://news.google.com/rss/articles/CBMie0FVX3lxTE1SUXlyejRmMjFJZWV1M1NlOUVqLWpaY0pOUkZtd3N6M2NDbm5xZGVMYUpuYXZJbFA2bzJ4d05kVUllZmtFcjEtNlU1WW5BSk0wbkViY0hOb2xoekFQSHFYUFdxZklzam9fdENkXzZRYmRjUUZTNFFJMUhZZw?oc=5,Persian_Gulf,google_rss,Persian_Gulf
Yemen in 2025/26: Changing balance of power in the south - The House of Commons Library,2026-03-31 07:00:00+00:00,The House of Commons Library,news.google.com,https://news.google.com/rss/articles/CBMidEFVX3lxTE4wRnN1akV2SzJZcmZxQVN6S3l3VlFWa0FjT0V1OENnTndlRXA4ZmhDWVYzT2lUVmxIMklaemJBNG5MTkNpa0hxdEsyMnZZRnI4LWhPaW5uUVJVQmlyV0RmSXZfSnU5R1VYQTUwbDJ4VTdrdk1t?oc=5,Red_Sea_Gulf_Aden,google_rss,Red_Sea_Gulf_Aden
Houthi Threat to Red Sea Shipping Could Reemerge as Iran Conflict Deepens - WWD,2026-03-31 07:00:00+00:00,WWD,news.google.com,https://news.google.com/rss/articles/CBMi9AFBVV95cUxQNnJfSXVKbTFZNW9xMmtqYm8xSnFkZUo0RGZFODBfdm1KTTF0LWwyXzhFekJ5bVNueFN2T25jcVk3WXpUa2ItRGR2VXQwV2dhUHhiUWRwR1VwQ3gxdUJUMEtLRVVqaGpMVExzTWtyY19YU2RHRHhfMHFVWE5HOWpBMU5nVTBCUGtselh6S0M1Zl9wRzRfSzhyVkk2bUhZUGJnWmZ3djhQbG1XOGRYNEF1blhVWGRWR0REblZiMTlpV21CQ1hLWEtUZlJMSHlvR2ZrQXdoLV9lUldFYVRtSjNjMGI3eHVVV3QyYmNhbGdzWGF2UExm?oc=5,Red_Sea_Gulf_Aden,google_rss,Red_Sea_Gulf_Aden
Pentagon eyes ‘more and more bunkers’ and other tech to shield troops in Operation Epic Fury - DefenseScoop,2026-03-31 07:00:00+00:00,DefenseScoop,news.google.com,https://news.google.com/rss/articles/CBMimAFBVV95cUxQRTBzSXpGMjllMkZfczhrVGh5aEdWMHZEM3hlOUs3R2NtWDI1ZkhuNDdWT2tjcVJlSzNUanpKUVNkUWJXNlZPYXNpakd2eWFlU1VrOVU3MWpLQWc2U1B6Vi1nVmpkanlUTmFkaXZNX3h5ajZxQnd1azlfMkJQb0tBdV9fZVcwTnh1YmZ6WkRRQ3FscXNtSklBMQ?oc=5,Levant_EastMed,google_rss,Levant_EastMed
Trump renews threat to Iran's power plants as war sends oil prices soaring again - CBS News,2026-03-31 07:00:00+00:00,CBS News,news.google.com,https://news.google.com/rss/articles/CBMisAFBVV95cUxQaW42THRaWHdQTnN0aVJza1RvX1ZXanNtUFRkMDc2MVdyd0h5LU1qY0RDSEtuOHhzdUdPdC1WalVTb1diS1RaU2ZnYXVZNGVLNC0zaXRnZUd3YnhVNG1uM3k5TGlpcHNhWFBVeHNocmhBOUw2aGN6Y1VGckZCSXFCajFPRVI5NExlSUhlXzVGbnA1WkVxYm90UWJyeWZxbTBwNlQ2bWV4c09sOXBxZjhKRtIBtgFBVV95cUxOS0VRaXBTc1VLRUJjbllVUkN1V0lMclVOUFYybWRMMmNDMDQtQk8zWW9XTmJsUW11SnZnOG12RnlzSW9rVENGWFBoTVoyYjdOZ0cxUnZkU3c3NDFXR0pLcnd0UmRBaG1YVWVpalIzdEdYeFd0LVk3SG5QMk5rQ1NwRFpFRmhIak90ME9XQzZZY1pwczFCTWRXUC11M1dRV1NPRk40OEx4WGtLTW9tMHhxUzlFeTM0Zw?oc=5,Red_Sea_Gulf_Aden,google_rss,Red_Sea_Gulf_Aden
"After backing Iran with Israel strike, Houthis avoid further escalation, for now - The Times of Israel",2026-03-31 07:00:00+00:00,The Times of Israel,news.google.com,https://news.google.com/rss/articles/CBMirgFBVV95cUxNSHBvNzFDbk1GQ2V0b1Y1cWgwUm95el9mMjg4RnNwZE9XQXZJeFpIOEY4UGZScklIdjRfNGRMaXVMQlRiY3ZsMU9oOWhTcUoxNVpRZG1uYTUyTjNfN09TeUxzY0hHdEwtenlMcE1lX01Tb3BwVVFyUXZZQkdGWlFpaVJmNFBCV25WcjZTVUdDZ080WXZjNTNsZEhPMDNlS0pZT0YtUFc1bm5uZW1JWFHSAbMBQVVfeXFMUDJOM0RfbGxQNnY4b3VXbGhYamNLNHp3MElUZVMtdjBBaTNyRnQwX3RKdFRvNW1LeE5qQ3JDeU51MHYxUDdROThYYUZ1clRydzZFZ19TV1lCRXVwMnA5bWUyUjJEUFpQT29TUy1GeVoxMTVtMUd2d29jLWEwS2V6aFM2TUN3X1RuSlhsNFRjVXZFMUlybDg4M3o1SDk1SDY3YkF1YnFabmU2ZFEyZWg3RWRlc3c?oc=5,Red_Sea_Gulf_Aden,google_rss,Red_Sea_Gulf_Aden
Why hasn’t the US military used force to secure the Strait of Hormuz? - 1News,2026-03-31 07:00:00+00:00,1News,news.google.com,https://news.google.com/rss/articles/CBMipgFBVV95cUxOSkNna0pfYXF5RVpCcVBZc1RaRzZRNllWb3RUTjFzcHdweXl1dFZpZThTZGwyUHE4TzlQdkk0T0RuNDFaV3RNa1dWUW1tVjloQURnRGVkUk5oVVRKaXZKNHd2LXNPUkVoRW1jTi1iWnh5V0FJQjJSNXJCMl9tbnU0YVc5VTRSYWVKWHBDbVQtbDBnWjlRTkJjNnR6QjBRcENmenR3a1dB?oc=5,Persian_Gulf,google_rss,Persian_Gulf
Iran pushes Houthis toward Red Sea attacks as Israel keeps restrictions unchanged - The Jerusalem Post,2026-03-31 07:00:00+00:00,The Jerusalem Post,news.google.com,https://news.google.com/rss/articles/CBMiXEFVX3lxTE55d1F5UWs2Z3ZzQk9Sd2Rmbm9uV3FFdlZrTUNNY3k2UUZZQldnODJBbFBRSHNCdERnc3UtWFlTZjU4Y2JhNXJ6RG5TWWw4eFFpUzd4TVNkb2x2b0p4?oc=5,Red_Sea_Gulf_Aden,google_rss,Red_Sea_Gulf_Aden
WATCH: Trump says other nations can 'fend for themselves' in Strait of Hormuz after U.S. leaves Iran - PBS,2026-03-31 07:00:00+00:00,PBS,news.google.com,https://news.google.com/rss/articles/CBMiywFBVV95cUxQVzEwQ09lMlJ5TWR4eHBmY0dZWkpnNG9nRmNNakcwcHhOdmhkZlFrUUhNaG9lU3JXZ1pDTVdKRXE4U2lleDhBOHFDSHFVZjczOHkxS0VJZmNoNlhhbnZZRFRNNF9uOEdPbGZUb1NrY2J4NmtKX05zR2Fzdm9fcl9CVXE3T1UyQ2doSlFWYXlQeURHYmVNU3pFaVVFUC1adFhiNkpsdmd4clBzMVNkRzgxMnVhVUVQRnNSd3Y0QzU2S1FjY1pFQS1fSWtiVdIB0AFBVV95cUxOVDlkMWhCNzJoWTREVWdJNXlZME9mVVJ5QldmTDdnc05DSThJUlRYaUNFYUZITWJOMWRJbnZsaER2V002VGdCMnVYczhsdXhzaDZQQ05LTW5UYjhZUko2TjFuS21nRHByRG1YMGRVWnhITXlKSTdUSF96QVZSTU1YOXR1SmpWTDFxcDdzWGktSnJiWEFoRUZnc01vMGl3ckxYQVprX19KT0YtMFF2MDFMNDRKVndwSlRuUVQ4SGdtRHVUR1RKeUtJVzVhVWd1TjJD?oc=5,Persian_Gulf,google_rss,Persian_Gulf
The costs and failures of air defence in the Iran conflict and what they mean for Europe - Bruegel,2026-03-30 14:31:47+00:00,Bruegel,news.google.com,https://news.google.com/rss/articles/CBMiqwFBVV95cUxQR211dVNDS21aVlRhVmxIeW54RWZTQU9tbnNXU2MySmVEZ3pLWWdDTmNJNTdqQlpBNWpCWWd1ZEpHYXFsWkVYM0pUR1lfUFpOUUxjS0h2Yi1DZGF6UHRxMXdhbnFTTGY1bE8xRnBUQ1NheTk3a1RzbEx1ZU1tNl9LTUNmOHVkNllZNWFRcFU3T29KWWpCWkI4N3pOZGZ0aEdYeWdoM3FHcUhvLWc?oc=5,Black_Sea_Ukraine,google_rss,Black_Sea_Ukraine
"Bab al-Mandab strait: Iran’s Houthi allies enter the conflict, raising fears over key trade route - France 24",2026-03-30 07:00:00+00:00,France 24,news.google.com,https://news.google.com/rss/articles/CBMivAFBVV95cUxOM2FaRmZJRG1JVFZUUGtXSUxMalh2WlpJLUdFS3gwemlLRjJqR09YQzZ2WTgtSzdnX0VpNzJ3eFFFMjVYdXVzT2g3QU12bHNBUHZfbERzS0d4bWJkWFIwdXlsTFZvNjVTT1VuWnJoWXVLWExGUmxScV9GZi1aX3l0d3VMbEktdmhRS0JCNkt4dWI4Y2FweEQtbFlVblRvY0t6bzNlR1NXMnd6S3JBZ2VaV25GaGYwczBENk5vZw?oc=5,Red_Sea_Gulf_Aden,google_rss,Red_Sea_Gulf_Aden
Bab al-Mandeb Under Threat: Yemen’s Houthis Escalate Amid US-Israeli War on Iran - Kashmir Life,2026-03-30 07:00:00+00:00,Kashmir Life,news.google.com,https://news.google.com/rss/articles/CBMirwFBVV95cUxPbGtsQ09JSVRLRlhrUTRYOHBKTkkxVG5hNkVTTENSSnRYSGZfTlo4OW5Eem1XTjlOQ2JHRndCV1FHNUNEUkNTQXNGRjJDMjNFaWkzRlh3UEpDTW5hUWptUXpIQWJNZWpIUjc4cFZ2YkFWWkVNOEZyTUcwenlXTms2ZEFsNVF5MUhjdXRZS1N1SThWYjRaZXVLcGJtM1pZNlpfRmF2NXpTVWJRNnhfcmZF?oc=5,Red_Sea_Gulf_Aden,google_rss,Red_Sea_Gulf_Aden
The Iran Conflict Is Becoming a Russia-Ukraine Proxy War - Council on Foreign Relations,2026-03-30 07:00:00+00:00,Council on Foreign Relations,news.google.com,https://news.google.com/rss/articles/CBMijgFBVV95cUxQOXNOWGVDZm9BZ0FCaXhTYnd0VzNWejlOdExlZUEyRVozdndGUnZXTjUwZS1WMHVxUWRKbU50NU1DWUxMVTlrY0E5YVgteEVRVDdaa21Ebll4NHU1bHlDcnczWmtQZTJ6YXhrdHNCSkFkT3BhMElfVndXR3d5VTh3RDJoQU1HR3lzR2l0VDF3?oc=5,Black_Sea_Ukraine,google_rss,Black_Sea_Ukraine
Why Iran war makes Red Sea shipping a bigger worry - The Straits Times,2026-03-30 07:00:00+00:00,The Straits Times,news.google.com,https://news.google.com/rss/articles/CBMiowFBVV95cUxQRHR4WFNPX0VkeDBhb09yOUI1eUp0bjcwQmR1ay1GcjQ5QndwcnJHZUd5MENSMXE2TmtIQTBsUEg2ZEhMNHpUbzYwYzlqR2tkOFdXSm5mSUF5S1VBTDk0cnctZGJjVnZEUVlKTHFMYVFSdGplZ1BvT0I1RnNfcGszSzFTQ1k4c2JtTjJiNzJYTlM4V0pvZnF5S2V4dklXdFFad2RF?oc=5,Red_Sea_Gulf_Aden,google_rss,Red_Sea_Gulf_Aden
The Houthis Enter the Middle East War: What Comes Next? - International Crisis Group,2026-03-30 07:00:00+00:00,International Crisis Group,news.google.com,https://news.google.com/rss/articles/CBMi7AFBVV95cUxOaDkyS2htMEtnQ2stVTVJb2tMNUJjTzZwakszXzRxM2sydGNjR1J2bzlFSldXcVhFam5FR1dwdmM4dk1JaDRSWWo1bmlKNTVTM0pBRFZGVXhGem5kUTdHVmJZXzFHZVk3V0lydHdSRUhfa3pVU0cwc0drdlV1Z19iSVN4U3FSWTVlNzBERWZrQWg3dy1abFhobFBVLXFwUFhDTENTeFZXSGY1Q08xZnRseE52d1pfc244OFNiaWJ0aGI5d29KSURqbGg4YkJGVW5DSUlSZnJCalZYeDhWaVdIdUE4aS1rSHphdDFCcg?oc=5,Red_Sea_Gulf_Aden,google_rss,Red_Sea_Gulf_Aden
How Houthi Red Sea attacks could drag the EU into the Iran war - Euractiv,2026-03-30 07:00:00+00:00,Euractiv,news.google.com,https://news.google.com/rss/articles/CBMikwFBVV95cUxNSlc1ajR0b2NrV1VtTlBBTUstaGljaWhPYXFxSU1JTUFwWkZlUWVXemN6dkxKZjVTRzU3Zl91MWJnRDhfUWE0Vk1tSW5velFLV2FDOUxkZXF5bVo5RjFsaGVRdkFFS2p1a1FjdG9xdTJIUlQxNHoxQjNRZm9CQkVLWkVVVllhNEtfNGVKTTVXVVBvX0U?oc=5,Red_Sea_Gulf_Aden,google_rss,Red_Sea_Gulf_Aden
Senate Republicans Block War Powers Limits as Mideast Crisis Widens - The New York Times,2026-03-30 07:00:00+00:00,The New York Times,news.google.com,https://news.google.com/rss/articles/CBMigAFBVV95cUxPZThRcUdXSUloSDFXWmdNMkpWOWwtYTNLN21XN282Sy05X0pWc3dnaDNISHdBWVlub3J6QWNrLWhPa2d4TFlRTXZhV1NEek9wTktnbUhnbHBjUzJIM3N2SVZleHNCdmFIQ0toZWhNXzBCU2lFT3lRYUhmUDBZcUJDdQ?oc=5,Levant_EastMed,google_rss,Levant_EastMed
Houthis open new front in Iran war: Will Yemeni group block Bab al-Mandeb? - Al Jazeera,2026-03-29 07:00:00+00:00,Al Jazeera,news.google.com,https://news.google.com/rss/articles/CBMiswFBVV95cUxPUHhaeEQwR2kxRDVUWk82Z09YWmprc3JfN19VX0JVbkVmZWtxQm1zdlVBcmVQT21IOEsweGR0MkdXd3YtZDV4bkNraXZXQ3I2cVRYYTZLOWwxZWlyNHpKX09uc3hYejRBbmdzSXdTOThTekE1YlhzS01WSEhVbUFQa2ZBdXZJWmhjem1ESnA5cnpSVGM2LXM4OTB6VFE2clBaUHhra3JYSXdhcEtwYU1TdmxwRdIBuAFBVV95cUxNMFpYWFl0aS1MajBUSWNIWTgtTzYwVnpIQTZLMDMxN3JUd3BldGNpYlEyTGJwQWlPaWxlMWE1bjVCT0c3c1VVQURMdXJ2S0NsOGVUT0tQOUpCNllYdDNfbTIxTHFuN0lBcU00XzBVUjJXV0xfYXR2dUZFZS1fUDlMdUhKLUR6T3VzbVpSTzU1Y0Y0elhWMVprUENLUEduckZQOFhTaGJWRy1VMkd3cnRlQnU1SjBNUmxq?oc=5,Red_Sea_Gulf_Aden,google_rss,Red_Sea_Gulf_Aden
A Toothless Iran? Missile and Drone Strikes Show It Can Still Inflict Pain. - The New York Times,2026-03-29 07:00:00+00:00,The New York Times,news.google.com,https://news.google.com/rss/articles/CBMif0FVX3lxTE1zLU1aRUhfOXRrUjZ4bXRUeE1lTUpxSkVKa3hCWi02Z1hPZm50T2hRMDJNaGJTdDNqaUdMYTFwblBGUG1ob285WjRfaXo2Tm9XMXFVenVMdVcyUThRcE9aLU9wX19hcEtzRE1QSkphdzRMNjIzOUNRcU9QU2M4MFk?oc=5,Persian_Gulf,google_rss,Persian_Gulf
Pakistan prepares to host peace talks as Iran accuses US of ground assault plans - Reuters,2026-03-29 07:00:00+00:00,Reuters,news.google.com,https://news.google.com/rss/articles/CBMi0AFBVV95cUxNbGZJMUdyVUtHd0VTaE5QTnhITmJGNE5EMDdwMVZsV2h5UFdDenF6bGpMdVBPdUN0MkZMM1RwOThuVTgxV1dLY0Zsbmdyck5oUUZYd3JSVExjNy1lR0dMZE5KVTdBTjJXeVhWS0J1RlVBOGlReTdpUmJlTThLaEdmVld5S2JYOHB1eTkxSEU0aVNneWlBaVg5RkNFUlprR1I3em41bWtDdXFWUDJZV3czX1hZSktrRDhMWHE5OW03N0pWYUtSX0sxblZPM0lvakZS?oc=5,Red_Sea_Gulf_Aden,google_rss,Red_Sea_Gulf_Aden
Iran war escalates as Houthis launch first strikes on Israel - DW.com,2026-03-29 07:00:00+00:00,DW.com,news.google.com,https://news.google.com/rss/articles/CBMingFBVV95cUxOeS1PTERyT0lobFhQZFk4MVRnV0pFbWdyR2Fmdzh0U1daZ2FScUlVQUhxZXNLZmQ1TFpjd19MUkw5UFNMdU4xay11c0ZYckx0Y3NKdjR0SGF0TGNOeEQzeVVycFVBTmRoYkFLZkpWcnJIWmh3bnBadkVuUG5pUFhXOEdrSF8wbUY0d180bjRtNU8zSk91ZWN6NEpzQUVQdw?oc=5,Red_Sea_Gulf_Aden,google_rss,Red_Sea_Gulf_Aden
Iranian attacks across Gulf continue as major industrial sites hit - BBC,2026-03-29 07:00:00+00:00,BBC,news.google.com,https://news.google.com/rss/articles/CBMiWkFVX3lxTE1DdHd2aVprYzBtU05yVEJYRUVnR3dKUkt3b2QtMnpYVzc5cjNBMVJjY05hVEVFSXdhd0ZVSEhVenYteFpHRm05bms2X3p3b215ZTRyeTh3Rkt1dw?oc=5,Persian_Gulf,google_rss,Persian_Gulf
A Houthi missile attack on Israel stokes fears of renewed Red Sea shipping strikes - AP News,2026-03-29 07:00:00+00:00,AP News,news.google.com,https://news.google.com/rss/articles/CBMikgFBVV95cUxNRlZTZnRnR0tGckFFMFNyZkFpMkFYSm41Y3FmNmtWTlF0ZWZIYlpGZE04SFc4Nm9nZENQMFVNWW1kUURBSjR5Q1pfS3BIR3FFUUNTRDY5N1A4RUxRUHROTnNoLUdNX2J6ckVmNGhJM2dYaFRSQmFXX2VCM1RXcHNxeWlOR2F5VV9qQ2lQa09FS0xndw?oc=5,Red_Sea_Gulf_Aden,google_rss,Red_Sea_Gulf_Aden
Closure of Bab al-Mandeb ‘likely’ amid Iran-US war: Houthi official - Anadolu Ajansı,2026-03-29 07:00:00+00:00,Anadolu Ajansı,news.google.com,https://news.google.com/rss/articles/CBMirgFBVV95cUxNRnRRM1hwTXFRcUdoTlVZNUhmNG05SWMwTFFNek8wWlA5cDlETXNla1VjS3Fhd3Y0Y2RfTmhhX3ZuQkJ1NXp6TjB4VXJMeU5IUW5QMlp6bFJTNE5FdGl1YkF4dnNYZXhXSHB3S3lHV1RCMXpnNWhiRHlmc2FxbE5zRzdpZ3pXc3hobWs2UFczS1g3UXRQSnEyeUkzd2xiLS1JdFpXVVFwXzE4Y0FtN0E?oc=5,Red_Sea_Gulf_Aden,google_rss,Red_Sea_Gulf_Aden
Bab al-Mandeb Strait faces disruption risk as Iran war escalates - Anadolu Ajansı,2026-03-29 07:00:00+00:00,Anadolu Ajansı,news.google.com,https://news.google.com/rss/articles/CBMirgFBVV95cUxQZG9NakxoaWtqdFZkVFB1anBUQ1o4UDZYdGY0VWZOc18yYUljTUJ3MFJIa3NWM0czTW03ek5henJyZXhROHJ5MlNaUHRONEM3T0lFTHBqYkdIaE5TYlBQLUdseHFacjNTUjY0Vm4ycUFreklBWUd2VXI1OEVMR1JuUFZFZm5nQmxGbTBsQjJPZHZ1cWJEQ3g5bk1TLV9DbkRwVTluNWd2b0U5Rnpvd3c?oc=5,Red_Sea_Gulf_Aden,google_rss,Red_Sea_Gulf_Aden
"DW News. . Yemen's Houthis have joined the Iran war – a serious escalation in the hostilities. The militant group, which is allied with the regime in Tehran, had been sitting on the sidelines for the first four weeks of the conflict. That has now changed with attack - facebook.com",2026-03-29 07:00:00+00:00,facebook.com,news.google.com,https://news.google.com/rss/articles/CBMilAFBVV95cUxNSmRUckxWWGdPZ3NHdEhLSHpKa21CTG40MjhSUDJ6YjNSLXdmX2kyWFUwcTJrc2pMcjNWYlcwX1B4dXdiSXhLUmpRNldydmJ2aC00YVNTTGRpRm1BYmMwSFpST3NOX2FvX0s3VVRFeGc3WFp6SG02ZkkwTHFiSnhMc1lqTjdyRjR2ZE44WDNLcHlQT081?oc=5,Red_Sea_Gulf_Aden,google_rss,Red_Sea_Gulf_Aden
The Iran war has a new front in Yemen. Here’s how it could escalate - CNN,2026-03-29 07:00:00+00:00,CNN,news.google.com,https://news.google.com/rss/articles/CBMickFVX3lxTFBXX1d6SklVeW9hcGsza2VmZGRLX3RRLUkwZWp6aF9WU01tTjIwWllEWm9sMFFZdmFPa2JiellyQ29Xb3ExNC1pWG5yTkpPNklnWGVibFNjeThvSkF5NjNBTm5MN29MNHd2bjc3VWNscmRLUQ?oc=5,Red_Sea_Gulf_Aden,google_rss,Red_Sea_Gulf_Aden
What the Houthis’ entry into the Iran war means for the conflict and the wider region - The Guardian,2026-03-29 07:00:00+00:00,The Guardian,news.google.com,https://news.google.com/rss/articles/CBMiygFBVV95cUxNQmhUcjlUQ09FZk9kVldrNUFyWkZLYzFmb3FHNkZTTldTWWRhWTFTd0xFOVd5NHZ3TDVFYTFLQmZqUEFYY1JBUDJvNFI1MDNQN182UG9sSUxadFR0UjMtSFE3RGU3TTJuZGtGNEtRQ2piWkE1NnZnV3NhQUhFdVBpRXhXY05VRWdWT1ZQUkFnNDljX3lfNUtBSjcyakNmUHNDcVotTnUtUTRkY2trZkNBdlBDY3ZwY0RaSUNGUmZqdFhXVmxydHgzSm1n?oc=5,Red_Sea_Gulf_Aden,google_rss,Red_Sea_Gulf_Aden
"Houthi attacks on Israel open new front in Mideast war, threaten Red Sea shipping - France 24",2026-03-29 07:00:00+00:00,France 24,news.google.com,https://news.google.com/rss/articles/CBMizAFBVV95cUxNaXc1RHc1YzZWVjVrU0NucEJfTXVrYi1STW5ibl9wbkhWYmhsNS1MNmttSzRoNHRSUHRkcy03aVg3MGw1cG9Bc0VPQjg4QUlpNjZCYmV2dDN3R0RoVVpCYkYyQ3VsdDFUSi1LNXNqTHNEOVpKQkpBLU55bkcyQnhiNGVOWWx6NU4yNDV0dzlCNmZiblhFSTdEbUtDY3YwSWpCNHZfaWlsWmU2ZER5RGNyenFzLVlyUUhXWHNXX1NsZzFTYWVvZXdoc1Uxa2I?oc=5,Red_Sea_Gulf_Aden,google_rss,Red_Sea_Gulf_Aden
A Houthi missile attack on Israel raises concerns about Red Sea shipping routes being blocked - PBS,2026-03-29 07:00:00+00:00,PBS,news.google.com,https://news.google.com/rss/articles/CBMixwFBVV95cUxPUllEY3ZTREJibkgwZWV0aktqTzc5YkVWLWJSaGE5RkR2aTB1NGVtNU1pLUZ1bXByTEVsNXNJTGM2UmdSQ3hUemVGZXEtalg0OWVVV01GMFRUTjJidl9wSU9ITW1YUk9xdWhHbnpuWW5Ma0lnVDhFX3ZRMzZqZlBhNHo0ZjkyODRZT09fX1dQZldSLUc3cmQtLS1CcmgydFFCZWhBTVpUSTdEN3oyR3BWczFSWExXRWZER2JDUU1qYXJMZWVVQUNZ0gHMAUFVX3lxTE41dDQwSnFObW9EY1RlSjZuMVVqQnY5WktHZ2NCSDZoSy0xVTdkaVhRZFgxeUlfbkZwbG9mWC02Y2p5SWd6NExONHI5bGhSTkVtdV9GVEY2WVJvbTBvVFpOWUpkeTRSYlV5VFFqV2YtbS0zbEIwWWVFYmRTcmlZUEo3NHVaYzVfdXhnNXRtV1RuU0k4TzRVZHJ0R0dlWFpkaF8tMVdZcjZTNHVEOEc5OVpubXN6eUpwazJ3eGFENzQxTUwwUjM1MmEtOWdxWA?oc=5,Red_Sea_Gulf_Aden,google_rss,Red_Sea_Gulf_Aden
Iran-backed Houthis enter the monthlong war and could further threaten global shipping - WBUR,2026-03-29 07:00:00+00:00,WBUR,news.google.com,https://news.google.com/rss/articles/CBMiwAFBVV95cUxNWVk5bXVkLXJpaXJfbThaUW8zZGROQWI2bHlPazJlcDh1V0RHbGZRU1Z6NmZJSjgxcmpiMEw0cENxS1QwOEJaODMwY01qLUZnSnFhSWM0RzFuMVBlYS1WMWJYMXc0eGZEazZwSzN3NUNJUno1YjlnUzlZSDV1a0Qxd0xsTDFzeExNZjVoUXRHaWlZZTM1X1Nqb1Q5M01JdzVZenZpV3haN3pPMG1CdXcweG1RVkpTbDRrOWNQOS1tT3Y?oc=5,Red_Sea_Gulf_Aden,google_rss,Red_Sea_Gulf_Aden
Alarming Houthis Missile Israel Strike 2026: First Attack Joins Iran War Escalation - teleSUR English,2026-03-28 15:07:27+00:00,teleSUR English,news.google.com,https://news.google.com/rss/articles/CBMibkFVX3lxTE5UYV96eEZEZWpSOU5wMWJTZGI0emgwbjA5bnEtMjhlUXNMNUNCblNOcHRydDBUOVlBRk02eWxLenhxRVAwZlExOGt6dGVSZXRCMVhZWGlZa3FQbzRVYVFQeVRXRzFyTlNhclU1VWxB?oc=5,Red_Sea_Gulf_Aden,google_rss,Red_Sea_Gulf_Aden
Potential Houthi threat to Red Sea shipping could further damage global economy - BBC,2026-03-28 07:00:00+00:00,BBC,news.google.com,https://news.google.com/rss/articles/CBMiWkFVX3lxTE9Oc2gzNmFHWFAwM1V6b3dMSjhYUzZjRVlTbTNrSUlra2ZGLUVoZlR3akNWQ2Z0NmJvc29HRFV5eE1aN3MzNDZJTEJvSS1pdmdZV2ZsMkpfUnZZUQ?oc=5,Red_Sea_Gulf_Aden,google_rss,Red_Sea_Gulf_Aden
"Yemen's Houthis Join Iran War, Consider Closing Red Sea Shipping Route - Haaretz",2026-03-28 07:00:00+00:00,Haaretz,news.google.com,https://news.google.com/rss/articles/CBMiigJBVV95cUxNV1QwZFIxSHliVy1ydTN1UUJwUUJYdHdOUmY0R0QwMzB5dFRRTmlxX1lGelVGWHlBZjhmeE8xTm42U3dhaHd1YUI4ellJYmJ1V01vQmtFNnRhX3dmTFF5NnN5cVdoNFpFaURXVEhFZ0JpTUZKQWM1SjZoQVVNWDJZYUxSUWJDREtNS2pSbEg3YnJnQzRHRk9Kc2FVYUJsS0xoVkV5QTRjWXZzdTlOdXNGWnVocjgzdDFuWDJBMFVWbnpFbVNqYkQxT1EwWjJTTnQ0cjNQQzd4SWZNemVKRVF6YmdKRklqRmkySjBrY0hjMkREVWxxQjVka3V5ZlNHODUtSF9QLUhGYjhvdw?oc=5,Red_Sea_Gulf_Aden,google_rss,Red_Sea_Gulf_Aden
Houthis Strike Israel and Threaten to Close Bab al-Mandab - houseofsaud.com,2026-03-28 07:00:00+00:00,houseofsaud.com,news.google.com,https://news.google.com/rss/articles/CBMijwFBVV95cUxPOHU1QndsY3haak1DWmlKYTM0bnctSWpqNm41cW9aUU5PaERnQXNmMEZOc25CN3VTWEtvdmVwZ3NpMFBFQkVqSl8wMHBQamNERXFGSzJ5ZUI0anVWNUxSUmRaMWZRY1BDTFlXRVNnZVU3VGV3Qk5WOEJaVkxIRmJVcl9jS0ZnN3RHci1oUVJfUQ?oc=5,Red_Sea_Gulf_Aden,google_rss,Red_Sea_Gulf_Aden
Middle East war has another new front and Trump only wanted one of them - Australian Broadcasting Corporation,2026-03-28 07:00:00+00:00,Australian Broadcasting Corporation,news.google.com,https://news.google.com/rss/articles/CBMihgFBVV95cUxOU3FWUUZhMlJGZ0Q5d1JGZUR4UXJKQTVQUVNDRzJ1TkRPU28xaU1PdDU1Z1hSTGRsaG5hYWFtaHNJSWl5amd4ZVhXQkFYaFZQcU5zdDJtdlFjOGlzMC01VFNyTGdfZzM4SUx1aENzeGNrLTRsWk0yYlcxTFVsbVNLTXRaN3dtdw?oc=5,Red_Sea_Gulf_Aden,google_rss,Red_Sea_Gulf_Aden
Yemen’s Houthis enter Iran war with drone and missile attacks on Israel - Long War Journal,2026-03-28 07:00:00+00:00,Long War Journal,news.google.com,https://news.google.com/rss/articles/CBMivwFBVV95cUxPY1ItQVhSczdzVEJ6YWRSS3hZQ05IbFhnQ2pjRXZWSjJtWVM1S0I5cnpQSXRFUU5BZXZpdjJsdkxUUE93X1ZkenM1SzNhWmlxQjNxMUFkZ2dIUkVGT0hUME54a1hUcDVnUWNyYlFwRGRuYWNsODF2bTM4a3NlLUxDY1BwLXFkQW1tQ2NBV2pqV0N1TG0yYVhmdHpTQ2t2emx4aDFsb29FNXowNzd6MlhSLWU1Rkgwc1JjaEk4Wk5aZw?oc=5,Red_Sea_Gulf_Aden,google_rss,Red_Sea_Gulf_Aden
"1 month, 2 straits, more strikes: how long will the US-Israeli war on Iran last? - South China Morning Post",2026-03-28 07:00:00+00:00,South China Morning Post,news.google.com,https://news.google.com/rss/articles/CBMixgFBVV95cUxORlVKRjRXNUd0V3hyQ3ZrQ0FlWlNiSk81alNVU2RDWTc4NVhSSHNQckNxbFRTVDhHWHFzVmNpaG1raGZWbnBfT0ZpS3loTUduQ0hxT0NBS2lPbFNGNzlfcHpJekZ1TjFSZkN5U0tFS0ZoV3lwVHkyWlV2OGZtajZydkNvTWFqREhGdi1zX3J5RE1wXzhhdkFSSmQteHJGSVlSd1U1d0RINTlyVnhWb3p1UVN6eWtXeVZORTdoS0xGUUZFbktnZ1HSAcYBQVVfeXFMTllxdGU0TDdMZHgtd1o4TzZJdVNDelM5U0ljVmhDUEVFbzlmLVBta2RaYUZjSHhhUV9hYXdRUGtWOExYdG1vbzRoem50VHNVT01XdVZVV3F0akFzaXQ1UFRJN2k1dFoyaEkwZ2R0dlZMWTJVSVFxdm1vTWJZZXVENktTUXptR2pNcFBLU1dTaHpjOTdiNHJwdGt0ZXh1cUl1a084R3VDZTEtUFJLaDNlWG5TV1djLS01eTZuNTZFS0szYjllTmJR?oc=5,Red_Sea_Gulf_Aden,google_rss,Red_Sea_Gulf_Aden
Yemen's Houthis claim first missile attack on Israel since war began - PBS,2026-03-28 07:00:00+00:00,PBS,news.google.com,https://news.google.com/rss/articles/CBMipAFBVV95cUxPUERFbVk1MDRIQnh1dGwzX0RRZjRKRlloWFNJdGhvV2VpSlpabUpzSDU2VEdlWmxkVkMxb1cwVHhLRXUtWFNTSVNjbzc0ZHlydURZZFl3Mm81b2Q0TG03bXhDX0tnMHFuM2E0cUZFWVZQR0RxUEdOaWV4Vy01UHNPa3hPa014Nnh4c1diZVZRcTJhUHpobzdqTjFvSHl2ai1xNVBsNdIBqgFBVV95cUxQTmw0NkIwaEwxdWttZmRwaEZCakVEd04xeWxEX05HbTNRTlV2S2YwZTFHRlhZNHhmMkYtN0dKS09NRndTSWFuS1U5MFlodnZkRmpGQVc0MXFiRWhLY1dLa3A3ZWJYX2h2LWdfZXV3WndBd3B1TmhZZnhONHpsQUVlOFBIMnFGRTA3ZjdwTlJVY0xvRTlqc1FiMk1mM0dWSTFvU2llMGV6dFpndw?oc=5,Red_Sea_Gulf_Aden,google_rss,Red_Sea_Gulf_Aden
What could Houthi involvement in the Iran war mean? - France 24,2026-03-28 07:00:00+00:00,France 24,news.google.com,https://news.google.com/rss/articles/CBMihAFBVV95cUxPNUdfY0Qwd2M3aTM0SExtRUEyZ2NHS0dHVHZSSlhNZFNVYmItLTUtd1lzbUhHZnlscVNWQ0EtSk1IRTJZVVR0bVdubWFRNVhwV3ZlcFJBVVk1UUFnVEgxbXJFclRVcjE0WVN1ZW1IbGF3S0NXR0FsWXdRTkg0M1RIcjFHVjM?oc=5,Red_Sea_Gulf_Aden,google_rss,Red_Sea_Gulf_Aden
Iranian-backed Houthis in Yemen attack Israel for first time in war - The Washington Post,2026-03-28 07:00:00+00:00,The Washington Post,news.google.com,https://news.google.com/rss/articles/CBMifEFVX3lxTFB2LW9fUjBuQ1haQUdiQzRBSDBVNkFWazR3dDZsbDBJZE5yeDRUQjFBN0RaS0dzWjNCSm1TdW85anFXNno3V3p4OXFEUEgwRVJNOC1LcUhRN3p6X21FRm5uaFZwTUFxeDVmR2pZYm9iem4wOHBzUGpyOWRLSEg?oc=5,Red_Sea_Gulf_Aden,google_rss,Red_Sea_Gulf_Aden
"More than 3,500 U.S. Troops arrive in Middle East as Iran war strikes intensify - CBS News",2026-03-28 07:00:00+00:00,CBS News,news.google.com,https://news.google.com/rss/articles/CBMiiwFBVV95cUxPWndwc3AzTVpJV3ZHMXVKeXJ3V2JWMENpUXlCRnFZQWptd3RHUlF5eXVyOHhDemJlRVZMcEhiNGVhbXg5amNCWi1xY0k0bGt4eGMtbXozc3ZLTG9sTndBNHJrUmVMUzB4YnhVWmRxQWpTNmhVUFdJUUVXRGFRQVhTSXI4Ukw0RWp1RnVj0gGQAUFVX3lxTFBoWDdvN0Yzd3pxQzVUdzl5cVZDNFFzZXE4WWZDWXdDQUpIRjJITXluUWJRLTBNZ3hYS2dONVBacDZTdEhzRWtNaGotaG9ydGd2MnF4WTZXTmh0blRWYXJldTJDVmlRUnAzRDhnUzNaamtiV3ZSa093SVFHX0FZYWp2Q0RyWlF5QmVuR1EwZzdXXw?oc=5,Red_Sea_Gulf_Aden,google_rss,Red_Sea_Gulf_Aden
"Iran-backed Houthis launch missiles at Israel, raising fears they will attack ships in the Red Sea - Fortune",2026-03-28 07:00:00+00:00,Fortune,news.google.com,https://news.google.com/rss/articles/CBMisgFBVV95cUxQb1Z5REFybGRrQ3hJanhwWHRHVUUzbEZMcnpIMXlfMk03aG1yVnpuY1JIU1hJXzRmTUh6bzBGYl94YTdFMW1xYWRIb0gwX09WTDMzSnJocmFZbEN5OUlsTnlhZEIydG1iOENCQUtWQ2NlcVlWQVR2NE8tUVRULUpxdmQ2dkxXOWVzTjRQSDhrcFBYZFRHOXl0Uk5pUl9vVTNzRVNra2RSOW9iMkkxNDVENnpR?oc=5,Red_Sea_Gulf_Aden,google_rss,Red_Sea_Gulf_Aden
Yemen’s Houthis Have Entered the Iran War. What You Need To Know - Time Magazine,2026-03-28 07:00:00+00:00,Time Magazine,news.google.com,https://news.google.com/rss/articles/CBMic0FVX3lxTE80NFJtTEl1ZTJVRGpUQ1diTjcyUUNFWXNaemVzeXVHLS1NSUdsM0xMV3V6YXZuQUxhM3EweGo5U1JOT29DT2FtRjlGUlRBQmd1UE9pZWNmODhKaU9ZcjRGU1RMWW95eDdtazlSTk4wbjQ5U0U?oc=5,Red_Sea_Gulf_Aden,google_rss,Red_Sea_Gulf_Aden
Yemen’s Houthis Fire at Israel and Vow Further Attacks - The New York Times,2026-03-28 07:00:00+00:00,The New York Times,news.google.com,https://news.google.com/rss/articles/CBMikgFBVV95cUxOUXNaODNFbEpBTWZqVHk1NGJsVjI4WGg1aVRSMnBtUzU1LUs1R0hIbUNFa2FySnhRQjhOdDFzRlBYTExhOXVNdzhyVGQ3Q2tqeVh6ZjF2MFp5U2lvVVZzS3BmWFBuSHYzUGZZVWlBY28wZ1dPM2UyVm45b2N4d2hZdnNjM2hHYjJvMG1ObElId3hsQQ?oc=5,Red_Sea_Gulf_Aden,google_rss,Red_Sea_Gulf_Aden
Iran-backed Houthis join war with attack against Israel - BBC,2026-03-28 07:00:00+00:00,BBC,news.google.com,https://news.google.com/rss/articles/CBMiWkFVX3lxTE5oY1N1ME83RElJVUc5OFZSaXJFMms5a1Z4MDdxR2VrN3JPam9RVUZMQlpqdzZsYUVBNko1RWtRM2s4ckpiR0FxdDlXS1RuYXBlOElaZU1uYThidw?oc=5,Red_Sea_Gulf_Aden,google_rss,Red_Sea_Gulf_Aden
"Houthi Rebels Officially Join Israel War, Threaten Red Sea Blockade - 조선일보",2026-03-28 07:00:00+00:00,조선일보,news.google.com,https://news.google.com/rss/articles/CBMihAFBVV95cUxPN1JIQzRnYVhQaVVTOTdrcXV2alUwYXlmbDBkeHMxalhkN1kyTmlpTFVEUEVZNFZhYUpMMWxMRWx5SDBCVmt3Q3pWY0hqeEUwVW9CZlFaMG5Fb09RMGNvcXJoaVNLRzJwako4b19UWXFNVEYzX3FwSGFXVUd1S1J1UEpkS3M?oc=5,Red_Sea_Gulf_Aden,google_rss,Red_Sea_Gulf_Aden
Yemen’s Houthis launch missile attack on Israel as war with Iran intensifies - Al Jazeera,2026-03-28 07:00:00+00:00,Al Jazeera,news.google.com,https://news.google.com/rss/articles/CBMirgFBVV95cUxONGh4M1BoaHJhYkp4bHNlTzE3M3RPSUhtUDYxVnExTkF6bV94TDZzS3ZSanVpOW9VdHdEaFBGS1d0ZVJNRnRYRFVoNmJuQkFnelg5TWlmU1lfalJnOWlFRmc1cmxFVTA1UFc2OVZlbm40c2wwU05Lb2d1WGpPVldpd2dCM2ZzQzYzb3QwU1JIYnNwRktWMDVXUHB2TVY3TFB5QU1nRmsydzVOZEhrUXfSAbMBQVVfeXFMTW1yRkw1TkdlQWFxVUtsQTN2QlZWYUpKdS1qYmhMRldSYmZoMUJkMC1jS2dDTl9ZYy1yODRFRUhYWmxNQnl2U19iTDZGVDdxN3JCRV95ZWJ6Mk52cjdqTmNRWkJhYUQ5M2Z5cmxTc0Z5aEhkdWZZT3hHdlBDZXZxWHEzd25sRjY5Q1UycHk0N21RbXZ2WjNjN2xwaUlsS25Ra19WWlVNWDJGa2h1UFVpaW1rTXc?oc=5,Red_Sea_Gulf_Aden,google_rss,Red_Sea_Gulf_Aden
"Who Are the Houthis, Iran-Backed Militia Entering Mideast War? - The New York Times",2026-03-28 07:00:00+00:00,The New York Times,news.google.com,https://news.google.com/rss/articles/CBMib0FVX3lxTFBPakZEeVFTVTdQT2sxN1NlWUhURmdqNHNXeENJZnU5ODNldGdzd0d3b1ZqSXhZQnZ4SDBJa19xNGRPSTBMVHRKX0hhZnpGSDY2VmpTUVV4V2xGOGQ2a3dacXRJWDBVODVBQ0I1b1YyNA?oc=5,Red_Sea_Gulf_Aden,google_rss,Red_Sea_Gulf_Aden
"Yemen's Houthis launch Israel strike, the first time since the U.S.-Israel war began - CNBC",2026-03-28 07:00:00+00:00,CNBC,news.google.com,https://news.google.com/rss/articles/CBMinwFBVV95cUxPU0tqWHF1VmZpbVgzNVp2N0Z1WFNNUk00c0dVOGVWaS1MUlVfWmlZcGVTdlpsTTF2VmswU3RzbzdVS3hkVV9peWxIQVZKQ0g1bkltY1BvSEFITm1WcTZKRHpBb2QzWHUtbkJINGxoVmxMYVQwZGRuXzhYLWtWbmdvWkYwNW1OeEt3Si0zVTYyZXZ1d0h3VGkyN2Z3UXZ3a2PSAaQBQVVfeXFMUHRGMUZoczFwUGExVjI5TExtU3NLTjc2QUFvQTBSdlRlaE9nN2ZkUlY5X3BDS01MaEhBd00xV1ZWaElKZmVVOWpMSXc2UWx5cXd6eU52S2tRSlh2V085aFpTMUY5NmJPWFV5dUE2OG5YSkM0alpSUFpXLUdzcm9SRXRTQmxocUFTWEJkc01VQ3F5S2RwOXJSUUxxV1FVQkdkNG9YN1A?oc=5,Red_Sea_Gulf_Aden,google_rss,Red_Sea_Gulf_Aden
Houthi forces enter Iran conflict with missile attacks on Israeli military sites - The Guardian,2026-03-28 07:00:00+00:00,The Guardian,news.google.com,https://news.google.com/rss/articles/CBMixAFBVV95cUxQS0RTS2pPUloya2sxVi0zLXdVSEZXWjB6Q0NKaWJJLWRHMktwdzNNb0QzakRfclE2ckZQWEtLRW4xWXZYRS1GY2ViOXV6bktJVWxHNl9zSkFQN0xRQW93X0pQTDVUTEpWSEJQbW5zdmNDS3ZYaHA2UlhLUzlEVW9fQThXajIxN1JDYmtoaUQ1QnVpMlh2YXhjWnN4azlTUk55VUtmemdkUF8xbi16V3MtVE80Vk9kRWs0azgtU1FUcjNuYzlv?oc=5,Red_Sea_Gulf_Aden,google_rss,Red_Sea_Gulf_Aden
"Explainer: Who are the Houthis, Iran’s allies in Yemen? - Reuters",2026-03-27 07:00:00+00:00,Reuters,news.google.com,https://news.google.com/rss/articles/CBMirAFBVV95cUxQd2JkYTUtQUxyQWZpZHB1VTBWLW02Q09SdXNJLVBYOGs0UVRxNHpDaFBmSklqazhibUw5a2NaOUZITnZIYTFFWFNXV3JkVTRsVVJIQXk5UTgyaHBaeXRGNTltY2E1UklDZ0VabzE5ckZJblZyXzhuM2FEY2NTV3lKU2hfX05yTW1xVC10NEhmTWZnbVdOS3kwX2hxV0xzUmpZRklyUmJVUDZBaC0w?oc=5,Red_Sea_Gulf_Aden,google_rss,Red_Sea_Gulf_Aden
Trump extends pause on striking Iranian energy plants; Witkoff floats 15-point peace proposal - CBS News,2026-03-27 07:00:00+00:00,CBS News,news.google.com,https://news.google.com/rss/articles/CBMiqgFBVV95cUxNTTFaaHhvaFQzUHA2aXdtZXVMVXE0WGdGbXlCQWV3MnlWdE1ObVZ1cGlYaXBka1E3NmNELUFzSkZCMURxUllYVXhzOVNqc0hqMWJJS1c0ck1VVG1PT29ZRzZjd0NYNEJXUEFxdkhDSVhFUTRtdEhkNnphdGJTUV9BZS0yZXRNOFpHMWpjMUVmSjNyY09YRTUxQzlyTG5BWTQtU1FibS1PbFNXZ9IBrwFBVV95cUxOalp4ZjRjejN4Rm8wMUxWaEluN3Z5eXlpZnFsaWFSWUlYbTlnWThQSVZzM2pIT21iY0txVXVYeTR0bHIyNWEzSjJSRmJSRkV5UzU2anZ6UmVyTUxUdGJyME1ZMVBGWEd2TW8xaEd6SmZMQWR3bk43WkI2bG5pdUh2cXNzU1hmWU9YUmVfbThhUGVOTUhfc2c2cUVGNXoxa3NDVERGMkNvNkV0aXh4blZ3?oc=5,Persian_Gulf,google_rss,Persian_Gulf
"Gulf states tell US ending the war is not enough, Iran’s capabilities must be degraded - Reuters",2026-03-27 07:00:00+00:00,Reuters,news.google.com,https://news.google.com/rss/articles/CBMizwFBVV95cUxPMFpYcjZtQUJuVEJsNG02OF9tTXVzeWVPd1A0ZGdyUHpSeG01dmRka19YVldNTUNkSnFjSTNNLUxvajVEVkMzQjJLbUJTQW9lYXpYdzZNenpERGh6MW1xTGFsX2xXQU9vTzM2NVQxaVRUZWhYd1BtVnRKdURqa0F6azhjYVctUzJmUERubW1GcWgzVG1MelNxMnhBTUZHbkhoMmtLa2N4YTRnbDd2cXc2TjJxWVdBVHcybFc0UGx0ZHkzMUJfVUpEeV94aHV4alU?oc=5,Persian_Gulf,google_rss,Persian_Gulf
Why hasn’t the US military used force to secure the Strait of Hormuz? - The Conversation,2026-03-27 07:00:00+00:00,The Conversation,news.google.com,https://news.google.com/rss/articles/CBMipAFBVV95cUxPeXpWR3RoUWhaWUxRUDNSc1huYVJjV0lId2FhajBOT3hDWVlUcmlQaW1LcUtQeFY2anpHcTFnYXNuSE1zM3lHTzB3WVRMd01OdlBwR2lWcmd6WTd1aERyUmhXaVRkMTVwbnEySWprU1U3Z0t1dUtka0xXQzBTSGRIM1FuNTdyMm52X0lacWtmY1NvbEFTbnlUdDBZUTk5OGRCY3ZSMw?oc=5,Persian_Gulf,google_rss,Persian_Gulf
Mapping the damage: Iranian strikes on the GCC - The International Institute for Strategic Studies,2026-03-27 07:00:00+00:00,The International Institute for Strategic Studies,news.google.com,https://news.google.com/rss/articles/CBMiqwFBVV95cUxPX2N5eTFwQ1FoUW5VX184RGNreXhaTmU0eDNtTXJqSFVjV1BnUURvQjFlU203MGRwOWJfTF9fNENQX19sTWhpUjNZdzVvaU15Q09xTGFzV2VrdnhpUVZnUnVMMW85SThjV2VGZ1BpMDZGY1Nfd1g2TGdwaHhhUERmQXAyR0VPdG9KUkhrUmdFT2NjUC0xcEdJeFk4Wlo1b0ExUDhuY096alExR0U?oc=5,Persian_Gulf,google_rss,Persian_Gulf
Bab al-Mandeb: How the 'Gate of Tears' may emerge as Iran’s second choke point after Hormuz - The Times of India,2026-03-26 07:00:00+00:00,The Times of India,news.google.com,https://news.google.com/rss/articles/CBMi-wFBVV95cUxNRUlXUjN3TUZzM0RHNUt2bkczTGJtVUd4MmRKNVpxTzNhekcydmtBb1VVdTZKZVlkSVYwZjJ1WGVJWmJvWHpZa1UxUkYzdy0xemdWeXR3NTZpRWpTM2hvZlBsV3lZbjhqdlprOHN6X3IxYk5DVUpPT29HN1N6Q2JGUVIwWWI3X00yTHc1cEdwOFpEMnotQXZGMnFBRWRWNU5Tdk9mLVlpNjlCbDBfdnpiMVE3OXNsd2tXbXUxZEdFQnFuNmlpZHdXM1U5bzk2Nm5uVmt6bWRCcTNRUEVKTVhSMVhuMkVDdVo1elRyRVVuWVNGMjRWZVpnXy1tUdIBgAJBVV95cUxOTmY1bHhKUjRBWUNvNVRnemVvdFRBRWNOX3EzaGNhaUtkYXAxaWVyeU40OVZMeEZHYWV2dGFkWGZybTZsY2lHVFlaZDJWV0ZnSVBzWk1iR2ZmTVdwbjhJSFZaX1h0R1hXWmlKTzBYT191UXgxWnNuSlc4TVF4RkR4andEa3d2X0l6WE56RzJlMDRwbGZqbkthSmNqVEY1MnUwRW92ek5uYzk0VHlEQjlPR19EUkx3WDJ2SUFPV1ZKZzBfWDRHRFF1ZUxoeGdZbHhtOGRVLUFkb21YRFJrdEx3UEJwM0VxNXVucGQwLXN4ZEdtQV9fTlMtQ1RHV01FcW5U?oc=5,Red_Sea_Gulf_Aden,google_rss,Red_Sea_Gulf_Aden
"Saudi Arabia stoic amid Iran war, but attacks on Red Sea ports could change that - The Times of Israel",2026-03-26 07:00:00+00:00,The Times of Israel,news.google.com,https://news.google.com/rss/articles/CBMirwFBVV95cUxQX3hiTTlzZkZhMXRNcUNKS1pPT0V1ZmlJdHB5aDNsUTJreHV4TGhDNTZlYkkyYjJmTkh2bXU5dTF6eXpUTW96eTNYMEtWb1dhbFpVc0c2RjFDMWV3X1JxSUJLYk1FNkhDVm0zU3lzN1Q1WHVzMWtPT3lrRmhCN3ZFWEZXdkVqNmhaMHRNMnREdGVUTG1IUU9UMHFiTFpRcklXcE1oTnBhUnRoWGtJYUVB0gG0AUFVX3lxTE81Skc3UXBYaGRGa1dKaDJ1UlhjVU10TF9JUGNBWEpyZjdLc04ybGJnRjVsbXEzdjlhX0hjSm5zTHoydDBnVmw2V3czZ0ZPYzVPQnVIOGxkWXozb3M3dm9mTGlsbi14VDFVclAxdHQ5RThDZ2hCblhaUlN4Nkt4MEV6a0tPWmNfSHdDV3Z0TF9PeWljdURKRWJwRU1pU2FhZFo2NUljdm5Tb0Fxc1EwRmZocllEVQ?oc=5,Red_Sea_Gulf_Aden,google_rss,Red_Sea_Gulf_Aden
Trump faces new oil shock threat as Iran eyes second strait - Politico,2026-03-26 07:00:00+00:00,Politico,news.google.com,https://news.google.com/rss/articles/CBMihgFBVV95cUxNRVk5R3dFUFp0U3FoTjBNQ2J3dm1NUE5LYThreFdKLUN4eVhfQjc1TjVjWENWaU5sTUJuN1RQdFd1eUpxVjZPeG9FdjlPSlNhM3FqbDgzdmU4djgyMzJIUE9oeFVWUzB2X0JueHF5LVllelJpalNTWGxWUUwzY3FKek9ib0s5QQ?oc=5,Red_Sea_Gulf_Aden,google_rss,Red_Sea_Gulf_Aden
"Yemen's Houthis ready to join Iran war if needed, raising new shipping risk - Reuters",2026-03-26 07:00:00+00:00,Reuters,news.google.com,https://news.google.com/rss/articles/CBMiwgFBVV95cUxNRXR4c1EtZ1BtU2dUbWRONTlfdjZGUk9CNUNtQlZaMmpWX192alJ2bnBtREdaX2lpN09kRmtUc0xTdmZ3bGxNUGdkcVl2SnZLXzBfLXFCOTBQTnRTdlh2UHVULVB2aXRSUFYyNWpUWVJlR3UwZmxrVWZMbHhmZnoyLV9CdmJ5SnRKZ016Z1hRNGhRT0xSZGJndnd0cTdrNkhNMk55MElsbXNBb1RqMHZhTUF5MWVtenFPU2ctdDJRdF9lUQ?oc=5,Red_Sea_Gulf_Aden,google_rss,Red_Sea_Gulf_Aden
Two Killed in Abu Dhabi as Gulf States Face Fresh Attacks - The New York Times,2026-03-26 07:00:00+00:00,The New York Times,news.google.com,https://news.google.com/rss/articles/CBMikAFBVV95cUxNTkczU0JyQld1dmpXM1RodVRHbHJBMXd6bTc0NFM5b0d2NUVfeVhid2FZcV9aeWlmSWpNX0lEaGZWR0tUb2xCT0VqV0d2WlJYVlhDRWJXc2pkVE1VREhIUUcyVkFsdEZsTnJkckRpTDE5VGRxNHBjZXpwNm9IbnZFS0NHT0NpdWx2Q0R2UVlSN2c?oc=5,Persian_Gulf,google_rss,Persian_Gulf
Houthis Threaten to Shut Down Critical Red Sea Chokepoint - gCaptain,2026-03-26 07:00:00+00:00,gCaptain,news.google.com,https://news.google.com/rss/articles/CBMieEFVX3lxTE1MMDlaUkJFR2tYa3ZEV3FMVEZhQjRMQWlIV2lDUnc1b25td3A1NWRKX2lrTEhFLTVSSk5ZUmRIY2g2RHlwYTZZQ1RNWExQZnZHT3VNTTQ3aGx2SjFIaEoyekloQXlhQUdNNzl0SExZTkVRWVVmRU92aQ?oc=5,Red_Sea_Gulf_Aden,google_rss,Red_Sea_Gulf_Aden
"Houthis threaten to join Mideast war, raising specter of renewed Red Sea attacks - The Times of Israel",2026-03-26 07:00:00+00:00,The Times of Israel,news.google.com,https://news.google.com/rss/articles/CBMirwFBVV95cUxOQW40aTEtNGZQUE03U1EtNWpwS0FYcTVhUWtQbm8yWmV5XzJZMVVRXzY4OXBnWjY2ZWpqSEd2dHdTTGg0SXEwTVg2aTlUZThnVjNyclFzTXg0cXNwdm94WHpmamE2eURncGFzUkxVcHlhbEtjWFNpTV9lWm41LXpBMVdra01ucnY1Z0loVlRNRnp3WlNPZFlpeGFuSG1nSjFoUTFCWkFfbGs2Ymt4WVAw0gG0AUFVX3lxTFBfdjFrX21RVmp2a25QWnRkVWVvUFZzaFFxaEJRSThNRTBRMWprVXlJM0Z5R3p2cnZrY0V6MGRpb3VkbUp3UkRrRkR4LWo4R2hKalhsdzBLZEIwZzJDcGFvdlhpWHV6eWFiNFdJRGdra2dFcWFkWV91cEoxdlI1REhMLTd6ZFQxdUlRZUlVbG9heG1lSEJjU1VWQ08yS0VzSmxvNEx6ZklTNC10TWRpUjVHWXFIWQ?oc=5,Red_Sea_Gulf_Aden,google_rss,Red_Sea_Gulf_Aden
Russia vs. Nato war: which side would win? - The Week,2026-03-26 07:00:00+00:00,The Week,news.google.com,https://news.google.com/rss/articles/CBMid0FVX3lxTE8tRldJWWg3amtsMmpZNmsycTdYTjB4TzhzdjFwRXJ4bHlyYVFuNkR6QlNaOURjdGNScDVVVjdjTGhNbVNKTENzdUhMdUFpTk9oZ0h0bmZNaUpfdmlCQy1TSXl5czR4T0FRa1ViOEJhR0pURUxPV3VJ?oc=5,Black_Sea_Ukraine,google_rss,Black_Sea_Ukraine
"White House says Trump will ""unleash hell"" if Iran doesn't make deal - CBS News",2026-03-26 07:00:00+00:00,CBS News,news.google.com,https://news.google.com/rss/articles/CBMiqAFBVV95cUxQLVZWRVVrY3Roc2hveGNLNEdBQ2p1VmxZNnE4SWlLZVQ3cUh0dUJScXF6UGtxYjJyTmNOWHNWZUc1d0s5Y19XOTRWWExPLVZhTG9laC1xSDNueWVSeTVyeUZHcFU2TUNWQVFlRC1MdEhHT3VjTXJfVTRlY0ZDMUJFODdBYU9RcDMzRHZXTGRoc2tiZ0RZQUhfdVVrNTdTb1lRb2MtN1ROV3fSAa4BQVVfeXFMTXREQlphZXRFNXhBbXF4d3VicXZhRjByUzJOb25feGNMN2l1dE5QT3dkTFFSOTRFejBsUDA5SDJOQ2F3allOOTdkZ2JRZVdqSHNsOTh2d0pmc3VabU9uUEdNRlVRZGpBQUxkUUdWTkR5U21hNjFNREtIMGMzNElWbXBqd1Fkbk14bWlRYXJoQ3BRdHB5dGphaGJLN1RMMjRlZHZfUWtqdXRMRVJVZWN3?oc=5,Levant_EastMed,google_rss,Levant_EastMed
Deaths and debts: Missiles in Gulf shake millions of South Asian families - Al Jazeera,2026-03-26 07:00:00+00:00,Al Jazeera,news.google.com,https://news.google.com/rss/articles/CBMiuAFBVV95cUxNcjJLUGprb1FoNWt4RzVxZGpEX01mUFM4TUczRHpPVnBpeEFiaFpNSnNHcDdmU3U2dlI0VmFuMDF3YVRhaTdDelR1bnQ5VXBwMDBjMERPWHZ0YUVqVzBwWGhycGp0WjM3QWd5NUxmOVZ4azd6NmZHUVA0QjJ3dUsxY0MwQUhKTEo3aU9YcURLc0J6UzYxRlpKZ29wcnFmR1N5dzlaRUxBM3JhS2lOQUxXMnhhRGtYSm1C0gG-AUFVX3lxTE1oZVQybVZobW5QYVU3elZ6eUZEMGNIVXVSN3RadlYyOGkxM2ZrVnBnT0JJOHZxTWdvR2laa25PYnFaX2pJVTFBRWxza0Jmd2ZKNnprY3FrRGFwZjQzUGttVHF6STk4NHRRVlgwWFZFbzhkLUZqRFVab3g4ZWlEc0RQdDNUZ18zdzF6TXAzdFQzanhvVWxFdU5KR3hpWEZiOGNvYXBscHBMSzg4ZEdkaDcxOHZsN3hoaEVNa01HelE?oc=5,Persian_Gulf,google_rss,Persian_Gulf
US-Israel war on Iran: What’s happening on day 26 of attacks? - Al Jazeera,2026-03-25 07:00:00+00:00,Al Jazeera,news.google.com,https://news.google.com/rss/articles/CBMioAFBVV95cUxOdUtCdTFreDRwM3dONWtPQmFoZF9UNEdUMHhJejF1eUcxZEhHVUQ4XzFJdVZ6OUdkckZ2eDNpODJRSHBYYmxpbC1CS2dSOXgxclR4REhmRWlITjFUS2VnVVE1RXRKa2xtODRTeTlhN2dyWXNMejNmYVE0ZlU4R1RmVjREZGZ3TnFxNXNIYV94Sk92VG44aDZvVnFnUW1iQkdo0gGmAUFVX3lxTE54eGZkajBCaklCOElMT1k5TkVMbXlCUWw2Y2pwbUFvYmlEUTZFb05rejhuRXREajA3UXVqYWRzTlZ0QjhObTlMdkZzMHJieGJnVlF2aUFjM0xUY0pHdEY4TnQ1SE44ZW5tc3R2TlJnc29CYjVwa0lDRk14T3dWY1lZd3YxZnlPeDBkOG5ETWNab194NFAtamJjWGloWjh1Wm8xR1RYUGc?oc=5,Persian_Gulf,google_rss,Persian_Gulf
Iran threatens key Red Sea strait if US launches ground operation - The Hill,2026-03-25 07:00:00+00:00,The Hill,news.google.com,https://news.google.com/rss/articles/CBMihgFBVV95cUxPa0U1Y0JUb0czZnZ2NnktUXZ6N2hpbXVPUEtTOWRaVk1GQ01jRUZHeVhENXZhbnBCNUtHR1RLTlpaNndBY1hiYkJaQkozZEFDb2dWVTMxc3hwU0lqRENDZ24tSm5udEJuc0Z2VkIybnZTanZmeUYxbTh6eXAtdmJBREQxWi1MQdIBiwFBVV95cUxQbmNJTDViSmNhQkd2QmtyQkN2LXFmZUJzZGp0bUo3OUZLdEdhT3RHWllZdjlvSFVrVkxwMkQ0b3VlSDRkNjlDeFYyYmRjUEpmelBHaXExV3NqaWtuU09RaGlva1hVb1dudjNLa3R4blVCUlN0dnN5QktYbHVOVUEybEgySUl6Zmx0ZnZr?oc=5,Red_Sea_Gulf_Aden,google_rss,Red_Sea_Gulf_Aden
"Iran warns its ready to open new front in Yemen, close Bab al-Mandab Strait with Houthis - report - The Jerusalem Post",2026-03-25 07:00:00+00:00,The Jerusalem Post,news.google.com,https://news.google.com/rss/articles/CBMiakFVX3lxTE9lWWpkUmp1QVBITVVZbC1tT2Q1cFBBU3A3SUhuTXFqTUt6azN4UXd6OGw3QkwyQ3VpczkyRzJpVUF4b2pjS3NJNWhoa1ZmS2lsd2lYMXpXOXpfTkp6Wkk3SVcxZXByOTIxcXc?oc=5,Red_Sea_Gulf_Aden,google_rss,Red_Sea_Gulf_Aden
Iran war rages with Pentagon expected to send 82nd Airborne troops to Middle East - CBS News,2026-03-25 07:00:00+00:00,CBS News,news.google.com,https://news.google.com/rss/articles/CBMipgFBVV95cUxNMnJ4aHRpWHEySzBfUVVDSGg4bFpOMDBnOG5VY3NMY0NCQU5ETUZzMFdTOHZ4bW9tV0tDblZPVmY4TUVfd19yUjJabkNEU3g4QnpLS2FCRWxiemxRLTdaVG9ad3h0T2JNQ1FkSHlDc0xrbzBZMGJ1dDAxa0tpdEtuM3l2MHNjUHJ4X2NGU1dFLXVBb3BPWE5tcktxNHVmRjRtV2gyM1pn0gGrAUFVX3lxTE1WX21IajlZZVYxZUF5bUY5SHhCZHJLMlE3VDBWZ2h4VUFQNVl6Q3FrT1FyYVhNMXVtcDVOQ0dtNTJ1UjdTSXRBSFRrQ29ST0EyaVdPRHdyS3l1YTJJLWlHcGstYjNMOTBGWmlFbktqT0tMRENnX3RRcVRDNjlmS1BfbXo0NlZUUGtRa0lFTTV2ZWUyc0RncExoZnpKVFVndzJUYzFPR0l0WFpmNA?oc=5,Levant_EastMed,google_rss,Levant_EastMed
"Pentagon Orders 2,000 Airborne Troops to Middle East - The New York Times",2026-03-25 07:00:00+00:00,The New York Times,news.google.com,https://news.google.com/rss/articles/CBMickFVX3lxTE5pTHEyOEY3MHpiV3JyaGtNSVRDOThpOENNNWowZF9jVTZWZzFkM0UyR3dOR3pFQy10VjFValViOE9UcUVKcU1xVXpRRVFyMm1OOEVTaEd1THU3Y1czRXQyMFRndEpoVWRDTDVfMTE2Y2M2QQ?oc=5,Levant_EastMed,google_rss,Levant_EastMed
Trump calls off Strait of Hormuz ultimatum as Iran receives U.S. message from mediators - CBS News,2026-03-24 07:00:00+00:00,CBS News,news.google.com,https://news.google.com/rss/articles/CBMikwFBVV95cUxPeUZ0OXdtVlZuZnZadTJ0VjJURkFfcHM3OFBuTEJJeTZvNnBtUXdqeVdZWVVlc3RySXhtbmtqMmlEcDB5OEZEQTk1d3hqeDFvVE1ZbjVvTDFrSHNaWnRzX013QVQybjY0LVJNVVhPQkJBeWJSa3B2UVlqXzhQLVpGM0FySmFZcGVOOFFhSXlWQXJHWWvSAZgBQVVfeXFMUHo4UkM2WUxkNjZ3OXJhRDFxdTJkc1JKUUVxcXJqVkF0S3N3ZU5HYVl0VlRyMG5iRzFIOGRxNVpBS2lFVmRtc2ppYUwwTmRMSmw1LUlfY2pYZ05TZzFrdzQzRWozLWpWZkthanV6ckwzWFhxai1SVDA4dFNMY2FZVHotdWxtYmZxd1pMTkMxa3ZmbHRsQjVQaWc?oc=5,Persian_Gulf,google_rss,Persian_Gulf
Strikes hit Iran while Tehran targets Israel and Gulf states amid mixed signals over talks to end war - PBS,2026-03-24 07:00:00+00:00,PBS,news.google.com,https://news.google.com/rss/articles/CBMi0gFBVV95cUxPOU5iemhNT29NR2dHMUExY3ViNEJlelE1LV83SFhmOFQzQnRFMTFSSHlzWXJqU0EtMFVtalVYUGJMTW1UWG9UN01kMlA0MnRrTGU0Y1lSQnRaT01vODk5ZnlBVm4wcHFaNFRPbUNNc1Z3QVlVMzRKMXc4b1FmdHJyaTNXUGtwaXRVT3FYMzdZeUl4NmZTQkdVNm5MQjAyeWZud29UclR1dDVReHVtUGRNWEpDXzhuT0l3aGpBTkJrWWU5LTdGQkQyMFNoSzUxemxWT2fSAdcBQVVfeXFMTnA4NVFVQ2pfbm9meVdJQ0JxY2gzaVNYRklhaE9Ia1U0XzRva0M5czVNNlptMGlNbkYwZVJkcG1KVlM0X0JGREdjcmlOeVVyUHlGZUNBYXpfRVZoSVkyRDhIb3ZucExEU2ZLMmt1Ui1kOHVCc1RST1NTTjV5RGtKNFpWeWxseXJFdW02WEZWSEllMDMtWXdER2JUWTR4NDRGQ1Ezd0l2MzdSZW9UbUtnYjlqX09uTDBGeWtPMVEzTDdpOF92eFplYWtKei1NbHo0dGpYM1Q0clE?oc=5,Persian_Gulf,google_rss,Persian_Gulf
US-Israel war on Iran: What’s happening on day 25 of attacks? - Al Jazeera,2026-03-24 07:00:00+00:00,Al Jazeera,news.google.com,https://news.google.com/rss/articles/CBMioAFBVV95cUxQVmlsaTVRVVN5SkFCNHpRWl9DYkxYUUNrM2Q2WVp1Ul9tQk1hY295R2Znb3dmcDBORUUySjBMRy1GS1F5b0VVbUppZW5DODFsOWM2ekZOWVh0TGpENDFrNGZxQTkzbmtscjE1MGF0TDZ5bDdnTF9hTmN4ZEpuUkNPbW14dGpreEl4ajBPZHNEY0tOLVpWdnREXzJmLTlGZDE50gGmAUFVX3lxTFBtVVBodm13WDQtWl9teGgwQlBSQVNBQUdjYWtDOGl4QmM5ZDVWTzBLUU5IQ2ZuVVN0LWVzZmJUWUN4Vy1QRXlkRTFHN3MydVN4NE9JTlRBa3RTWDVPWnpIM3VldjZkdC1vSVR6YjVPMzdxTFdqajcxMXFNNXd1b1NycEJLeENPN01mOVpxNHBiUHc1c0k0SzFNSW9qdXBxVjZURjNOVkE?oc=5,Persian_Gulf,google_rss,Persian_Gulf
"Iranian Missiles Evade Israel’s Formidable Defenses, Hitting 2 Cities - The New York Times",2026-03-24 07:00:00+00:00,The New York Times,news.google.com,https://news.google.com/rss/articles/CBMickFVX3lxTE5oZnotenlSbDYwZ2ZGeFBUZDlJanVTQmNRVzd6b0dmWFF4V2hWa3NMckZ0a01tU2VMWERzelYwczByYThKYlFqSlgwM1JGcFJ6Rlg0eTd0Y3JneFhNcV9VSi04Z0phTUtnRUpVdTV5djNuUQ?oc=5,Levant_EastMed,google_rss,Levant_EastMed
The Red Sea Ablaze: How the Iran War is Reshaping the Horn of Africa and Global Trade - Borkena,2026-03-23 07:00:00+00:00,Borkena,news.google.com,https://news.google.com/rss/articles/CBMitwFBVV95cUxQTlVSVFpoV1p0TUJ4YTJ3UkNTWWRGa19Od0Q4MVlKY3d6VEliamlEa2xNWFdtWUlLU0tHd3pRTGVDZFFhY1hWb0VBaU1HSjU1bEQ3UUVYRkY3VUxyMnhRTVQ2bk1DS0RlZmdZaHktdUUzUllJS1EwdmUzTVY4dUY1TWc3TmdNaEpsZllfUkVuN0t6U2Z2b3pESTZCS3V5al9iZkYyWWExb0U4Z05WRFMwWm1lRE1GOU3SAbwBQVVfeXFMTlpmMUw1WmJ1bDd6M0FmdGkxS2VaMmhiMlF3eFNDSTFXYkEyWTJCWW5TcGpmc0pyM3ZxM2tST2RhYjl3R2ZvcW9pTEF2TWdCSC0xY1p5cm1FY085NHpsTFhEVWYyVnNZb1BGSy0yX2ZDWTNrTEVvaEp0cUJsOXZNaDR4eUVMUmp0QjMwRlNJLUh3T2U1QW00emhOclJwQ1RybkJLNnY2Um9UMml1d3J2ZElKZWp4OGduSm1iS24?oc=5,Red_Sea_Gulf_Aden,google_rss,Red_Sea_Gulf_Aden
Iran Threatens to Close Strait of Hormuz 'Completely' if Trump Attacks Power Plants - Time Magazine,2026-03-23 07:00:00+00:00,Time Magazine,news.google.com,https://news.google.com/rss/articles/CBMiggFBVV95cUxObmRrOUtPRkVlNkNCSDdxZzBwMzRybkg0cGt0Rm9Ic3dMOUl3LXJsUS1MWjZWUXJhaFdCTWFmMVUybmhLUDRaOUszUnhfTDd1RG5sV1gyblVXWVJWUGstdHRmb0pILWJjRzFmVk4xVnE5S0xudWttXzQ0bnVNeGRaRjdn?oc=5,Persian_Gulf,google_rss,Persian_Gulf
Military Options for Reopening the Strait of Hormuz: Limitations and Imperatives - The Washington Institute,2026-03-23 07:00:00+00:00,The Washington Institute,news.google.com,https://news.google.com/rss/articles/CBMivAFBVV95cUxNSTRMZGZYMzBUeGlraFV3cklVaVlCRmNOS2kyZlNfaHhQMzR2czZsd2FsT2hXUEpjbHdMZ0ZfOGliUE8wVS0wdUlvS2ctX1dCWDlJeHJXWTZYd2d2eUJpWV9pbjNjSGlHbWF2VmgyWk1LZEdfbDJWTnAyYjJNbk5QNWtUd2VFWTRCZDhlX2hzZlVZTng5UEhyQWhOelhURDQxajZCRDBidkZSNFVqQzh1RW1rcm8zaFJEVVNpYQ?oc=5,Persian_Gulf,google_rss,Persian_Gulf
Iran war: What’s happening on day 24 of US-Israel attacks? - Al Jazeera,2026-03-23 07:00:00+00:00,Al Jazeera,news.google.com,https://news.google.com/rss/articles/CBMioAFBVV95cUxNNlpGMWNsaXk4SXhjN3hFWUZDczFWelVTd3AwZ3cxbUFGSllVdHN4a0FLc21tbVJ6MUYwaG55STdWSTVodjUxRFdiVUpoUHNwM1FzdF9vSzNMSVVtVEJ3d1I4bkwxa216NTFBenliUVl1UGw5aU40MW1NMDhpWDFGcHFhWld4eVl6WENaY0RsNVNEVkw2bDIwNFZidFlmZ1hQ0gGmAUFVX3lxTE5vRS15d1dHVXVlR3Fnejc5bnd5VFJXRXF4LWtfV2VaNV9qVHNYVW9GY2NaNy1oYkZOa3Y4bXp2NHgwWWM4WjZEN2J6akxXVHdQV3laQzdjWDhuNEFHdXpMOHFHa2VmLVAyRTNkOVN2OW5iMnZ1OS1IUmVWWURza3JtSnNpSmVleFlSXzFnLUx3c3F6Zk1qa1dHUnMwLS1HUnRiRkFqd3c?oc=5,Persian_Gulf,google_rss,Persian_Gulf
US-Israel war with Iran: Mapping strikes across the Middle East - BBC,2026-03-23 07:00:00+00:00,BBC,news.google.com,https://news.google.com/rss/articles/CBMiWkFVX3lxTFBLRUpYN0FvVmZYemhQRWd5aE8wVXk0VVhVWkNBVkZQQVRvWDd1OThuSGdvclZBaTd4UFpjS3ctUjlBZlBodnNLaUNYbnJFUDBLenR2cnZzVV9lZw?oc=5,Levant_EastMed,google_rss,Levant_EastMed
"Iran military says Strait of Hormuz will be ""completely closed"" if U.S. delivers on Trump threat - CBS News",2026-03-23 07:00:00+00:00,CBS News,news.google.com,https://news.google.com/rss/articles/CBMiqAFBVV95cUxQbzljM25ZTGhrbUF5R2RCbXF2SEFmS09GRGNoUHBaci1yQUwtVjZ4N1hMWXdEbGFpUnR2a0VEdzlFa3dBODllYlFyMnBtYzE1ZmdVcV9vdUNoX2hPeUZoaFQ4dE4tejhrY2lGRFRUX0NmUXhDaTVzRG9jUFJjVE9QYWZZZHp3Vi05ak1IQml1LXQwTTE3OElXaEppaHBQSWpVT0NRTnRvVGnSAa4BQVVfeXFMT1UwV0VhdlpTeDgwSC16Y213bFFqaWJUS2dNdDNKYk1aM0QxZkVKWi1xSHJUOWlxVk10ZFZCUUotUHJULWNEMVdGNXJxdERyU1FxRnA3OUo5OFU4cThERXdzeFFzd1pTZG9MZGh3dmh5LXFMUkMyOVNsTVZKbi1DeE9LVlQ4TEhTbDViMWtRMXppeU5nVW9TaVcwWS04dFdPRXlYM3RlLUtPODZSLUd3?oc=5,Levant_EastMed,google_rss,Levant_EastMed
"Trump says the U.S. is in talks with Iran to end the war, which Iran denies - NPR",2026-03-23 07:00:00+00:00,NPR,news.google.com,https://news.google.com/rss/articles/CBMiekFVX3lxTFBVX1ZUU2NpdjJacDR4NDdFVUhPWFBHVFVkMVVxX2kzWWNQLWFqYjdDY0ZjMjhEMHQ3YjFTTHFBMzNEZ0F0c3dwbEVzWjFfNDUxaXJZX2Z3dXZxN0ZxclI1M3VsZ1BtQ3pMbFlYSHlWLTctUEZGQXpUTXRR?oc=5,Persian_Gulf,google_rss,Persian_Gulf
"Trump continues to shift course on Strait of Hormuz strategy, raising questions about U.S. war preparedness - PBS",2026-03-22 07:00:00+00:00,PBS,news.google.com,https://news.google.com/rss/articles/CBMi1wFBVV95cUxNWHpUSk83MTlqWFN0T3NiOUo1SE1RbEI5ZmFpMXFNMXJ0QndfczZ6SHZxanl6ZWh0V1Y2OHVac2tZQXVzcDRvNzAyMGU0bThNS0R5VjVjXzN2b3ZaZmx2Z3dETkZFSVlfVDlkQnpEUm1YNzcwZ0NLY2JPV0cyRG5hNEFfR0VzcGRtaThHLTVORlNJRmxwLVlCYlV3Yy1vN1NCWHZXb3dsSDNhSFZJQm5manlFOFhiTTNhc2dhSjdDNHpiQnJwOEE3SmNfVXluWHNxa0dOTmlENA?oc=5,Persian_Gulf,google_rss,Persian_Gulf
Iran war: What’s happening on day 23 of US-Israel attacks? - Al Jazeera,2026-03-22 07:00:00+00:00,Al Jazeera,news.google.com,https://news.google.com/rss/articles/CBMinAFBVV95cUxNZ1BiUG5QOW40RVZMem40bXBRcS1rRWJxamtPOEZRZjEwdzRmTDBjcjBWSkxyRzRlV3IyZjZXMnl6Vk04QXhuWmllYkdkU3BGbFRQblVZQ1Bud2tzRTFjUTRMTUk5VDdQUXBMVC0yLTRIeExzVXhZSUlKRTViNXNQcjQxNlhkc1lzYjVnQS1Od1dQTGdvRkx4SFVRZ2nSAaIBQVVfeXFMTWQ0cFNRVE12RlM2LUFmRkxDeUpYRW5NM1lIYXRhS2RxamVNcDVQNzVmOERYYTdmd2tGcjEyeHZGQU9pRHNOajVoajhYdDZBdWo0b1JLNjRDTlNXLUd6OTVvTjNaT0xJczBRVDl6SUc4X3ZtZUVxYmsyZ3FzaUlWdU9VanEtbWtrMVVta0QyRFB0Y2NqSEQwQWdmbjFvYXN1aFN3?oc=5,Persian_Gulf,google_rss,Persian_Gulf
"Iran attacks near Israeli nuclear site, fires long-range missiles for first time - Reuters",2026-03-21 07:00:00+00:00,Reuters,news.google.com,https://news.google.com/rss/articles/CBMisAFBVV95cUxQQ29IY2FJQXJoaThEam9QRDdIVGtreEprNklEd3FQQUNHeXIwX2RfOHBPc21QVlZrQ1BNa3ZvSjhXd0tXOUh0RGRVUTAyYURycGlaelk2SnJFdzBIdk9KYXlncHFxLW9qNVlNMFJiM1VPMFBnODlVSmtjb3F5bnhFal9MeHZPOEhMcjBPN2xSdWUzUlZXOUpTQTFJdmd5czI1cVVrVlRkRmVhYkxhWFB5cw?oc=5,Levant_EastMed,google_rss,Levant_EastMed
Iran war enters its fourth week with no clear end in sight - NPR,2026-03-21 07:00:00+00:00,NPR,news.google.com,https://news.google.com/rss/articles/CBMic0FVX3lxTFBYa2ZwNDh2Tm1wbjV5ckV4RTRXeDJuc28yVjRQWXgtQzAyVWxRTElpZC1GSnU5MXZBUVk5cmNVTEdWVEt1ZzdLbjZlYVdRVmNpNnd6WV9CamR2ZERQUnMwXzMxS3RwUzVJZGJiQlF3dnd2V00?oc=5,Levant_EastMed,google_rss,Levant_EastMed
Iran’s Houthi Allies Lie in Wait on Another Key Oil Route: the Red Sea - WSJ,2026-03-21 07:00:00+00:00,WSJ,news.google.com,https://news.google.com/rss/articles/CBMitgFBVV95cUxPdkJkNERKcFlUakZVUVpDMnRwY0lFSk1BUVpyYnhNaXlaNDVPRkpqb0Y5NzNSbG5vb3ZISVFpQ0lPMmZQRE5paWlod19sQ2lWcDZ5YXZEWlZPb0ltYmxjb1ZOY1hoQmpTek1kdVRWMjN5Tnoxb3hBeUFLU2VEUWNZbTVtX2VLT21JS3dtTUtNb0NIc3VVTUJDajRzRE1YWHR3VVRONkNaRkpXWU9ibUxIWEFaUXNWQQ?oc=5,Red_Sea_Gulf_Aden,google_rss,Red_Sea_Gulf_Aden
Trump at a crossroads as US weighs tough options in Iran - BBC,2026-03-21 07:00:00+00:00,BBC,news.google.com,https://news.google.com/rss/articles/CBMiWkFVX3lxTE1HdHpOM0JFTF96R1dlUEtVcFFHckhjeV9CTU5nb0pDNXZiRlYzYVVCeHRPS25uS3FRaVF5SzI5eV9vM25Mei1Ydl9BNWNUNU50Sm1yRWJBZ0xRZw?oc=5,Levant_EastMed,google_rss,Levant_EastMed
Iran war: Strikes near Israel's nuclear center injure dozens - DW.com,2026-03-21 07:00:00+00:00,DW.com,news.google.com,https://news.google.com/rss/articles/CBMijgFBVV95cUxOM2JWM1dYWXB5cEFtc3MzSUx4XzNLQ0haNERCUGJ3Qk84M2UtQjJtUUI2UDRKV3lIcEE0VjBGcHJENEZIRWYzOTdjbzNTckdIUlREMEFIbW5JaWY0MmhJNzEtUWhnRDVqYUl5TG02VHZMN1ZxMU9yTDFLNDZlRG84dlQ3SHFTUU5xYmJjZXZR?oc=5,Levant_EastMed,google_rss,Levant_EastMed
Iran May Close Bab al-Mandab Strait Amid Shipping Disruptions in Hormuz - Sea News,2026-03-21 07:00:00+00:00,Sea News,news.google.com,https://news.google.com/rss/articles/CBMipAFBVV95cUxPWXBGc1dfbTJpSUw1d3FCOGRWR0k0emFjT2NvN2FBUVdjNlZiM1pFTmNHc204UDhPVzQ0ckZ5QVh6MzYyYngxUTVScHFsLUROTzN0dEpadnJHMWJ6T3FOZXdKOVpoSzJkazM1YlU3VmVDVVZTU1ViQUtscVdKam9FT3V2d2pUcWRTMnJzTWZ6QUFsazBHTXNKRThSeG90YnRDdFJVQQ?oc=5,Red_Sea_Gulf_Aden,google_rss,Red_Sea_Gulf_Aden
Iran war: What’s happening on day 22 of US-Israel attacks? - Al Jazeera,2026-03-21 07:00:00+00:00,Al Jazeera,news.google.com,https://news.google.com/rss/articles/CBMinwFBVV95cUxQT3ZNV3EtM18yTjlzZDNUYlU3YXljZGRUY0o1N1ZXQ1FvXzVOWG45VUJ6SW1kNTRhU1hEQUpGMzVRVE5pUnNMazZ3VGxHc0lsZE1YRnFudndka255bTVEMFJnM2ZhdkZNdDdLbDIxWGxpbnBzRjlKQ05TWEJoR0JOekFncXpucVFHd1A4UVNnak0xd0lHMmxFemU2Ti1TTkHSAaQBQVVfeXFMT3V5aERRUlAxQmFnYk5NQXZ5ek9OaXhRdlVJTXVfbm9teTRsWDBPNmJxTG1hUW1kTkd4YXZaZHlSdTdlWFdWVGN0ZDB0QkdoOWhGbkRyZzQxRm1GN2pVMEJoWE9xWlRrcmRjYWNOY3NhX0d4REtuR1I2dUtEamJkMVJfZmdURHllNmRnb05qbTRUOWVqR1NxSTR1RmFhRnc5UWpwVlg?oc=5,Levant_EastMed,google_rss,Levant_EastMed
CENTCOM commander says 8K targets hit in Iran: ‘Their navy is not sailing’ - The Hill,2026-03-21 07:00:00+00:00,The Hill,news.google.com,https://news.google.com/rss/articles/CBMiowFBVV95cUxNRWxneDVqMUpDbkNwNnpkUFJsYlJZZDRab2txcmtlWXZVODRhazFUeEFwRWVONzE2MFZLWVBfVlZoZlgwTkQyaWdKOXNxdWNVUTdHWkJRTTdiaVhYc2g5MmZwRnVnaWVXdm5yc0lyU2JTWEJKMWpFTnRqX2t2dmQ1OGlNelBLUWd1NUlHajc3VnN5dVhDeXN0LWpzekVqZ25lMlA00gGoAUFVX3lxTE92UXdweHhfWEJ5bEtTYzEtMXdRRWstam9fTEhRVEVLQ0l5ZEx5Sl9id1IyVDFoYkZObVl3eFZoanhXa1g3TjVldVJYR1JMaUJDY1RiNl9HcjFDVkhCYlluTUdSQkVRQzNjZ1NLZm84czFHNFUxaXRoVEdkR0s2RUx2eDhkVHRxa0xGWGJodjJEeExuelJrOXI3RGk2WVh4dFF6Zm5mekkxbA?oc=5,Levant_EastMed,google_rss,Levant_EastMed
Zelenskyy says Ukraine is using drone expertise to help 5 countries against Iran attacks - PBS,2026-03-20 07:00:00+00:00,PBS,news.google.com,https://news.google.com/rss/articles/CBMiwAFBVV95cUxONTV3QXEwRnl4WXFpNnBkSFVMNHdtc2xPclFUTkYxVC11SHpYVjZyN3UzX2pCM2stS0RvMW85OEx3YWlPOU5fMTZQQ0MzbWhTZ0diLTRIT01nMlNwX1B1b2dFMmlCdGJtUHhfS0tnQlRtSDd3WkVPMGJJM1h2QmZDRDZMTzAzMEw3NDl3aXZ0TVVqUl9OTDBvWXVEYUxCOU85OTlWcXZZQ0hoRl90NzZrY2lqVzItN1k4aURCMDVldjPSAcYBQVVfeXFMTUFkUDBqS1pIam93Q1IxaV9Rb3NmT1pUY3lGdHpwUF8ybnplQ053Vk1zRW5OaGdnSWhIS05ocFNORU1IS1RzbEFTdjU4ZC1OanJsRnNicmVXaTdodjdHU2E1SkRlMTJOZTVuMzFYNGpiNWNLWjZ1X0lwRjlPSWNOaVgwNkFtZVpoRklYZnFWQkdNWFV0VHdiTmpQQVpVdVVkVzNNdWgzMTc3VVNfbENhS2JXM0dDdFgxeFRVZlc1ZzFkUmZqUWln?oc=5,Black_Sea_Ukraine,google_rss,Black_Sea_Ukraine
"Iran war escalates, energy prices spike after Israeli strike on South Pars gas field - CBS News",2026-03-20 07:00:00+00:00,CBS News,news.google.com,https://news.google.com/rss/articles/CBMirgFBVV95cUxORFVCUi1adnVxSDVZenBIZEE2dWVlMS0yNXZ5Uy1vRnk0NkJzTFRKZExlNjQ1LTcwOVBSN2VtQWNxVlhZMndkdnpmQTluNjJpQmdwZG53OE9yVExBOWtMX0JtZERCS3QtVFpNemhxTzJNSjlnNHVCeXF3eHFUMkJsT2ZCcU5CdG1USWZuMVFVdDVHOGRONkpVX1VyWC1IM21GemRMTmVTTWtXYzZ3akHSAbMBQVVfeXFMUG9aOVR6LU5QNS1xVDNfdnhWVkFaT2taQWNWVl8zZjhhWjhUR1hqb2ZtOHo0SXBGclhyUG5KQ3h1TF9CNldFYnN5S3p5aGpMa0VMYkpyWVJfRXk4MnVuWVI0RU1Jcm5Ya2w5dTRnU1pqNTlET0MweGdZaU5FdnVHRmYyYkU0SWJ1VmJUZ1QyaDFSeWV4Mzh3NWliLU8tdnc4MzhXYUg2VkVQV25YMk1RY0IwZ2s?oc=5,Persian_Gulf,google_rss,Persian_Gulf
Live updates: U.S. deploys thousands more for the war as Iran threatens world tourism sites - NBC4 Washington,2026-03-20 07:00:00+00:00,NBC4 Washington,news.google.com,https://news.google.com/rss/articles/CBMiwAFBVV95cUxOdnBTcGRiS1hUa0pMYkRER29TOGRvZ2txSG9BeEowWHVGZ2ZOSERTN2FULWdiTWNYV0xWOXBHN1pqM2trNG1PdFhZMlZHUnFjYlN2Um1nYkNxVE1pMk45Q2JiNTBBTjh5dXZWRFVZbnFBY0FZZ1FGQWFhMFphQXplS19OVU9aUXJsS0h0WG1mWUloaHZwRjllYmh2QmkxTV9LbWNrVXhPZ0VHTGVUNU5TVWJmVEJCbkJpc3hQYTlTeEnSAcgBQVVfeXFMTldfblloWmUwT1lrekVRWUxHS1p1OS15VWhUX0FVOXRLc0tGUTdZVnNfeHF2RXZNd3B0YzlvZmFPQ1FqSmhTUVIzLU4tcUx6Y213YlJJQzl3YkFfSUxHQ2xIR2Y4aG1tNHdELWZRY2RSTHIwQ2MwNGpBWm1iQlNiaHdxdW9wTnJKTnJIVTlkTkJvZVdNdkhGY0hKemtaUkVPVUx6ai03aFJWUFQwTVdna04yN2p2cFlTMktaYUxYVDlfTjRCWFRVSEQ?oc=5,Levant_EastMed,google_rss,Levant_EastMed
Israel says it hit Syrian army camps in the south after Druze ‘attacked’ - Al Jazeera,2026-03-20 07:00:00+00:00,Al Jazeera,news.google.com,https://news.google.com/rss/articles/CBMisAFBVV95cUxNOVBiQ3RCNUVIWEZzakpXOThGRlMxY1hzVGxqeW1yNzlKNnB0UGJqMUFrOGNrckVwM0FXWi1uajRIMEZSNGJyX1NlZFIwN0NuYUJnV2xIcWNCMVBtamk2M3hxMUFOdU5HY2tVZkd4WHEyVUhPY2h3bWJFeHFQdUg3TzI4VG52LU82b2tBRzVndUxienhTY0FxUUlNWnRqTGduWXVaazhETTkwMnZqRzQ1MdIBtgFBVV95cUxPMm9qRFU1cGNBX1RMY2VUWVFVREd6dGVXZlJYeFlOUDJTeDJKMnpibkYzekRrUjJXZl9jSlVNRW13OC16Z1V3M3ZKT3JpbHViUzE2cmY4a1IwUHBWVEJJRTY3TUtuNnBpWURGdTdYanI1UUV1RmxJY3NIWDNpdmxnaW9MWWxyQ19hcjl4cmdOTE5QTE9FLU5uc0FlZ3pPYklZMzJQNXBGNlZXSGtiZXRoNGVndTVtUQ?oc=5,Levant_EastMed,google_rss,Levant_EastMed
"Trump says he mulls 'winding down' the Iran war, even as more Marines head to Mideast - NPR",2026-03-20 07:00:00+00:00,NPR,news.google.com,https://news.google.com/rss/articles/CBMijAFBVV95cUxNT2xrYnF6TlNvRDZoS0RtX1kxQV8zUEk3WGVPaHFHdWhZekRRWS1CMUdkQ04yTEZDUnVwd2x4dXVhaWlLb01Nb3hHRUtsbkFrQjhBWEx2YWlpb0VWN3laRXRBVHRhV1R3UWVoM0QxWTA3ckZVTVVoMlhOMGZ6M3BhWjcxa0JETFNJZXV5Yw?oc=5,Persian_Gulf,google_rss,Persian_Gulf
The Houthis Prepare to Enter the War - Middle East Forum,2026-03-20 07:00:00+00:00,Middle East Forum,news.google.com,https://news.google.com/rss/articles/CBMifkFVX3lxTE9kQXdRVjhTNVVYeTQtUDAteGR3NnZ5RDQ5TklzaFRZWk5CWGNWWEdId1JQLUYweW15ZVFWV3o0Uml0Ukp1bXFlRVZQM2pBMTNwOUFFemFlRWN1VjFtR2hBdDZSZ1ZJV21MRXVBclVKYmV3bUxMUHM1ZnQzbmpUQQ?oc=5,Red_Sea_Gulf_Aden,google_rss,Red_Sea_Gulf_Aden
A Look at the Escalating Battle for the Strait of Hormuz - The New York Times,2026-03-20 07:00:00+00:00,The New York Times,news.google.com,https://news.google.com/rss/articles/CBMihgFBVV95cUxNb08zSFhzMkRTVWhaZDBudjQtTlNQWVp4T0llc1JFX2VDdmM2WS1LTGhhbmZ0ajdOSTNKcENPTmktNks3TVlldUZaQ2c2c0hfV3BmZmdXcTlsOFJLZWV1NG9tYnlKWXNPWnFNWmt6UzloZzlLakdtdS1TQXRVV1QtZWZNVm9uQQ?oc=5,Persian_Gulf,google_rss,Persian_Gulf
U.S. Military Ramps Up Assaults on Iranian Drones and Vessels to Clear Strait of Hormuz - The New York Times,2026-03-20 07:00:00+00:00,The New York Times,news.google.com,https://news.google.com/rss/articles/CBMigwFBVV95cUxQZzA2VGp2dzJkeUU4LTZuWW84bl9JOW5XX0VrQTE1SHNIZTFQbHNrT2hDRk9ORUJNM2ZDcGNPU3VEMDJFNC1Vb3pkb3JBeEExQ2V1bnlYR2RQUmlKcW54ckpGc2lENVVsN1JHUkMxVy1YOEpsTjRITWV1ZndUc1BvVVZaUQ?oc=5,Persian_Gulf,google_rss,Persian_Gulf
FPRI Experts React | Options in the Strait of Hormuz - Foreign Policy Research Institute,2026-03-20 07:00:00+00:00,Foreign Policy Research Institute,news.google.com,https://news.google.com/rss/articles/CBMikgFBVV95cUxOTndxUEtEOWJlZkJ0OUs5dHhSOVg3WVNPQXNTT1N2TTIzRFdsdk14WXJiZlhmZzVUZnJHTHQ4dmFaUFFqeXZ4OW1KNTUtRmkybmMzSnRoelFRUEQwUVAxcVRfckdwa1dMQ3diSzhRRVJLSnh6dGtENl93TGRWZjhwM1R6MmwxZThPVEJyMGt3b0ZRQQ?oc=5,Persian_Gulf,google_rss,Persian_Gulf
Iran threatens to target tourism sites worldwide and says it's still building missiles nearly 3 weeks into war - PBS,2026-03-20 07:00:00+00:00,PBS,news.google.com,https://news.google.com/rss/articles/CBMi3AFBVV95cUxOSTQyRFM1dE03MXExaXc0LUJRcEdMTlhJSXFIbTRwSVdKcGVkbVJmUXdzQ2FELTJydXVKVXNhV1RIdXdhdkpac2lJeWl4VGNsXzV1dHMyMHpEMmdrbkVLQXByZG5PRlB4UjZ4UkhieGhmZ0tzdXdJTGxUNXJERXlBQUN2dVFXR3ItNTFnMEktdzZuOUQ4ZTRRMDcwcXNxZkJkTndjbWdzd2doVnNkTm9fbFFpR25QSzA2ZDFGVmRMNjhzbkxZVTM1TUI4M21NaVVPM1lKVUJIQ091VHZz0gHiAUFVX3lxTE4wSkFiaXg0MVFmOGh1MEN6b0N5V1FSZUVqb0FiUzNtZy1Qa3dRT3VHaFNqNzRRYUt4aUE0ckU2S0kzQXlhZWtxZXAzN1R6eFBBTEJPYlhYS0R3UlpTV0pqb1hFT0hiMWxDRld4cG5BQ3Jab0EyYnRhd3dUNEYybUVZXzdpaFdTLWxoT3QyaTc4Uk15Um9UMjlmdVEyU2JCNjdyUTFXa01kck1TYmZPOVZreGktNWpkZmtSSVJwU3FmZktqd0NJTHJaYmZabk95QkZlNmdZM3hzSHNZeGZhalJRTlE?oc=5,Persian_Gulf,google_rss,Persian_Gulf
Drone Attack Damages Key Russian Black Sea Fleet Air Defense Service Center in Occupied Sevastopol - UNITED24 Media,2026-03-19 07:00:00+00:00,UNITED24 Media,news.google.com,https://news.google.com/rss/articles/CBMi2gFBVV95cUxNVnJNQjFZUkFESDNUQlpUSktEVWxTX2p4Tk9CN1VhTnRaNEdlazRKNVNSQWludXl6UzZ1V3ROR0N6bzhBU05tMGNXLXc3SmFJZklic3F1R0lxTmJaV3ZXREFueDVtamNXZjM0b0lwZmRmWjd1ME9fX0JyX0diWHhZX25FQlp4bTBWTFEwZ2RRUlFyVHhpMFU0aEVwLTBPUjZaZjBJQndLcDhLdDBjX1U3LUpMdDljWmQ2ZnRJeFM4aUphSGpmWXJIRzA5VkVCS0lqWmZHRnpnRmt2QQ?oc=5,Black_Sea_Ukraine,google_rss,Black_Sea_Ukraine
Possible Implications if the Houthis Enter the War - The Soufan Center,2026-03-19 07:00:00+00:00,The Soufan Center,news.google.com,https://news.google.com/rss/articles/CBMiY0FVX3lxTE1hdVJoMUNMeF8wMGFWcWNCRFM5Q0trd2pZVUR5cklWa3Q2SUxpREhObzBqQ1dBY0lSc2FOb0RDaDU0QzNDVTZ4aEZkc2VoMDdsdXRjbzNsZHJRV0hZdy00SjJwYw?oc=5,Red_Sea_Gulf_Aden,google_rss,Red_Sea_Gulf_Aden
Exclusive: US weighs military reinforcements as Iran war enters possible new phase - Reuters,2026-03-19 07:00:00+00:00,Reuters,news.google.com,https://news.google.com/rss/articles/CBMivwFBVV95cUxNWThGM0NZUFRZN3dXTzB4SDY3OWM4Xy1JOVoxT3JaYy0zbjRTZXNLenJ5TEJpNkp4RnYtRWZzSF9hRV9IdEx0TjFRVlhPaXFXWHBRT1VoeEwxVVAtMkt0LWFwbmwwcnVKcnRzdldPaE00RDlISkJ5UTY0bTg5eTB3NXRGWHpTa1Q2Z2FDMXRoVU9SVnlPbThMSmpCem5IWDZ6TWJPN2dVUUhjX3BTRm1OOHpHQmVMcVF1U3FMOXlkZw?oc=5,Levant_EastMed,google_rss,Levant_EastMed
Scared Strait: Ending Iran’s Threats to Hormuz and the Gulf - JINSA,2026-03-19 07:00:00+00:00,JINSA,news.google.com,https://news.google.com/rss/articles/CBMikwFBVV95cUxNb1hHdmlyenRmZXExUTlQR3VCNWRXXzV0NTMyU2pBdmh1SlQtS2lzSW5JRjBsWml2bC1QSUhSMDdOWko4TE5XVEJqbGpxTGhHbXZZSTRsdzdoMnVGczFXNEIzTzcwU3Z2QVQyLVlUb01hOV9wdlB1TnhDRk5rSmljTkhQUmJPX2toSVNxZnpBRlZHZVU?oc=5,Persian_Gulf,google_rss,Persian_Gulf
Iran floats Hormuz transit tolls as Persian Gulf states warn of military response | Iran International - ایران اینترنشنال,2026-03-19 07:00:00+00:00,ایران اینترنشنال,news.google.com,https://news.google.com/rss/articles/CBMiUkFVX3lxTFBFT3ZZaTVqRVhKU3djQ2toaFNYbXZYSVFnNWozZ0tNNldvZEZKdGVwTkFrd1RiRlRZU294LW41UGtFbGNENGxuZWNNZ1A4dXJYbkE?oc=5,Persian_Gulf,google_rss,Persian_Gulf
Should the Gulf Arab states join the war against Iran? - Chatham House,2026-03-19 07:00:00+00:00,Chatham House,news.google.com,https://news.google.com/rss/articles/CBMiigFBVV95cUxPRkRqNjMtbFA2Zzd2WWF0R1E5dmZ3dXFEcUpiS3M4UWt4WWtERzhDSndqTmNqVUc1WERjcnZPMXZFTHRLSlVlWmJBYlhqRXpxNF9uUGNxdl8tU0o0TmpiTmNkaC0yWDFrcktOT1UzZ19YcGJ3NjZ3c2JrRGl5UTF1dGhJUUxPZ1NDMUE?oc=5,Persian_Gulf,google_rss,Persian_Gulf
"Moscow says Ukraine peace talks on pause, Kyiv says new meeting planned - Reuters",2026-03-19 07:00:00+00:00,Reuters,news.google.com,https://news.google.com/rss/articles/CBMisAFBVV95cUxOVE5hSDl3TW01YmhCdEZ4UWlVYWpXUFdQTXRfd0ZkZ01sb3NLTmhNNFZZdmtwc2xFNzZNYzYtaGUwbkx3V1FwV29WbndpVktuZER6dTFkdW5LdGxYZWpMTkc0aHMzYk9PM25QeEtOQXRQOVBhaVNPdUNaOUlRQ21McTB0d183Ujh3d0s0MDA3YVViSjc1NHgwT2E1Z2dlaDAxakJNWDA5V0d4UTJ6OVpCXw?oc=5,Black_Sea_Ukraine,google_rss,Black_Sea_Ukraine
"Iran blames Israel for gas field attack, fires missiles at Qatar and Saudi energy facilities - Reuters",2026-03-19 07:00:00+00:00,Reuters,news.google.com,https://news.google.com/rss/articles/CBMiuwFBVV95cUxOTVhHMjJPUHhnUVdGdEtLWTZ3MUgwanJydGkyZkJ5bWI3WnFKVS0zREVmRGF4RzBhU1FUT1VEWjJLUXZ5VFBRaUtzdGtONGY3MHdlZDV2SkU5Yzc4cWEwdmJuY2sxSVl5NEtITXpRMFotTHltQkRIX2ZobHZVQ1NmZFp2bExPbjhuZW1WUm1WLW5DMlBkVjVNYjhWMWE4emR4MnhNb3k4ajlVU1l3YWtuQnY4eng4bWI0Zkhv?oc=5,Persian_Gulf,google_rss,Persian_Gulf
Trump tells Israel not to repeat strikes on Iranian energy as crisis deepens - Reuters,2026-03-19 07:00:00+00:00,Reuters,news.google.com,https://news.google.com/rss/articles/CBMiywFBVV95cUxPSDA1bGlRbVZ6OENrX0FINVNCZEM0T0l6aWxkRjk1UnhmVjZ1UTdlYmVLX3hRak5XbDZVZ3RhVlBVVDVsMU5FejhEcGJKT2dNQzZGVlZIZ0hDdnpsT0JHWDZHRDctSlNtZWp6djA4dTlXNWRPWWtyOUVuVnFzMnpZNUVsQlAtSUJKSDAxZ2YtVWNQS0x5Y1RfMHUtZjA2NTFXVjVUVzJjbEVLeFBsT1RONm9wa19QdzNjT29mZF9jX0RlVzNjOVVlSjJKSQ?oc=5,Red_Sea_Gulf_Aden,google_rss,Red_Sea_Gulf_Aden
"Trump threatens to ""massively blow up"" Iranian gas field if Iran attacks Qatar - CBS News",2026-03-19 07:00:00+00:00,CBS News,news.google.com,https://news.google.com/rss/articles/CBMipAFBVV95cUxNR3J4NDFISFF6T0kzdlJHRVk2OXBLYzBLOU5vd2Vnd0E4aVJ4UFlnbDVWVk95VVg1RkotVnpfRHp3ZTR0NlBaeHRLQkJmN2E1b1hJUWtoOFVPNVZSa2wzTC1HOTZsVXQ4RlhvZjJpSEU1UUxzcjFwdzE1YzdYckU3MkZCVUhCZUcwRVJRZkJYRm1wMDkyRkt0WHRXbHU1RE8wcTJPRdIBqgFBVV95cUxQejFyZXZKQjdWcEFYRzRWR1U2X3VDM1RGcFFvamt1aTlUcWladlFNc0ZSM0wxYUdma3otV3oxX29iTnI4SGdmVktKMTdGWkw3SUJabGRBUnZJUGFZa2RadThBZF9oZ0RnU1d6WmttMFlKSC00dWF4NXV2UnJtVm5lV21EeVcyVENrZ3Y3Ykd1UVplYVZ5dy1oLUlrdGl1SEdubnRma2hYNzFXUQ?oc=5,Levant_EastMed,google_rss,Levant_EastMed
"Saudi Arabia has the right to take military action against Iran, foreign minister says - Reuters",2026-03-19 07:00:00+00:00,Reuters,news.google.com,https://news.google.com/rss/articles/CBMiwwFBVV95cUxNNTBKazEzU2pILVlKZ0ZvNFhFLTdHVVUwRVUyY2o2RkIyd1I2M3lFdk9qQURBSi1TTnRtVGVoVkZVN2NqLURLc1lJRnZtMUdoOWlPbl9IQ2t4bFp2dTV6d2FoS2N1Yy00TFlGeE1aYzJQNXJ5SnBZdW5KdUhYMHJGMjNPb0pXUk9ueDNUQkZHaWpLQVdWNjBhVm9CaU96MnJIbjJ4YlFqLTNOZnN0aHFCY3RGZlNSQXQ5enZYU3Z6M0dhM0k?oc=5,Levant_EastMed,google_rss,Levant_EastMed
Iran intensifies attacks on Gulf energy sites after Israel struck its key gas field - PBS,2026-03-19 07:00:00+00:00,PBS,news.google.com,https://news.google.com/rss/articles/CBMiugFBVV95cUxNaFVCX2djRl9zQWlmMl81bVd6b3pqbFlOdkl3V0dFaGFKS21DX0FDMXB4cVVWRDljcl9zTkdvUk5CU2V5elliVENtMmNMaHRxS3hqSmJXQk5qMmsyT0NocUNTQnRialNoZ1czaHJTZlhfRXd2Z1djazQ0a0JQTlpjMFBPRjdvOFVJT1ItenBfUlJhbnpoY2ZpMWVsc2ViVUVpU0pNMTAwdWk4REVoZWtTTXdud1daU3FmWnfSAb8BQVVfeXFMT3pKRTZ1dUREa2dOdTMxS1Q1TWg2MWUwSjloRUJlcFpFZHZ1SHh3QlhfYXdDa05OUDMtSTk1d2xWOXFTVENxSWZXcjFvaUp1V2JxaTRlNC1ucFZwYnVyZ1NpWm01ZWwtTEt2QmlBZHF5V2dfbEhHU01xRkQyd21vNW9xbGFBZm52bnlLbzNsUjNGajVQb1ZJY1hnbEtGbjVFRkRKQ1YxSEhXTC12M3pBXzEtZ2xPZXRuX194c0Zpb1E?oc=5,Persian_Gulf,google_rss,Persian_Gulf
Israeli bombardment across Lebanon kills more than 20 people - Al Jazeera,2026-03-18 07:00:00+00:00,Al Jazeera,news.google.com,https://news.google.com/rss/articles/CBMiqAFBVV95cUxOQnFvSFFNMk5KRm1TeVRkNHZqQk44OTdWcjdoUXZSYmlRY3VFbF85ZnJ4UDFmWGJlSmNvNTBTazk1SngtRUFVWkJCSnJKMVhiN1ZjMG43WDYyclhnal91OXBDeWhRNUFiN0h4VU15R1JMeklrenJOajFoWGZfMDVjUUN6ckhIUkV2NXVMMk1Dd2JZTUowR0ttMWV6TXphdjhBSEF4NUU3N2_SAa4BQVVfeXFMTUhvTXJDTU5LVjRVQ2JxNGwtbFBHMUlldDBjS190QXA4aFJPNE5iM1JRbTI0TV9FRHdQbE1mTGRBd1NpcnphOWZ1ZTRHNVRvVjNKbUxhNkxSZjZORzRGMDNVU0hHMC1xVkRJTDNkMG9uXzlreUhzTkkxckRkQzVqN2dlSkE1ZjctSXZfQ1Z5QVpIOF9STFhEMWtTMW5VemQzOW5TdGJoTGZDbS1oMWFn?oc=5,Levant_EastMed,google_rss,Levant_EastMed
Iran war: What is happening on day 19 of US-Israel attacks? - Al Jazeera,2026-03-18 07:00:00+00:00,Al Jazeera,news.google.com,https://news.google.com/rss/articles/CBMinwFBVV95cUxONnpxUm1tT1UtVDVMRG5XUEJkSjJIX1o0d1pjR3g1QVFrVW9DRlk5eGp3NC16QnhxbnRtaGtWX2lJWUxmWWx0ZGhzVF9KRGRKaTNXY0F2aGZpSnFjbC1HdDNXWGVIUFFjQzE0NjMtNmFTVklKX3JUemYybXNEMG9iZEs4MTd0SllHOGtQb3RHdEFwWjVQMWFwSGFlQzFCYXPSAaQBQVVfeXFMTmNDU2JNaDl2N3VXcXBmZ1VrYVVXVjhkV1h4X0RESTlsaEo3ejZReWJ1OHlRdVY0dUE0bXFfSDE4em1vZkFNM3pZQlljbnRDc1lpMC1mT0dNZnY1Y2NBakdTNGUtSG5zRHlBNTVHdzlnd25DdTZZbllTTWxVTDJwcEFEZEhwOW9vT1ZUM0g2c1hhV2lENndBbVhhVUxES0xlWFZQa2I?oc=5,Persian_Gulf,google_rss,Persian_Gulf
Iran launches ‘revenge’ missile attack on Israel after assassinations - Al Jazeera,2026-03-18 07:00:00+00:00,Al Jazeera,news.google.com,https://news.google.com/rss/articles/CBMirAFBVV95cUxOT2lZSVpucEVVdi1hWTlmcXBNaFcxR3ptOTFNZ1Jpb2NLNXBaNWFIb0Q3a2FkeWxsUnUtMlpZTjJENEwxUE9TMmV6aklDdFNSRzlyVl9xZXI5OHFUVE9yMWQwbEFMeE13cGZnVXFnMVRCM19pR0JabnIyX0NrNWhJenF0WllZcXBiMEtuU1NqMUZwbmpaQlRPRXd5UzQ2TElnWkFoM2ozZ0VpdDlK0gGyAUFVX3lxTFBjN0hxWnZ2V0JsMUJWNzQ0U1RIcmpiRjhsWENIWEVpWTlGdVJ0Ml9hWFg4eENYTlMydWx6OXdsZk9iSXByUzR4ZWRQRWtWYmtKZE9NeXp6SlFRb3ZBVXJyUGplR2N1ZmgtOXRjTlBGdjNpanRORjI2eTdKZ3hOYUpOZG5FOGctZzBEb013VXp5dUV1TkZkY3hfQXhPNmdfNHpDRG4xN0dVSkJmc0R0ak5odFE?oc=5,Persian_Gulf,google_rss,Persian_Gulf
Ukraine war situation update | 28 February – 6 March 2026 - ReliefWeb,2026-03-18 07:00:00+00:00,ReliefWeb,news.google.com,https://news.google.com/rss/articles/CBMilAFBVV95cUxOWVp5d1BrLXVCRWJsMlZLWXB1MDVGRmVyMmRPbFh1bm40UVMwM3RLRmU4Nkktc1lkbUNnUlJmX2RiNTMzMlZaZklGbXhiOTJNWG1yY19iUVE2bTEwYndtZ3BCNjhRM09Fc08tcTAtMC1ielRCVTh4U0x5WDhrdGw4d0dlZ2oxMjJuNWlXakFiUzVVQVpY?oc=5,Black_Sea_Ukraine,google_rss,Black_Sea_Ukraine
Israel kills 2 senior Iran leaders as allies reject Trump's call for Strait of Hormuz help - CBS News,2026-03-18 07:00:00+00:00,CBS News,news.google.com,https://news.google.com/rss/articles/CBMiuAFBVV95cUxPYkZ5X1ZvQW1nQXFrVC00SFlzWHZTcjYxQnNoYWNEUnd3NnFuMzV6U2hKald6d0ZiSHVHdUxZSm1ST3dfZVRJOXJMZHFlN05EeTFBQ1VBVktTNEE1d01fY0FOVmx4OGNpT3pac1E2QlVtT0pCMkRtRW84dWgzb0pHM0gzeF96dm41b3lPX29pZUcwVzQ1dk42ZjRpaDN4VHdueHBMaXdaOTY5blZINXozRTR5cmhBa0pX0gG-AUFVX3lxTFA3ZFFZZEY0a0c2cHJkVWwxM0FTVzlwWlBnOFd4dUNwWEFLa1l4d2hDV3Nyd29FeWpwdXpuQldGSlI4UnZvQkhZb25jNFFfQjZtaklQY2tUdXZWT2o3NGxaZGpSUFVINF9Zd2p2Wk0xVlFjOW1ycjlOSWxMODFzRmVUQmhFZFJpLTl1aWp2SUVoNDlYa0lmSU92WDZSVEJHbW1OU09NdnRSRWFMNm02WnpnRzBnb3VhTE56RWlxS0E?oc=5,Persian_Gulf,google_rss,Persian_Gulf
"Iran fires missiles, drones across Gulf, region remains in war crosshairs - Al Jazeera",2026-03-18 07:00:00+00:00,Al Jazeera,news.google.com,https://news.google.com/rss/articles/CBMisgFBVV95cUxPbVVqME9FcHJCWkpLN3V0VFBJUVRJdjNhM3NTTVE2ZUtZUlZWcFIzaFFVVUZFUTEyWDFkOHJxTFltcVFSWm5fTExlMzFmcVhnSU53T0VRYU96QWV3MFppZGd5S1QyT1ZRanRCUjQ1LUhDbFhCZjdfWVBZTVdxMVlnNlRyY0tKWFZLcGlOZmcwR1IxLTVOQ29LcllMWXc1dWlLUHBxbGZCZUVHS1V2Zk41U21R0gG3AUFVX3lxTFBwMHZoS3dpUC1leVNCVmxOdWRhWXNsQzgzZWJmR3FjZW1RUFBRcHN2MFV6WFF6SGFfTDNmUU5VNWVJb0otS0pfQWc4MGFfTkFWRDUxNlZ1VDEwZTMydml5UGREQmM4Wi1QUXUtemF0VGREQnc4ZzBBTnZVemVZODZuVmZRNVkxMkd6Y0x6bmozbm5hUFJfYVJNUW13WDVMVExDalBZZmxwMGtLV3VZSjBjd192RjluOA?oc=5,Persian_Gulf,google_rss,Persian_Gulf
Missile Attack Kills at Least 3 in West Bank - The New York Times,2026-03-18 07:00:00+00:00,The New York Times,news.google.com,https://news.google.com/rss/articles/CBMieEFVX3lxTE1tVnlOakNMOWNBeHY4ZEZ2YUNJcm1fa0lwYUp2enhhMk42LVU1YTdVN1Fkc3VRUzJrQ25iTE1BWW83X3g0TzBXMkRycTdNcmUtcU55SEhOX3A0T1gyZ1liQ1hfUnNOWS1JLU1hd0RQa3g1SUpMUG43Ug?oc=5,Persian_Gulf,google_rss,Persian_Gulf
"Ukraine faces missile shortage due to Middle East war, says Zelensky - BBC",2026-03-18 07:00:00+00:00,BBC,news.google.com,https://news.google.com/rss/articles/CBMiWkFVX3lxTFBTVVlzdHZwNW9LNW9OS3lwZGRCN3BzcGNzRjRHSVpMektPdG05NDAwVFFwMlBWakhGcVlpeXZYTWFWeE1MX1ZCY0lRbl96R09uS0VxS0pXVkxjZw?oc=5,Black_Sea_Ukraine,google_rss,Black_Sea_Ukraine
Iran Conflict Maritime Update: Three Months Into Operation Epic Fury - Homeland Security Today,2026-03-17 14:34:07+00:00,Homeland Security Today,news.google.com,https://news.google.com/rss/articles/CBMi2wFBVV95cUxQeW9tcDVCb1lpT3FnU25uZXluRDNzMUxVM2tYV1dfRkZReU5hX3JURkY4M3lkUUZIMTc4MTZqTE8tZ0ttekxBNE9vZDhIYzNNNmVYRzJ5MzNaTGkxcUZwYTdHSnFWVzJxRHFFSXUwT1RWc1FsWXJNY1R0djh0eFR4S2hpV1h1Q1BVYlBFMllXVXFMQUJXMWhFRUhnTHBRMUdYeGF3cXN2ZWtpYWxxT1M3aEhjTklrSFczZUNLM1VGYUlUVWpSVUs1TVpFSnY3cUR2dk5WVkRMRTNZZDg?oc=5,Persian_Gulf,google_rss,Persian_Gulf
How China May Proceed in Reaction to U.S. Operation in Iran - Institute for National Strategic Studies (INSS),2026-03-17 11:50:25+00:00,Institute for National Strategic Studies (INSS),news.google.com,https://news.google.com/rss/articles/CBMiqgFBVV95cUxOMW12MElxa3BEb0dYcjg0WHNBYnNkczk4V0F5bWJqcTh2OTFuLW8xZG9ObGhSMmh5QnAxaWVxODJxRzU2cmwxMHJVcmdKMWwzOG5qWl9ZdjRTcUljR015bm1rcm1Wc0RJUVczRzViUmJ2ZFpJZURJSHR4dy1YRWUwdHkzUWVDWUJwc3JpNlRyQ1FRbXVDeTlhVHhaSldMV1ZVT1hZN1dJTG1kQQ?oc=5,Levant_EastMed,google_rss,Levant_EastMed
"Iran war: NATO making 'mistake' on Hormuz, Trump says - DW.com",2026-03-17 07:00:00+00:00,DW.com,news.google.com,https://news.google.com/rss/articles/CBMijgFBVV95cUxNR0NRdjEwcERobXJBdHV0M2RvUVl4akVTaFpxQmhVbFBxZ19qbjhjalN5RXROd0VfS01jdHZRbzcxNGpyUHJLYmY0UnhSN2ZBVE9hYjNCVzRBVmtVWFFpVG1rRUFseTNRTlNPVDdOZFV1VUp2X0VVdEVCTWtrUTh0TXpKOXg5LXNLVTFQYnh3?oc=5,Persian_Gulf,google_rss,Persian_Gulf
Strait of Hormuz – Situation update 30 March - Kuehne+Nagel,2026-03-17 07:00:00+00:00,Kuehne+Nagel,news.google.com,https://news.google.com/rss/articles/CBMikgFBVV95cUxPQ25idlYzbGUzTmRiZDBuZEZGTlk0YzZzenF4SWIyNTVTa3JtOVFuTVJZT1ZyOHY0STJ1c2wtQzBJRDZCbnMwU0Jud3RhbzRYWDVLaDJBajhhNXZUVTE2S19KbW5sb1ZXMjRhd1FWVTVLb1JwbXA4eWVSRFlDMUhLa0laSFVOeFFXRVdoN2U0aEV1Zw?oc=5,Persian_Gulf,google_rss,Persian_Gulf
Gulf States Want the U.S. to Cripple Iran’s Regime Before Ending the War - WSJ,2026-03-17 07:00:00+00:00,WSJ,news.google.com,https://news.google.com/rss/articles/CBMihAFBVV95cUxNazMzMzhiUmU5MnZfZXhMV25mSXZnM19NUVRRLUo5NDlzQlFFSUQtZHRieUtjY0lDa2FxeHBkTC1HWkNSdnhITzMzVUlyOTZEbTJVRjllckpIQTd2ZEhXM1hJZzZCU1pXTzFmT3VIS2dHZEh5eFA0VnozR3ZLNEpRT1RDYzI?oc=5,Persian_Gulf,google_rss,Persian_Gulf
"Israeli attacks on Lebanon may amount to war crimes, UN rights office says - Al Jazeera",2026-03-17 07:00:00+00:00,Al Jazeera,news.google.com,https://news.google.com/rss/articles/CBMitAFBVV95cUxQdTNyc3M2QkYzcDRWcElGRkM3cDNOc2ZpTjhULV9iSVVwVHlpS0x3dHdxUndINDJpV3JyVlh1Q0VmOWJjdmtDMVZ5M3ZCQ2c1N0ptQ3lqckRXR3NTR2JDZGRwZm8za2lXRmJ4UlFUS3hzb3hpeV9vczlnRGx6aEpmeUVWWnRSVVJWYmtwc3d5OHlWNTQ4aWRBUEE4clRQRjQyTmpLRzNXcjhpTGRPNGxydERnUG_SAboBQVVfeXFMTmcxX2N5MUJWUDJQLTNWdVlPMEpUckZjU0k1MUdScS1sZGwyV1k3S2tVM1NaRHJnYjhTTVRSYlhxVzZJejY1TmZka2NWSW02UDJTQ1VMNHp2MlZUVUZkYzZFTFJLTTFBc0tNSko0MGg5OVJDSHowNUhMaXM5Ym1JMjg1dGNicEhMR1hHQzdfYVVJZlBjMUIzTXRkU0dOTkhlVXROSDdkdHFBblZDRVE1Q1J1SGotN1hVT2lR?oc=5,Levant_EastMed,google_rss,Levant_EastMed
Middle East war: Iran confirms death of its security chief Ali Larijani - France 24,2026-03-17 07:00:00+00:00,France 24,news.google.com,https://news.google.com/rss/articles/CBMiswFBVV95cUxPTUxzcWRyNHVNZTJPTkNVUmV5dlJ2eEk1Wk05clJ6OW1LNUpuczhXZTFrRnNIdHlIYmFUbTF4UEk3eHptZ0Rfb1JNalh1T3d1UXd5QzlsRzlWMHJEUkhpZ3hxSmpZNHExd0RCNkI2VFJ4OGRiNGdtNWxOeDZVXzRCdUFHR0sxdUlxNlB0TDdpSjVzWnJSUnFhVFhoSXVjSVpTa0thWll5SEdrc3g5MWw1X3NxTQ?oc=5,Persian_Gulf,google_rss,Persian_Gulf
"Israeli attacks hit Beirut, southern Lebanon, one million displaced - Al Jazeera",2026-03-17 07:00:00+00:00,Al Jazeera,news.google.com,https://news.google.com/rss/articles/CBMirgFBVV95cUxNNU0wSlAxMlpySW83Z0xfanRrRjMzVGV4Z1R1Zy1JVG5mZGRVMERCd1JNc0lIaG9HT0I5TnBzR09FWEhyeEhNcHl6VkFwczhJWXFTVlJGX3JkYXhfSGNOMy1qQ19IT0ZudDAwdmFVY1NZWWRzY2lrX29Wak91aU5qaTJDZFdHdVZRbXVGQ3d2b0NSb09ZTWxQVU1acGhrQklqa0VzbW4xS2lZeG1aNXfSAbMBQVVfeXFMTWF6NnF1ZGNMV0IyUWVLRWtrUXNvZGJYQlZCN3k5UXVtNnJ4em9KMEhfQmdGU290blFQcU94US1kMlh6ZmE0NU0xSUJ0ejViOTZqZ1RUZklkbi13QzhSOVBxZTFYeHBqQ0FuMExpMXc4VWVxbEFsWkhsbEV6dXNqS0I5OEtYalZSNV9uNlpPMm1sTXh5aWxtNC1YZTFzRUQyWFl1T3lsLUZfUThfdkJKNk9uTzQ?oc=5,Levant_EastMed,google_rss,Levant_EastMed
Gulf states press US to neutralise Iran for good as Hormuz crisis deepens - Reuters,2026-03-17 07:00:00+00:00,Reuters,news.google.com,https://news.google.com/rss/articles/CBMiuAFBVV95cUxOWWFIbFE4aTJwYzR3X0hKb3NpeUY2LTlrQ0lCOXRnYTNocnF6WE5qWG5xY0F6ZUdkR2RXNzJDeER4aUlCckVlN3p2THdad1F4NTFZT1RLQndleGhXanI0OUp2VXI1clJTa2JHOXNvdWJfelZScmRmVS1DSTFZRmlfWVZMTHhjS09DSldDbC1GbVJzS2lSQUN3VzlYRzl5LUFfSE4wNUZoWm4tdktIQjVpcXpnTUtxZTdB?oc=5,Persian_Gulf,google_rss,Persian_Gulf
"Sucked Into War, Gulf Countries Face the Limits of U.S. Security Guarantees - The New York Times",2026-03-17 07:00:00+00:00,The New York Times,news.google.com,https://news.google.com/rss/articles/CBMinwFBVV95cUxPNFVKMTkyNThHblRnODZOaHJJbXE5RWxETUpkM3RQbHI1dkgwcGJwNFpzZ0dFYVd6WHZXeXB4ZHcwMGxlR3Y4Mi1zZDV0WFlnSzhyWThsWS1DTllGdFQ2TGxkWC1UZmsySUM0RDd4SzlYQk5jNFhVM0thZDNLeHNfdHptR3ZLV0NiZlJSUEk2cExDbWFITzFwVUM1X1gycms?oc=5,Persian_Gulf,google_rss,Persian_Gulf
What Is the Strait of Hormuz and Why Does Trump Want to Blockade It? - Time Magazine,2026-03-17 07:00:00+00:00,Time Magazine,news.google.com,https://news.google.com/rss/articles/CBMinAFBVV95cUxPcmNSZjdqdkpyU1dHNXE2eUJkMDc5MDBKRDRpVjh5Skxfc3pFaVhKRHEwNjJGUF85NE9QeFdFQ2FvRXgtSnRvTW9hYTl1Y0dEZXQ5VF9kYmprakFmaDJLVTAtc1FOVlkyWE1INzgyNWNFR3FDOS04S0JkTjVXOGg0elg2OUNlSmhQaW1GSi1TMnhfVXU0WWFMLWdfUmY?oc=5,Persian_Gulf,google_rss,Persian_Gulf
Multiple allies decline US calls for Strait of Hormuz support amid rising Middle East tensions - Fox News,2026-03-17 07:00:00+00:00,Fox News,news.google.com,https://news.google.com/rss/articles/CBMiuAFBVV95cUxNV0NkZ0EzVHRyTGpROUMyb0hDU3RQd2VLSkVueEVHNGd4UzdYUllNbUZHdDdOMjlEX2xUbVFlUzdFOGNfOGU3b0ZzUGpBSWcydnphLThDWHlpXzJNWm92b3UyVHRJYVJ3UzZOTlBmcElEckRySnJid2pJRGJuYWNRZWpQZzVlLUJSd1RBWTd4MDBRQU40MWQzWk5KX0w2OGJONFozSmVKQlNkNU1GQ1lTeERRa051N3V30gG-AUFVX3lxTE9JZmRTR3R5WHRDb1dlR1IwSFhYVGp5VjNkLTFfLXR2dGx5UGZKVzlhM3FJXzdaMnFhNk5kZGc2cW5pSEdxdzVDLTU1SlNFaUdrNkRHNy0wZEZZN3dRNUFYRkMtUktfalZsbTlrT0lGV0MzQVJabWkweGh0VGZ4WEFKSE9TZERPMVFpYVAtNnRCblpSVFBoR3FqWXNINUhkQ1pWNHdOejFUUm1WZjBNMEU0Q3JDbHJXUFk5dUtRZ3c?oc=5,Persian_Gulf,google_rss,Persian_Gulf
European leaders rebuff Trump’s call to open the Strait of Hormuz - The Washington Post,2026-03-17 07:00:00+00:00,The Washington Post,news.google.com,https://news.google.com/rss/articles/CBMimgFBVV95cUxNY2w1UkM0Zjl1a0cxb0JPVUdzc0Z4clJWamtIX2Vnd3hjVFNKVGdrWlh2dm05S3VmMHduUlpBMGxrVldZQlFCUzRTNS16YkdMOTRZLWYzX1M1Rm9PcEp6T211SDRaS3Z5OGhnZXZvMUFYSU5KU29INElwN21takhNa2o5UGtQWkpWdWhkNkZDY3h2VXN6TXF0akhB?oc=5,Persian_Gulf,google_rss,Persian_Gulf
The coming compute war in Ukraine - Atlantic Council,2026-03-16 07:00:00+00:00,Atlantic Council,news.google.com,https://news.google.com/rss/articles/CBMimwFBVV95cUxNV3FVVEppWFhHaXozYmVla1dhSkR2MlNBYVZJdTJ4NldiTGRXZXJ1ZkRqWHhieGxtMEsyU2tFcU9Tb3dXZDV6RHpSTmsyOWprQm1RbVVuUk84WTFQT29DTWVOeUtJckNUYU9TR09DQ1FHOVhIODFlSVRBUGh1SHlFVC1BODZqcXBaUGJZYjZvMDA2ZkM0Vy00WEF1UQ?oc=5,Black_Sea_Ukraine,google_rss,Black_Sea_Ukraine
Iran war: Germany firmly against military role in conflict - DW.com,2026-03-16 07:00:00+00:00,DW.com,news.google.com,https://news.google.com/rss/articles/CBMimAFBVV95cUxNUE8zVWdxR21qaUh4elMybkZadklTTE85eTdKX2hTbEhkTXpqOVdGdExWRnJ0SUNxa2llQVl1VEZoSm13Tjd5Q20zV3VBU3lDVThDWjB4di1qRkdqbnlvQktEY0ZES3NLakxhZ2djdU1nWHdYMi1BTlFveGJvMnJiZk5ZTkE0S3p4b3BNaGRUd0M1dHJVRW9SVA?oc=5,Persian_Gulf,google_rss,Persian_Gulf
Trump upset as US partners reject call for Hormuz warship escorts - Reuters,2026-03-16 07:00:00+00:00,Reuters,news.google.com,https://news.google.com/rss/articles/CBMizAFBVV95cUxQSG4tY3VGcDQtTDJuVDBWSzFrNzFBZUEwQ0tfOXFOczdRVHA0M0VETVRaN2pEa0lMRXhNTm5Cd3RkdUlrUGRnSEYwQ2RVZWRmTlBoY1NwMDV6OEg4T0tjN09rcUFkVlZQWVdwOThkQkY2bDZQYmR3Tkh5bFotaExlRXZWUC16TjJ5ZkkzT3Zjd1B3MEpEbjZIQjFBOEl1U2wyODNkVHoycjVPaGFBZlY1YzdONUFmQ0pjNTBnMTVCOHNwUEwwek1qakhpZFA?oc=5,Persian_Gulf,google_rss,Persian_Gulf
European leaders reject military involvement in Strait of Hormuz - Al Jazeera,2026-03-16 07:00:00+00:00,Al Jazeera,news.google.com,https://news.google.com/rss/articles/CBMitwFBVV95cUxPREFyQXlrSTZjM1RzVDdJMXd1U1hZdFU0QV9ENmpTdldiYnUtM0V0dzVjRmZuc21jWmU1S3hUTjU0UnRUR19vV1NKdF9VM1RNdTdCdE1tRVVOWDMtYldlV3V2SllxYTVtRXFKYmJhX1VmZnJaV0JDSmFmUEVNX2ktenNnUTBJQ09YS1hMb0wtemV2VGVFTGY4NVB0RFRaRndRNlhnMllWckJ1alp6MEo2eGZNSEtqcWvSAbwBQVVfeXFMTnpVTGZLOVZkcXF5eFRvOE5GMEVUWnBkWXdHMkc3RU5xR1FPTEY1UjdaOG9hemtjd21FTjV3S0s4Wm5Qa2NjaWRvdm1FQUR4NjU5djA2NllxYVE0LS03UHhqcGRWRm9GRldIWEhLYy15T3dGUUJBbXZxbDhDV0NQdVZaSXRYdTVlWDdYRHNmTDFmQVpzNUNjTGNOZFR5X2MyT1QtREI3OXBUSWdpazMtSmd4MUR2TXFHLVVCS0E?oc=5,Persian_Gulf,google_rss,Persian_Gulf
Arab states respond to Iran-US-Israel conflict impacts - The Jerusalem Post,2026-03-16 07:00:00+00:00,The Jerusalem Post,news.google.com,https://news.google.com/rss/articles/CBMiakFVX3lxTE5VUUJjSGVGcWFNQ1czUGozQTU3NHpoVVVvMUhyYzNwNkdtT0lUdGZBbTJJeDYwX3lFblhmUjUxeEdCellndmlGaklzWEZheHhqWDRVVnRnYTN5aWlyOV9tSUVuczBsZ2NhbkE?oc=5,Persian_Gulf,google_rss,Persian_Gulf
Trump Says He Wants to Delay Visit to China Because of Middle East Conflict - The New York Times,2026-03-16 07:00:00+00:00,The New York Times,news.google.com,https://news.google.com/rss/articles/CBMifEFVX3lxTE16Q0JMQldZWG9nSjhQRVZVQnZkTTdsUDQ3a3R5eno5TFVKNXdQdFNDNGdfN2p4SFFIUDJQcFZZNVNSaWY1V0VOZ1V2YnFDTnBOaHcyTVVIc1RHLXZSTlUtV3FvUUM4VGRzMDNYTWt1bU03RDJqQkpFTUxLcHA?oc=5,Levant_EastMed,google_rss,Levant_EastMed
Iran war: What is happening on day 17 of US-Israel attacks? - Al Jazeera,2026-03-16 07:00:00+00:00,Al Jazeera,news.google.com,https://news.google.com/rss/articles/CBMinwFBVV95cUxPNEFkV3ZGTjg3aXFwdnNtUm5CaS1JWGItZUY2Z1JPZk9zaEpodzFWY29SbElPVTVlNWFidm9NMmRJYTRITjZiMjJ4b3pnSk1PY0g3Q2dqMEN3VFlBd2JuUERpVnVaSGZ0dzU5VksxWU1BSGNmN21DM0lzTURqbTVPeExITGZNeDNZS0dVVGthTE56Z28tYWpCUWljRUxuRTjSAaQBQVVfeXFMUDV1MWkxTlBkaElFSUo2SkFSX0dxOEJZWGFnX2VKTk5uSVJLSGNnN3A3UlA0d2Nma1Y0R0FIcFctaF83SHI2Z2E1dlotWmRpNktPZlpVQnQ4N25pNXZWZVUxb0VTQ0thUDk3ajVSTTRpMFd5bEVHdmtUeHBkZ0ZPSzEyR09yRWFZM0tuazRVSS1LV2NVN08zWmJiUVQ3Q1NxbW9keUo?oc=5,Persian_Gulf,google_rss,Persian_Gulf
"After Global Economy Shudders, Trump Zigzags on Whether War Is Nearing End - The New York Times",2026-03-16 07:00:00+00:00,The New York Times,news.google.com,https://news.google.com/rss/articles/CBMie0FVX3lxTFB2Z0U4Z1lhcnBSdUJDZ25fLV93OWd3OWw0dGhCTGpoR1dPdlo4VGpwdDNkU3U4R0h0b0tLOFFwVlJjNGM1czJMZDNhemVlcUFGMS00c2xDNlZ3QXRuQjVrQTdNczRhbVVjZlhzRmlGeU02MjYyOHVEVTN0VQ?oc=5,Levant_EastMed,google_rss,Levant_EastMed
Next Flashpoint In Iran War? The Bab Al-Mandab Strait Off Yemen's Coast - Radio Free Europe/Radio Liberty,2026-03-16 07:00:00+00:00,Radio Free Europe/Radio Liberty,news.google.com,https://news.google.com/rss/articles/CBMieEFVX3lxTFBycVhTdmthczZUWHk1TVkwejhoZlBmcHhKN0M5U3Rod05CLXhJeWdCOVZ0eE5BTGRzTGktcGdPeEdETjZHc1FPV1Y2OTZ5RmpHTi1jVUVFTWk0MVMzS1htMnhleTY1WnVSMGZSb1JWLU9Qb01Wb2owVNIBe0FVX3lxTE04ZTBYRGlFNFRwakF3SG9VYTlhZG1aV0JsX1gtcjZnRjBmVENNYVZEQkp2TERyMUVFbktjN05vRjJZRzdVV0x4WTdTaFBUR1ltZklQcmhLT0xXYW5aUVZab2lsZkdTMjFMc2M2MWM0Y09ZZ01BTjcyMjRCOA?oc=5,Red_Sea_Gulf_Aden,google_rss,Red_Sea_Gulf_Aden
Iran's foreign minister rejects talk of dialogue with U.S. as strikes continue - CBS News,2026-03-16 07:00:00+00:00,CBS News,news.google.com,https://news.google.com/rss/articles/CBMiswFBVV95cUxPQWFDRVFIYmlJUWJ4c1VJY1VLS0dEYWF5X3djSXpyNG1jcXJfUWJ5U3hRbzNDMDVkajhyUElRMlJ5OUJiS2I4V2dLUlRYT2l0MkhQaGVTTURPQV8yaWlhcnRELTVlU0FNcU9oSTBYRC1WLTJmOTg0aEFsTUtwTUd4S0VsajliWnNlbFBBaHlqUlpNNkVYVmVuQWlBMXJrWmVZYjFEVFNuQjQwYXhWN1UyVmNrMNIBuAFBVV95cUxQRVFZU2ZINmRNeHFnWGx0aTVhZGdmNi1iYjN2RHVJWllXMEJURl9KbU9kQ01SYzh4TzRGNmZrRkhyLU9tYU5lYm14eEZfWkZTb21uRUFTNEZqdUYzM0Z6TVUya3JUbk1wdXFhcWRpclNiVFFMRTI4YnpGNkVma1ZjSWh3MnF2cE8xVDJCZ0VHbjRLZ1Q3WU03OTl2QjlKcm1TVTlRdUlKTnBPYUFfMzV2RG1jX0lOVEN1?oc=5,Persian_Gulf,google_rss,Persian_Gulf
Tracking US military assets in the Iran war - Atlantic Council,2026-03-16 07:00:00+00:00,Atlantic Council,news.google.com,https://news.google.com/rss/articles/CBMivAFBVV95cUxOeG1rTGw4QzQwOUpxbkIzWHZKTFBWc3VwTzBGTWJsaWFoOEtwRzlseVhMY1NMWkxWWmd4S0U1N2FUem5QWEN6b2FHYkdWMURvMXhzMDJLZk1Sc1oxbEFrUl9fSkpGdWwxN2F3Z2dlSmg3aWhvM3J2ZkpNZFp5a0VLV25ITkhNVDAwVG5wU2pZV3BSZFNmN25yWHhyUER5ZklLamF6clE3RmhyVlFXOXA5UVg1RlFOODY3ekVldQ?oc=5,Levant_EastMed,google_rss,Levant_EastMed
The Gulf states’ offensive options against Iran - The International Institute for Strategic Studies,2026-03-16 07:00:00+00:00,The International Institute for Strategic Studies,news.google.com,https://news.google.com/rss/articles/CBMirAFBVV95cUxNT08tM1I4T3ZVNWpuR1FxY2VTTlg3TzBKemJBVG9lLXlzTkNFMmRqMFV5NWNMMGpVc2V1TjRBenhYeVV6bFFWT2dvTU4zSm4yUk9xb3VzcnhYWkdNMkRfTldtdjRrWmY1N29Ud3hreXgybXZZeWxkYjFwTU9KRENPSWtkZXZCcjNmR1RlUUlHU25OYWZ5RnpPdnNWcHpHMlFoaEFsLTNOMzRhZ0FT?oc=5,Persian_Gulf,google_rss,Persian_Gulf
Iran war: What is happening on day 16 of US-Israel attacks? - Al Jazeera,2026-03-15 07:00:00+00:00,Al Jazeera,news.google.com,https://news.google.com/rss/articles/CBMinwFBVV95cUxQSGdPZVJlRFlpaEJoeXgyWGZnVEthWHBJZzY0X3RVRUZtV1UzLTVwbmhrLUh4TENLZlRqaDIzbC1wLTlUNUpNbVVMZzR5blNKWUpzVnhBQV9fV000T1FYT1J5STZNSUt6MFdSQUNjbkdxcHV5OVV5U1AxRngyT0ZrNWRNLTFLSDU4TlJ4blYwRTh4akpQQlRmVGJCZW1wMFHSAaQBQVVfeXFMTTRyaHg3TTBxbnhsMVpzclNZVGx5Y1pDeHVxQzdNSFB4MTZYZEZXRVVvclJRNlQyV0dvNnllVkNqYkhiU0ZSMHVJZ2kwYWRmd090ZGN6R0MtWU9wYkdNeWhLVjl6UVJlMHFJN01QZFVUeVM2clZIc1lDaXRic2FLSkRfRV9yX0NiM1ZqTzk4TkktYXEzWFZ0MXV6NjNCNlRkZUctN0Q?oc=5,Persian_Gulf,google_rss,Persian_Gulf
Why the United Arab Emirates is a target for Iran's aggression - CNBC,2026-03-15 07:00:00+00:00,CNBC,news.google.com,https://news.google.com/rss/articles/CBMiekFVX3lxTE1QVE1nZUJvd05zeDllRWJPMlBQWTFYVlVjczFzRUVDaWJLeFN0MnpGbGVSZGJ5TjRYZ2dwRWtsSTEtQk1VNU16QzZGRFFOYVh4TGZzRmtXTnphaEhjUzRuU0pMV2pqMWY3UlZjRzk2aTJiRFhHTFNPeUl30gF_QVVfeXFMT0RQYmt4OW5OTHNsQXIzb3FYVDBORndadHp0RFhUcGhHTndrTzVFZlBSd1NBOExTRU5DSXNzNmU4NU96M0NQSzcwclpxZlpWNk1zYUVYMzV3MXl0UHl4VC1zMlRWR0xWRjk4X3JuLWFmME1BcFRSVFd4TnphZ0JsRQ?oc=5,Persian_Gulf,google_rss,Persian_Gulf
"‘We never asked for a ceasefire,’ says Iran’s foreign minister, as war keeps raging - NPR",2026-03-15 07:00:00+00:00,NPR,news.google.com,https://news.google.com/rss/articles/CBMiggFBVV95cUxOcUlPUzlqMXVIeldBRVdicUxOLVRrVWpIWFRGMVdUS0s2RE5WRzg5N2pOaG9HRWVucTBxRGNyN3BXY0JrX05oS1ZfTGJ4UWhZYzlMaGJMXzVwM2xadXpETVdjOTFXQW9RRnJXZDdOQndVUE90aUh5YmIxdTJmcTVFQ2NB?oc=5,Black_Sea_Ukraine,google_rss,Black_Sea_Ukraine
"Israeli attacks kill 13 in Gaza, including 2 children and a pregnant woman - Al Jazeera",2026-03-15 07:00:00+00:00,Al Jazeera,news.google.com,https://news.google.com/rss/articles/CBMitAFBVV95cUxOU2JwcFBXRkN2algtZHVXZU50anJtLVpLUjZRWU5uM2M2RDFsZXhIbUtIaVVfQmNMT1haMEU1OHZ6VVZNRHFaVld5VkJRS2JyemoxZF9qTTBQXzdlT05vMDcxX2xQaVM2eFUtVkFfdHNDYnF6aWVCNlcwUHpTVGIyOHp0SW9penpBbXNTbThaQmxXUnUwWThyaUxNcDFLM0lyT3JiTXFsVjZNdjluMjExZE9aWHrSAboBQVVfeXFMTzg2blo1djE5cVZ6b1VqRF9JeWJua1FEaGNHQTlBSVhNcW0wSDBmRExmeEd5WU40a2lpZXhrZWp5a2JxWXFYaWNrZ0s2V3F5UFEtSEZUWWtZbFJGNWhqeTZNN0kyaUkzZHhMM1RQem1aRFZ6MFItclk1UjlLbVR3dHEwY0Z2ZXVJbkw0TklHbDctQllhVzFRbWJqeTJqUFdvMnI3cXNOUDhKc2hDWll0UVpDemxsMF96czhn?oc=5,Levant_EastMed,google_rss,Levant_EastMed
"The War in Iran: Operational Progress, but Challenges Remain - Institute for the Study of War",2026-03-15 07:00:00+00:00,Institute for the Study of War,news.google.com,https://news.google.com/rss/articles/CBMirgFBVV95cUxOOHlIa2s1d2FNU1lLTk5qd0dZSlVWMG5EVE55NVBqdGNudFVRN0FpczZZVWlFeEg2SjNJZ0hRcEU5QWVqTVR0Z3FtVk50Vkd5Y3hENnkwV2JwZ0o5ZGFBNDBjV00zU2JVcFNzSnZ2dHdOLS1lNGh2TF9Bb3Blem5lNmlFNkJ6VVpHdzdycGlzUVdmY3lCTVdFRVQ3M1BWWm92SHQ4Vi02MHcteXRsZlE?oc=5,Levant_EastMed,google_rss,Levant_EastMed
"Gulf states intercept new missiles, drones as Iran threatens to widen war - CBC",2026-03-15 07:00:00+00:00,CBC,news.google.com,https://news.google.com/rss/articles/CBMibEFVX3lxTE94UlRQenp4M01SWXBXdk56Ri1kaEZDeTA4MjlJSF9fNC03TXktSTlQQk0xMVVRbEVyOGJzcXM5YTFYM05EWlFuT3I5ZURnOWNZNk1LWEpYdzd6YXRweEFoVU80MFJrZ1JOcHotZQ?oc=5,Persian_Gulf,google_rss,Persian_Gulf
Legal and Operational Issues in the Strait of Hormuz: Transit Passage Under Fire - Just Security,2026-03-15 07:00:00+00:00,Just Security,news.google.com,https://news.google.com/rss/articles/CBMijAFBVV95cUxOUzg2MFhfN0lUdktZVHI4aHR1am5YM1JCV3haLVRUQjl0NWlsdGJwQkJndk5PQVRCNUZLa3R4TUJMZVgzR3hsNVZKVjJhR2tFd3phYjlLWEZ2YVE0eVlqX2xOeFlqNTk3VE9WdUJ5WElTM0tKMFB1c0JEUUZyMldnVzdMYzZ0cEstaHljZw?oc=5,Persian_Gulf,google_rss,Persian_Gulf
"Iran Update Special Report, March 15, 2026 - Institute for the Study of War",2026-03-15 07:00:00+00:00,Institute for the Study of War,news.google.com,https://news.google.com/rss/articles/CBMioAFBVV95cUxQWVIzc2FJSGlPOUNuYklpQ3lTa2owQXp0NE5nNHptUWQ1U1FiMjhQNlAxYnRTMnpIWXRDek1mNnBqZDFlbEFIX3ZpNmVnVUxOT2pMOGZhRTFKSXM3d3ZSUDRhVGxLZmNmR1BqcjgzeC1LQ2h2N2ttY0tWbE5tcHFlYk15cDZGNkJkVzBvQXVTQW9fdUlQWC1ZZW54TE5EUC12?oc=5,Persian_Gulf,google_rss,Persian_Gulf
Expert Q&A on Key Law of Naval Warfare Issues in the Conflict with Iran - Just Security,2026-03-15 07:00:00+00:00,Just Security,news.google.com,https://news.google.com/rss/articles/CBMicEFVX3lxTFBRMHJkd3lYaGU5VUlxLWFIWDVfYkFQTDdsQW9EVmhkOFBIcVFaOG5lWDMyZHBQX1N3ak1iWFdBV0g5cDdTU19Xc2tjY1RuRkplb2wwTTlmbHYtMU82VFdNVEliSTVLWDJKZklPRzl5bjY?oc=5,Persian_Gulf,google_rss,Persian_Gulf
Trump urges world to help open Strait of Hormuz; U.S. Embassy in Baghdad hit - The Washington Post,2026-03-14 07:00:00+00:00,The Washington Post,news.google.com,https://news.google.com/rss/articles/CBMiwwFBVV95cUxQNVA5eFpYMThSQmVXYk1rMUxZWVU2REVGclphQXJqUzlyaDVrRTdaZ3BMQUYtOHZCOGFwTE9VZDVMWjQxdUlkbGNjS2YyTHhjT0hKOTcwT1psa0V2OWtoN1JOU1U1bVBGT1MyUWl1ZFlqRE9KQ2pDQ0VPMlI0bXA5cElqeEdtblZ1MlVybVpMbnVGWjJJWm5hTTJ1emtfWmh3b2dKNWF0RHROOGE0Q2NYSEFNT3EwTkRITUtRUWdMNDJkQ1k?oc=5,Persian_Gulf,google_rss,Persian_Gulf
Israel kills 12 medics in attack in southern Lebanon as war ravages nation - Al Jazeera,2026-03-14 07:00:00+00:00,Al Jazeera,news.google.com,https://news.google.com/rss/articles/CBMirgFBVV95cUxQOGpZQ09tOXp3ZllScnYwNEJudHliSGxpWU5rU1prR1RoRm9QdWlYa21pbmMyTEpnN2RtRGdGM3VCMlJaYjFaTWxuQjhnRGhWTkxYTXdxN1hzQ08tTkVPUDZ6bWROa1dCRUlWVnVwRmpHWHJ2WGFMLWR1cEI1a3VtaHBRS195TmxyMmxWUHBNcFZIZldnakQ1R0dJR0F5WVpwei13SWV0MjBHbl92T2fSAbMBQVVfeXFMTzRkeS1CY2FHNFFLanUxOGdGYUdDSU9kM3lBZDRyM0Y2Q2pFTkVVZ3lPWEpqVEVhalNhV09pVS03eTBkUWhDWkZTX0o1aVZOdDB4U3pvZU1qS2lxTUcyNFRYYnJSc0ZWeG5wZmZBWVI0bVFYMVZUSk1uQk5rVDNhZkVSS2pQZWZTY0lzeW1UN2NFeGpPYnJMVVVPcXM5RTlPbHdhWVp1NVdaWGVZRmlSZ1ZpSXc?oc=5,Levant_EastMed,google_rss,Levant_EastMed
Entire families wiped out and towns emptied as Israel’s war on Lebanon intensifies - The Guardian,2026-03-14 07:00:00+00:00,The Guardian,news.google.com,https://news.google.com/rss/articles/CBMiiAFBVV95cUxOWUljLUs4bl9zOEp5eW1uRjZ3S1QzbGFRbWI5eWhDYmNZU1Y0Y1dTeW5PR29QbFAwbGZLUW9pRkszUXRicnFtLUFpYXpXcHVnMklJNHNxcnBUQnl2WXFLSFlQa1BMQ2J1UEJtRHBRWkFvWlREbWc2M0h4a3ZqTEQ1VVVfci1kdFlz?oc=5,Levant_EastMed,google_rss,Levant_EastMed
"Ukraine war briefing: War in the Middle East is bad news for Ukraine, says Zelenskyy - The Guardian",2026-03-14 07:00:00+00:00,The Guardian,news.google.com,https://news.google.com/rss/articles/CBMixwFBVV95cUxNeVZ1Yzg1TDVTZmd5YnBaNDdlQkFWLW05UlNkZmVsVVBoUHhFMWJTNDkwaDcyXzNWekpJazUxcTQ4S3AybXhQODFNZzl2MEwxMUE2VDY5V19HWGlwM3Y5T05jTVZoRTlwa0FuWFlySTIwNU1ja3RScDlLWnBFSC1LNkhXUWN5bFVfLVBBbkJ6VTVOMzhyVzNnNl9fQVVoWTVpOVpYT2RKQmFjckh2RHpCX3R0a1dmY0hDT1ZrTG9JYzNUdFdSZzVV?oc=5,Black_Sea_Ukraine,google_rss,Black_Sea_Ukraine
Iran war: What is happening on day 15 of US-Israel attacks? - Al Jazeera,2026-03-14 07:00:00+00:00,Al Jazeera,news.google.com,https://news.google.com/rss/articles/CBMinwFBVV95cUxQempZYXZOZXBHVzRTMENFaF9ZTUJwaG44NHU4anE0TUh0UW5IaS1nMDNmTmNaZUdsX0VZT3ZHS05tNjBQYi1GR2JCeDlGbGU5QzQtSnY3MEFNcmVfRzR1djZteTBpNmd6SHo0d0lRN2ljRDhLSGZfZXRETHNLLUpSTDZZNGEwbUZ2NndkNUFzcmxCdDlMWmtKbFRBQTRtMGvSAaQBQVVfeXFMTkNTemktVnR6SkF6LTFXTGEyWTlaWTN2clRXakVEWmlvay1KUHVOcGU2M0x3bFRqSVNsNHVxV1J4TXFCcGNuN2tKeWI3U253aEpYRVktV3EtOGF1cXhyUFdHVnNlTmpadFdaLXcyOGZkOUtRZU9VM0NHaW9WMGpmQ3dUSmZhUG5RMzBWbjJqSjZuNVVYX3R4MUdXemluS2tUX0JqUFY?oc=5,Persian_Gulf,google_rss,Persian_Gulf
Why Iran's Kharg Island is central to Strait of Hormuz security | Iran International - ایران اینترنشنال,2026-03-14 07:00:00+00:00,ایران اینترنشنال,news.google.com,https://news.google.com/rss/articles/CBMiUkFVX3lxTE5STEh3elpfODhUZjBZLVpsLVBoVUtIbkFlQ0cwR0p4cTktWm1PRVk1S0FMTHlPY3JaMzJEYXBGc0RYdmxGYk5Wd0Rpbi11ZGRrTEE?oc=5,Persian_Gulf,google_rss,Persian_Gulf
"Iran war paralyzes oil trade, U.S. military plane crashes in Iraq - CBS News",2026-03-13 07:00:00+00:00,CBS News,news.google.com,https://news.google.com/rss/articles/CBMisAFBVV95cUxPQk9sOFBIRThfLTJoRjdld3ViaWxrNDZ1R19odFlJRVltczhXdDh5emU5dUFQM1lCOFJfVUhwdk1pb1VZNG9Tc1pGR05id3FodzJBSkRreFU2b0JFa0hXaUNHTmFOcGVxVWdza1FIQUUyUGlkaUlnN1ZFMGZ2VnN6VmtHcm5uUjROWURFT2xqblZOcnBVam5EdE12UU52dllwSnI0cG1VSld1Z0hSRlZzS9IBtgFBVV95cUxNN2N0QTByRHJXNmRKSXdlSlFXTDVDeGtOd1JGQUtodDA4a1oydTZHSFhYQ1AtWE1HXzVHWDBGVk1qS1Y0UXlGVGxFWjIzN1NFRXZjRERRMGhBdVpHTXZHcDZxSGpuSXlOcTM1WDlaUmlOSFdlRWhYQ19IR2p6bFl0eUlQcF9IYTZ5RGxxbWNwQXRWc1p3b0dJR1M4ZFVVWlpyV3J3N0lwU25LNll5SzhhV0dmVThOdw?oc=5,Levant_EastMed,google_rss,Levant_EastMed
"U.S. military bombs Iran's main oil export hub, as Mideast war toll mounts - NPR",2026-03-13 07:00:00+00:00,NPR,news.google.com,https://news.google.com/rss/articles/CBMiZEFVX3lxTE5SWWFRRGg3NHFFSW5fSnAwWEtzY2RKdnBZZk80Q2FMbGdxM29IYXpjckRwTEcza2NrUDM3RjkzZFZjVHpVUW5KTmMzRXFkWHRsdXBGWXRwVXZ6VjVwSGpVcFppQWs?oc=5,Levant_EastMed,google_rss,Levant_EastMed
Report to Congress on the Iran Conflict and Strait of Hormuz - USNI News,2026-03-13 07:00:00+00:00,USNI News,news.google.com,https://news.google.com/rss/articles/CBMimAFBVV95cUxPRVRDNVNmdS1DWjEzWUVGeERhV0VCN2Q2WFctaHgwb1VNOTJKZmRPMm9zemszcF9WVXBRUVpZWjJQU3dHOGlmUld5NWNDeDE1WFlhZElqYU9DeWRjaWJSVVhvNzFUVmMxV0I0bnpCbEhRLXVieGZHWEJuTkRWSlppSlBCUHlzZ05KZVdFbW9tVVBsYVdNM3JwRw?oc=5,Persian_Gulf,google_rss,Persian_Gulf
"Missile Attacks Define Strait of Hormuz Risks, Officials Say - USNI News",2026-03-13 07:00:00+00:00,USNI News,news.google.com,https://news.google.com/rss/articles/CBMilwFBVV95cUxONTJSSl9aR0t3cGpJV2RxR3RYNWRBelhjSEE0SDVXVDhvbE5UUDJQMjFPUWJJN2RIUVZFVGNNSzdOMWo0NWJoT1Z1dW8yUE1FNUU5QkdUaElRd3RCaHppbDdWSnhqZmM2cU9LSnBUZ3BKU2lyY3AyYkdiZ1RoYldUWVJEUWh5N0tmSW5PZndRdmttRzdIWVhJ?oc=5,Persian_Gulf,google_rss,Persian_Gulf
Gulf countries press for end to Iran war with push for diplomacy - The Hill,2026-03-13 07:00:00+00:00,The Hill,news.google.com,https://news.google.com/rss/articles/CBMihAFBVV95cUxNSjlZMnp3T3p4aVN1S05KbXlBZk9OVkoycTZ2eHh6bklPcS03ZmxyLVBza1VFOFZoUVBzZHNKOGtKYV94TV9Vc3VDVWFtWEduYVNJNklzRVBWQWE1Z1Z6Y2RpWVVLeUUxNEdJT1RiWnJVRjhUZkl4SlJ5X0FQQVFnY0ZhTEXSAYoBQVVfeXFMUHZkVUlWaXR3N0hxQVpycFppTjFLbXNLMllWLU55ZWFOdDE5OTJjLU5KVVV3ZmdSNkYwaG1JUVBlNGFwbFZWUkRfZG80ZzdSRVZIclg5Q0cyZWdpeEF6Tzc0VnFxTVFraXRNVjZDS1FlamlYT1hRWjZ3blBiazczN25heGdwWkNuZGlR?oc=5,Persian_Gulf,google_rss,Persian_Gulf
"Weakened by War, Iran Hits Back by Strangling a Vital Waterway - The New York Times",2026-03-12 07:00:00+00:00,The New York Times,news.google.com,https://news.google.com/rss/articles/CBMigwFBVV95cUxQbFhoRHFyRVZ5M1QzTzJRSHNJQ2xkOU1hWmFYV0FoaEYwMmlfRERnMWJubDFTMFdTcEVnQ2d5NlJtcG5NTGpNWmdLNGw4alU0QnNXVmxfaW14WDFnSmV5TzZnTnItZkg5VUtOS0Rqd0QyWDk3d0hHY294bkpUSl95dW5iQQ?oc=5,Persian_Gulf,google_rss,Persian_Gulf
Ukrainian Strikes Wipe Out Thousands of Russian Shells and Hit S-300 Systems - UNITED24 Media,2026-03-12 07:00:00+00:00,UNITED24 Media,news.google.com,https://news.google.com/rss/articles/CBMivAFBVV95cUxQOXM3MXZPY09DM0UtMVhKTjhxUjlVcE5Jc0xKR25yVTRWX0FKRy1ZMDQ5a254R0NoYzZVZS1pSkxNTjRVU0JZbW00azN0Z2lVNVBSUEJLSXJSa0RIYmRwNng1cUtJQ3lEREIwMDJWSDhybXNWeTNPSnN4YjdwRHNJT0Rrd1RuWVM3MDlUclZpVG9zWVJOcVpUTlZVaUd2NEMxb0Z4Qm56aWNBYVlGTmhhd0F3QktMb3lDYWR0bQ?oc=5,Black_Sea_Ukraine,google_rss,Black_Sea_Ukraine
Iran war highlights Ukraine’s rapid rise to drone superpower status - Atlantic Council,2026-03-12 07:00:00+00:00,Atlantic Council,news.google.com,https://news.google.com/rss/articles/CBMiugFBVV95cUxQN3RQYUJYY1NTYjE3cXF0LWRiTXR2bmxOSnFrQXdoUmpCME00dmtfUTIzam9HNEVIWUpNeWdqUTV3RjRvNExxSXJmY3BNVExWTk80NEEwcTUzeWNjVkNLbE9ybW8ySzV1bjg4ZkZrZmtycGhSd2JObU12NWoyQ0o5QVdzRXB6eXpLSTg2aTViZldJclpPMEZlcDhyZWMwRTRFM0tnaTl5RzJFRk9lazBEZVNSRVlqZ21VSkE?oc=5,Black_Sea_Ukraine,google_rss,Black_Sea_Ukraine
"Russian Strikes Across Ukraine Kill Civilians, Damage Homes and Infrastructure - Odessa Journal",2026-03-12 07:00:00+00:00,Odessa Journal,news.google.com,https://news.google.com/rss/articles/CBMimAFBVV95cUxNRzV5X1FuN0lRNVo4RThpUk82djNsOGhqU1lyOGt0NUZVeDZxX01WYnFDc0pjU3FGR3RXd1otbXh2NEw0dFV1azYzYWl2WktGWjJDcG1URmRPMkpDMnY1azgtWWpVcTJYWU1WcUpCb0hxM0FRT0doVllOakN5VDdjZWRqcVF4dXd4Tm1mWnFxZ09zX09hTTJQZQ?oc=5,Black_Sea_Ukraine,google_rss,Black_Sea_Ukraine
The Legal and Policy Fallout from Data Center Strikes in the Middle East War - Tech Policy Press,2026-03-12 07:00:00+00:00,Tech Policy Press,news.google.com,https://news.google.com/rss/articles/CBMiowFBVV95cUxPTzVZSlY5c2pHUmt3VTBMQzJtVGhqb01VNHlzYmZrSUl3WEdmNjI5REtwbFUwcDdGdjhKeFJMN2lwRGtPclZoQUVCZENTVUFxcm52ZTVxbHFqMmRadzN4VHR1Sjl5bUJVaTV6OVlRdV9qRDlBdXdmQ2FKNHR5a2RPQVdvOWZVbkJDcjF6aHRlSGhKbGdQV2VZcWhnT2JUMjRwM3M4?oc=5,Red_Sea_Gulf_Aden,google_rss,Red_Sea_Gulf_Aden
Military families navigate hasty evacuation as missiles fly in Middle East - The American Legion,2026-03-12 07:00:00+00:00,The American Legion,news.google.com,https://news.google.com/rss/articles/CBMi2AFBVV95cUxOekZSZlhoTEtlYTVrdG1SRlJRUklpRXltVHN2SElNbkZFT0hXWFlpeHJhdXRhSUhyZ1VBZ3pVTUV0ODFGT05RZ0E0VXdmTWJnOGNHOGhMOThNX1ZCQWRBUnA4RWVhc3cwNjVoNEM2SlhnajhoOXhobVJQTG1kQy1BRGd6akdGTXc1LXVqNzM0aWtOalVyZGZmZURpYmtHelBjaWFQTC1BTHhwelhKSGU4S19ybkxHR3hSMElZU2VZSVBlUThTelV5cG9XbjFoY2FJSjZYeHFfYWI?oc=5,Levant_EastMed,google_rss,Levant_EastMed
Lebanon appeals to Israel’s allies to intervene and says hundreds are killed - The Washington Post,2026-03-12 07:00:00+00:00,The Washington Post,news.google.com,https://news.google.com/rss/articles/CBMigwFBVV95cUxNZXVDM3hyUEo2U0tNVWhmVVRSRHNaNlFOLWx1QjFlYlUwTWRONkgwMXBPcTgxLVAwVlAwVVhDamRUU1dVQ0lKaWVLekoyTFUwdUZtaUlSU3dTci1hOGdFcklaQkx5MEhIU2hkQTBRUUhINVl6MnlKbzlqYXBib3NvREdKZw?oc=5,Levant_EastMed,google_rss,Levant_EastMed
"Trump vows to end war soon as Iran hits ships, threatens banks, and toll on U.S. forces emerges - CBS News",2026-03-12 07:00:00+00:00,CBS News,news.google.com,https://news.google.com/rss/articles/CBMitgFBVV95cUxOUlRidkdoRlpxOFJxSk1MQjF5X1MwaFhWU1AwUGNCUnN4cXlOU3ROMENMVXJYOGN3XzNQSDJMZ24yOEtwWlp4eU5iQWd6aXZOOFlDS0pFQVdGX0QzQ0FmcEpTa1J4Y1drVHhkV0Nxa2F4T2NRTjJ1alk5ZlMwUndZNnFkQ0J0OUp2QVY4a1VtRWlNZUJlTmRYSnM5cEVxMHhuNkM5TFJScldKd25LWEVVWEpfQWEwUdIBuwFBVV95cUxOcDIxd3NlV1VhUlowZEJUZGtYTDdTajVWbXd6UjNVaWlPSlVscEM4dXcyWjVIYkdMb1l2WUtadVp3TVNRWTg2SHNKLXlFa2pPNEx2R1BQTjBRUkpnVkhlY3RlVlczNmphSGpHU1J2YXRYdkNub2pBNEdBcWNNdm1Ka3owckVCQWt6bUs1am96MlEwNHJER19iU3N2QnNCTmlXWEhVc2Rzd0Q0eWVVWmZwNUJoSThFU0pVbTBN?oc=5,Levant_EastMed,google_rss,Levant_EastMed
"As war between Israel and Hezbollah escalates, life in Lebanon poised to get 'uglier day by day' - CBC",2026-03-12 07:00:00+00:00,CBC,news.google.com,https://news.google.com/rss/articles/CBMigAFBVV95cUxQMHRybkRGWkZxNFBpR3JRMHJjWXd1bURUdWs5UEpWdm9PTVBJMWNibEZNUjBvc1NnclhMUVFJUlpTbDU5MFNkQmdHMW1IRU1tNll3SFdNeXE4aU9MRGxuN085VDl2NVFxNkhVb044SDRfODJkTW9uanM3LU9BMml0Qw?oc=5,Levant_EastMed,google_rss,Levant_EastMed
Iran signals closure of Bab el-Mandeb alongside Strait of Hormuz - Türkiye Today,2026-03-12 07:00:00+00:00,Türkiye Today,news.google.com,https://news.google.com/rss/articles/CBMirAFBVV95cUxNRHcxR1o0NTIyeUZlYUNjdVFYUE1TRE9HZ3U3bDBza2MxdG9SNjEwblYzM3pZcnQ5NXR6OWRCV1JWYUpBY0ZIQjVVc1N5ZEtQSTJMV2I4Q3NJVHFhb3IzQU0zN3UyZG5sTDYtWlJxZUVheGMwLU5KRmNYTGtLMThDRGl0ZVBueTYxVFl6dmNWVkJ5bGlMbXpUU3RjMVBJQ0l5MkZxVU93Wnl3eklX?oc=5,Red_Sea_Gulf_Aden,google_rss,Red_Sea_Gulf_Aden
"First 6 Days of Iran War Cost U.S. $11.3 Billion, Pentagon Says - The New York Times",2026-03-11 07:00:00+00:00,The New York Times,news.google.com,https://news.google.com/rss/articles/CBMiggFBVV95cUxQTGw5aUtrTzQxdWVlMTRkOXFWVFEwQ3FKQXRROUxkQk5MU3A4WDM1MVZWdE50dU9kdEJmT3BhNHFrYjduTXZCNzR6Q3ROLWVDdVNaVTZKc1NwNWRHVGg0MHRBcUdZZ1o4TlNGQlFNTHJrOFlRREhRT0tHandWZFJ1dnRn?oc=5,Levant_EastMed,google_rss,Levant_EastMed
West Asia conflict enters twelfth day; Strait of Hormuz Faces Growing Threats | Akashvani News - Newsonair,2026-03-11 07:00:00+00:00,Newsonair,news.google.com,https://news.google.com/rss/articles/CBMiqgFBVV95cUxObnU2NXRDVHVoRzYwRUtVcHphbHAydC12OWt6WmZFUUNRT2s4S09nMWVuOVlzZ3RRVXRHM3lvNlMxaHhMTlo2X21KWEJFdjdMQ3o5NHdhdVoyMC1rSjNoNVdKa1ZfYm9JNVhhWjF5ai14TDk4QncwNE0yb1UwYU84WUtxWWhiTjNuaEpMbmxFT2E0aFRpRnJYYmhlNFpseUVVMk52bWhBYXNsUQ?oc=5,Persian_Gulf,google_rss,Persian_Gulf
Attack On US Navy Fifth Fleet Headquarters In Bahrain - Military.com,2026-03-11 07:00:00+00:00,Military.com,news.google.com,https://news.google.com/rss/articles/CBMinAFBVV95cUxNNm1uRkxWZkQwTy1CNk1jVDF3SGY1eTZDa1VmQUFiZEc3WlVQeEFOeWlvQkVQdmNRMUcxVEFXZDhCMlV2WWY2OEpTOTdBWUpTWjhHbGpMVTMtN2UybFhkWmVyVUtmdTRvNnFkQmJna0tRNHlCOFJsVERkY2Y2dUhqSHIxLUt0ay1NMVZpU05IMktmY1JBRmY5dDVDUWo?oc=5,Red_Sea_Gulf_Aden,google_rss,Red_Sea_Gulf_Aden
Iran war: Cargo ships are hit and U.S. investigates how it could have struck a school - NPR,2026-03-11 07:00:00+00:00,NPR,news.google.com,https://news.google.com/rss/articles/CBMiZ0FVX3lxTFB2aHYxemhJUGtXd1llZDdycHQyRUNvWlRLcFBYcEp0TVpVZlZZUVp0ZjZUalFhVDFBSlpFMTZoX1BVSzdWMUVFS3hEZ1hfSVJfNkllbjhnQ2dZNExoWVRKX1dMZlQyWTA?oc=5,Persian_Gulf,google_rss,Persian_Gulf
Pace of Iran’s Retaliatory Strikes Appears to Be Slowing - The New York Times,2026-03-11 07:00:00+00:00,The New York Times,news.google.com,https://news.google.com/rss/articles/CBMilAFBVV95cUxONF8tRjllMVNIbEJYSVQxN2ZIczZYdHRmRUthSWNwbzJ3dVVob0FZQUpUZHFLZkRBcm5ldHBLUTFmRFBpNkdBY0VLMGc4bGlyTy02amxkLWVpQ3BIMmtDT0d2ZHRZN25HbVBObzYya20ySE5YV0tGSlRsRWZtVTRLWGt3NGZ2RVBmdG15VHFnQTRFT0dT?oc=5,Persian_Gulf,google_rss,Persian_Gulf
How the Iran conflict is impacting global ocean shipping flows - Supply Chain Dive,2026-03-11 07:00:00+00:00,Supply Chain Dive,news.google.com,https://news.google.com/rss/articles/CBMipwFBVV95cUxPRC1ZNEl5MXBEZ1YxbXVzeHlZYzlFTkpaUlFYU2FPUThWSUc4TjJFT1BqekVMQnh3dG9vcTBLR1p6WWFnRDJyMVhFMFdYMjVqTlJScWRGS0hxLWh1ejdXSmZxZzNnOTRJQnQ5UVZid0YtamFYejcyYVN6a0RsNGVCOE91R2U3NDFEenZ5TnMzc1Q1LXY4bnZWMExaelJQOW95Y2lIRl9rOA?oc=5,Red_Sea_Gulf_Aden,google_rss,Red_Sea_Gulf_Aden
Zelenskiy says Ukraine's military hit key Russian missile plant in Bryansk region - Reuters,2026-03-11 07:00:00+00:00,Reuters,news.google.com,https://news.google.com/rss/articles/CBMi1wFBVV95cUxOOWZHX093MFpuRnZjVC16SlFxdHUwQTZ5LWZmYnI4cGRwN1NBcTR6QTc4TG9kbHZZMWFHZ1VXaGlqVGVhVF9aalVBUEFTWFNkcl9keGhzTmRtcVJmVlRUOU90eVJ4Z1NXTjZ0Z0NlQ1lBYTRTUVVLSXlaVFQxdmVKVDNtMmR1ZXZFZGdGRDFkTFhKRkc4VzNFLWJHbTlKUUpQM2Z3RFdSRlV3QXF3SnZiYmV5bXFTYTdlYXprUk1fNU16UEFfMzBkRklxMTBLWk01TVktMGdPcw?oc=5,Black_Sea_Ukraine,google_rss,Black_Sea_Ukraine
War in Iran enters second week as strikes persist and Strait of Hormuz threatened - National News Desk,2026-03-11 07:00:00+00:00,National News Desk,news.google.com,https://news.google.com/rss/articles/CBMiiANBVV95cUxNWUJ2RW9sNlBvWDRsRTBsMlhiaWpkajFyM1dRUjdRaEt2Yk5XZExpSXFFQ0RIX2xRZDZSaWp2OEFGLTJiR2l0U2hRdkFCOUhFclBTVDdMSDY1aXFJcVE1OGxZU3NTaUUtRkRSU2Zqa3ZNMmdjdGdCTXpQV3dyVnNlQW9nSHZCaFhSQVV3MG8xVmx2WjcwQVowNFV2TlpWNW03NE5zajBxa2pCSVhvZVFsTVFZandWREtWdmxnYlZoZ1NXZURuWEdXOFBUSHV3LWNxaDNCTUFOMHRUUDVQYlIwbVZrbHNjbzAwdzZNakh0dGx3bVY5dkZ4VEpKcThBazJxLWF3SkEtYmZXMkhEWlpmS0kzM0FaNFJGNDBBeGliNXY0WmRHNkZMRGZrVmYzZ3hnZXotaTFNeVdEZ0NfUzNjdjBka1hqakpEdHZBVXp2WGlhN0tDei1nbUNOdGVsc0hNT1luZjBqN1ZwQmVMb280QUluWDh2NHZVSWZib1Z1eGYwQ2I4aVlXaQ?oc=5,Levant_EastMed,google_rss,Levant_EastMed
Iran escalates attacks on infrastructure and transport networks across the Gulf - The Guardian,2026-03-11 07:00:00+00:00,The Guardian,news.google.com,https://news.google.com/rss/articles/CBMiwwFBVV95cUxOeTRibWU5aUlXT2N4VDJ2QUUwRWstOGIxd0trTVpyOVM5eDVxbWhZd2lwaUp3azd3cmZmTktuNnZMSi1UY29RWEhiQkZFaWczZ2RmLWsxQ3ZKQnltRDdha01yQmF3VEZiXzZsd0Fyb01hMXdMUmtyanZHeWdOR0NMaW1EbTA0QWdBNHBuZUhLNFpBLVU2eG5razItZVkzVkNIbHpMdms3NG5pM1lEa0RHUmJFZTdSU1NfRjAyazhaQk5pU0k?oc=5,Persian_Gulf,google_rss,Persian_Gulf
Why Are the Houthis Sitting Out the Iran War? - The National Interest,2026-03-11 07:00:00+00:00,The National Interest,news.google.com,https://news.google.com/rss/articles/CBMinAFBVV95cUxPZUtxQjFBaExjQ0h2YV9rTnNSNzdGa2FFQ2FiR0QtYUsxRDZLMFVic3ZNTDhBNmVsUzBISHdJR2g4ZExXTC1qMVJoZFVZaVBMY2lFa05YYnp2d3NYN2VnS3RvWTFaRFhfbGdRbXBLcDVVTWRxam9fdFNkWWxIaG41ODhEeWtuTUxtaHBCd2cxdnZWX2Mxb0JMTDMwNms?oc=5,Red_Sea_Gulf_Aden,google_rss,Red_Sea_Gulf_Aden
Ukraine’s US air defenses are at risk in Iran war - Politico,2026-03-11 07:00:00+00:00,Politico,news.google.com,https://news.google.com/rss/articles/CBMihgFBVV95cUxPZTF2V0pYUGVQck84YnlqU3V1T3FZa1dpUzZmZEJUcXJSQlNLYTlVT185bGl0LUZVNjNncEc4bWUzTDFtR3NsZWRHRGFXR2t4aVVkWm83RmZXTkNWX3NqUEZxME9rVHpfV3VoYzdOV3EtRG56TEhZVzRPRU9rdkFXVGRfRXUtQQ?oc=5,Black_Sea_Ukraine,google_rss,Black_Sea_Ukraine
Kremlin says Britain was involved in Ukraine's missile strike on Russia - Reuters,2026-03-11 07:00:00+00:00,Reuters,news.google.com,https://news.google.com/rss/articles/CBMiswFBVV95cUxPN3BTeVN0UmVXQ1hXTy1tQVdISmU0MkhoTjFoOEFCNE0yR1A3ZXgtcTYzNUlwam1uRlVTT2NGdlY0UGdSTUU1VDd5Y25JOUdpT3RrZzZmLW5VRE5QaTZuS3NYVFhJUUFkVi1yd0I3Ykd6cFIwZzRuY0FtQ0ptcnNTaW5EbWNseDBYSXJPUThwbkZLUmZ3THF4R0JZNFJHLUQ1RWlYRVg1T3Rhdjg5WjR2NjZFaw?oc=5,Black_Sea_Ukraine,google_rss,Black_Sea_Ukraine
Will the Houthis join the Iran war? - Atlantic Council,2026-03-10 07:00:00+00:00,Atlantic Council,news.google.com,https://news.google.com/rss/articles/CBMijAFBVV95cUxNdG1GMDBaVEw0bTRBQlRmN0hFVU5WUXlJN2wzR19CSkwzSFllMVViOWZUaDFfWVpCamZjbExuNk5Ka2xLQkhaQUp0VXlVWXlmcm5sU0JQMnNqVEFnX3BkTEh6bWtTRDNSeU5VRm9aS3pJSjA5TUh1LU1Yal9RQXpMaE9JLUpRZndIVFZqYg?oc=5,Red_Sea_Gulf_Aden,google_rss,Red_Sea_Gulf_Aden
Iran war: What is happening on day 12 of US-Israel attacks? - Al Jazeera,2026-03-10 07:00:00+00:00,Al Jazeera,news.google.com,https://news.google.com/rss/articles/CBMinwFBVV95cUxNWkJYckV1U051V0J0RXlsdVNIdDJBVkZROGp6aUstdWk3UFA4MEZGOTRqeVF5ZkZYZTJvaF95RWlzQTQzT3BYOTZ2LVBCN2VhemM1elpKOFhrVEJLVnFXN0VsaTZMV0k3WTFkRWlHNjVqWEgyVkI0Z0J2bm9wYmg3cXBRaUp3OWZzeTdCVG9SYjdPWS1PNUNLQW8tNjNJV1nSAaQBQVVfeXFMT2VTOHplSUtXMzZtRUxIVE1tczJVVUw4VUI5aUNXZngzdnR0Q1dERkpvNGM0d3FyQm00N3V3WGh4SEI3UC1qWHExeDhrX2JZNk54UC1jZ0w4TFdoQ2NJcDg1bHdGQXJRTjVWcWNYamxodHNKZTdpODlQdlA4Z3h1QW5OaFplMDN4d1lDa2tWbnFxalNXQkJneFBhN0FTV2dLR2xoZXo?oc=5,Persian_Gulf,google_rss,Persian_Gulf
Ukraine and Russia both claim progress on front lines while U.S.-brokered talks are on hold - PBS,2026-03-10 07:00:00+00:00,PBS,news.google.com,https://news.google.com/rss/articles/CBMiwwFBVV95cUxNaDhzUlJxelFqZXY5Z0JpRnJ0eWVpSmpFQmdfcVplYW43TkVDSjd2X1JLR3BqSmtjb2JUaGx0dXh5U2dOUlk5T0VISDJpUmRSa2J1eDRFemlEWmZMX09VMEFXMFNzRWNrdFQ2ZHRIV0xLMlhUemVJaFJZdGlUTTBzYjBGWEgzQnBEbHRSTU1wS1Ztek1UaHBqQV9KeVo5UG9ZRkNsR0d4dllua0E0ZFAwTkpjRXhKdkNTdWZUdWplUnRtdDjSAcgBQVVfeXFMTVB5dXJVaTIxaHhHQ1pHYkItMkhIT3FQd3dULTAxaE00RkJvUUk3Mk1kN0NjellzRFloQXc3VHNqSFZqd0tRTkR0aVJPbGl2Z2FwTkk0c0EtM1dyWXFES0s0WTBwaVZ6NFpnd3BOMDI4dXAxLTdJUXp3NW4yYXNEcnQ5bG5XcVhnV1ZqVlpCZ0xGMHBoZ3hHSjlhMnJsRnhnV2tWS1E4d3Ztb2F6MEJBVk55LWhodnI0WTNMSjdWWFRXcHk2d1VEeTE?oc=5,Black_Sea_Ukraine,google_rss,Black_Sea_Ukraine
Red Sea Uncertainty: A 2026 Forecast for the Houthis Actions - Global Security Review,2026-03-10 07:00:00+00:00,Global Security Review,news.google.com,https://news.google.com/rss/articles/CBMimAFBVV95cUxPM09TQllBek5kaTRFRnlNMTQ2TXZFa0lXV2FrT0ljbEF0Tmg4VXF0YWl6SW5Ub3NUZXdsbWFqazhoc3c0SE9UQm1EaDVZLTYzTUJTMjdEazVtMTVnVENXc1ZSOHNzRjNJTkpKeHZDVEdyRGx2VkN0RVdCRVhRM29jSllmVlpjN1V6MVVLQXppUkxtMmc4SU9nXw?oc=5,Red_Sea_Gulf_Aden,google_rss,Red_Sea_Gulf_Aden
Photos from Iran and across the Middle East as the war enters Week 2 - NPR,2026-03-10 07:00:00+00:00,NPR,news.google.com,https://news.google.com/rss/articles/CBMikAFBVV95cUxNVVYzT1l4TmlxM2FjazNVc3VLdi1LcURsamVBcmhXWVNYSjltb0NkWFV2UmNxUHlIa3NSMEJ0SGtHem9zSlhkWWNtVTNDMzZVMnV3RjBfZU83Sl9uUldtS29fRGx0Sjk3NGtmWXE5NU85MktNSlMzbmx0ZDlKUzNHWTFDOHBwNFJFVlM0bUpHV1c?oc=5,Levant_EastMed,google_rss,Levant_EastMed
What Trump’s War With Iran Has Already Cost Taxpayers - Forbes,2026-03-10 07:00:00+00:00,Forbes,news.google.com,https://news.google.com/rss/articles/CBMivgFBVV95cUxQMnJHZHhvTm90NUkwSUxxbTJOTTF1S1pUQm9zWWVmTzUxakMzRHBUSTlCbU16ZXBmT3RMRUFJQjFlYlZOVUJMUDhKdTI5RGwwbjFNTk1CZ0pYRG5KTC1KOFA0QXdULVpvZjdZeWVEaGVSNHhLYWxaX2VsclpnbXc0ekoycWtkQTF5eUdfR19nOTEweFVKTFE3TW1TMmJwMnI0YTNlTmFGbVI2bzkyMzg1LVFXSnVmWmE5UWd4WkdB?oc=5,Levant_EastMed,google_rss,Levant_EastMed
U.S. and Iran ramp up threats as Hegseth warns of 'most intense day of strikes' - PBS,2026-03-10 07:00:00+00:00,PBS,news.google.com,https://news.google.com/rss/articles/CBMi0wFBVV95cUxOazVDTEpWOThHZHY2dHFZazh0YWhNQW9JMGk4bXVNYWNIVzlTeTA4WlNLLXhYMGRsRHBWMWNBVmtIUkJEVzhjUmFiSU1IVktZSTdLZm5ROV8yNUE1VnVhLUZIWjVid0luT1hmS2MxNnNlY3czT0pMa1VEV05OQ3pqcHhvUkJ5R0ZuZ0dETUZNQkNkZFQ3R29ueDNOVF8wX2ZCYU40UEQ1c1JoUjFIRTd6WUVBWF9iZkNqeXo1ek5QTzZGeVljOUluWW5jOWJnal93S0I00gHYAUFVX3lxTFB5V3dtclAyYms0MlBGbTZnaThKcDNuNmFONmRONjNJeVg1Z1JNVlhwVV9reWJTeS1DcnVKSUpZeDk0eW1FWDYyMGFEQmg4NGtkaFVNV3RlQzNCeUhNVUoxUG1PT0M2S1Q4S0tFRk9ER3hzMlZkVGkxYlQtNmYtSjlQcUUzLS10SnktMTV5dFNqTERUbUZzTG8tQy11eVhubGI0c2lfdEpHdTQwTmZSRDd1OW9lWlNPSWdRSVk2U3E5c0xFWjVFRW9oUi1uNWZZWTc1MDBUd1lKYg?oc=5,Persian_Gulf,google_rss,Persian_Gulf
"Israeli strikes on Beirut's southern suburbs, West Bekaa and Saida districts - L'Orient Today",2026-03-10 07:00:00+00:00,L'Orient Today,news.google.com,https://news.google.com/rss/articles/CBMi9wFBVV95cUxOeDhnWFNwaVJkU2RLZW9mSkVzcFRFaEo0WkVIblB1Yy1rZXBwUVpTRnB6aVlHbUZ1MkFCZUtJM2NURGo1RzRuVGRuZHJlbTFIVm5DQjdrVzdfZ09qS3RPdHNFUGdPdUdPM2xXSGEtclBkTW1uSFBLRkpDMzlPc2t2N3FDOFVEX3VPYkczR1hRUGd1Sl8yXzlhclgwNTFyXzh1bXdWVzdwd1R3b1l1ZmdmS3FFX2hjUzQ5cFN1LWdfZ29uM0lkdVlkU1VXMEtFUjQzRGF4cTItNGgxcHlCUTcwMFdHR3BMekZ3V3NnMkI0QUVpaFoyLW80?oc=5,Levant_EastMed,google_rss,Levant_EastMed
"Middle East war: military, strategic and diplomatic angles - The International Institute for Strategic Studies",2026-03-10 07:00:00+00:00,The International Institute for Strategic Studies,news.google.com,https://news.google.com/rss/articles/CBMiugFBVV95cUxOS2dwVlg2Yk9jV3E5QUxjcGk0YUhJTGUtU2dQZDA1Yms4OUppN0FxZkE5WUxveGZGbFJ2YkpOSDY2aXRrYU1KLVM0dldKYkVOSVFyR2RhQk4wOS1HMjZBeDhhc3ZBa2lCYTgyUnJzRDNjQmhTV1lydU84RmVyR1VhNlZpZUVhU21EZ2tZYW1FOFJhSVAyYmlPWXRYZWt2bjlhMkltblEtUW9PQVY2U1dqS01MdTREYXp1ekE?oc=5,Levant_EastMed,google_rss,Levant_EastMed
"Iran Update Evening Special Report, March 10, 2026 - Institute for the Study of War",2026-03-10 07:00:00+00:00,Institute for the Study of War,news.google.com,https://news.google.com/rss/articles/CBMioAFBVV95cUxQUEJjRjNjbkRMam5zZXp4NXJoU3IyVnVTM0NTMERTaWZHaW01WHpiTnlXVUw5YWNtcmJySkFPYXlYblhja3V6bzVYMmpwR2psTzE1M3l2dzlNcmNBNng2Yk44dlFhREFkMXVLZC0yRUhsdVpoZkdSVjU1X2t5MTE2MkkxcUQtekJsRTNEUjBmVjBBYWpqeS1LWG5TN1RwbTJZ?oc=5,Persian_Gulf,google_rss,Persian_Gulf
"First Ukraine, Now Iran: A New Era of Drone Warfare Takes Hold - Council on Foreign Relations",2026-03-09 07:00:00+00:00,Council on Foreign Relations,news.google.com,https://news.google.com/rss/articles/CBMiggFBVV95cUxOalZjVzZzajg4M3JlY0VxQ2otc0pLWTBaeEFRSTZhYTQxa2kyQUJNR2tMLUJXRGswMVlxZG9qQllITkRaVEVnOWxsN2FHTHVOWm5MdnowQWl2aXlGcEg0WmwtQUNhM0RnZ2g0MjRpS0xOR2ZWVmRRZ0xCeGNBSWtmLTZ3?oc=5,Black_Sea_Ukraine,google_rss,Black_Sea_Ukraine
"Iranian drone attacks on Amazon’s Gulf data centers a harbinger of new tactics in future conflicts, experts say - Fortune",2026-03-09 07:00:00+00:00,Fortune,news.google.com,https://news.google.com/rss/articles/CBMi9wFBVV95cUxNMXFUWTB0S1VDZ0F2UUhLdHgwMUZZZkZWWnhLMjRyUXp2dVJvZGVSSkk5bXJvbUI4UUFOOHB3c2RGZUdfMjhWSFE2d1ZPbldaQjlfXzdhMnFnX3Y1Vi1UanRrWTFaOUhWS1ZxaU50MjBhbUdHZ3lnVWhOai1wd3UwejFyTW1rYTYwUHQ0R1V4VkxaQnNRa2hiUWVqX2FiYzBoeExQY0VOMEJaS2dEeS11OU5XLTM2RVRyNlN6YVEyY1lyb3hqeXJ6d0NTNFViaHV0OS1xZzlUZHoxMEU0OGZBTFFwWGI5UmEtbkhMNnJ2U3Vnd3ZhT0hr?oc=5,Red_Sea_Gulf_Aden,google_rss,Red_Sea_Gulf_Aden
"The U.S. names its 7th dead soldier, Iran names a new supreme leader on Day 10 of war - NPR",2026-03-09 07:00:00+00:00,NPR,news.google.com,https://news.google.com/rss/articles/CBMiigFBVV95cUxQNjN6NlVFX0IxVW5penE4TEV4WHZMZTY2YjhER3kwWkxYcHZudldsM1RVN3hBdHlEcFNwS3J6RnNqZllqN2I0cHZXSlBMSjllS05SM0dQWG5tNTJFLWVLXzEtZkxsS2ZxYzJxSEV4ZkFUZ0hUd1V1d2xja0xBcVpJZFBBRDI4TGo1RXc?oc=5,Persian_Gulf,google_rss,Persian_Gulf
How the U.S.-Israel attack on Iran helps Russia in its war against Ukraine - The Conversation,2026-03-09 07:00:00+00:00,The Conversation,news.google.com,https://news.google.com/rss/articles/CBMirAFBVV95cUxNczFIMTFoLTBFMllmTE9BamJBMnVfdlZndjBqdHk2QnFCdjJ6dkFZZjk3aUIwblRWNy0yYnd4ZXFINE5NZmlWRW42ZWduTkNFeWJaVjNfNDdaVnhlanhNQS1odHVPbDF5TXh2MVVUcGhMWHljVlpmRzRfdlNWZ0JfcTdvc1I3SkJLdGRVQldxbWFnaFRDRlVTTWVwTllJUjRzYktVem1kSVlqbzQz?oc=5,Black_Sea_Ukraine,google_rss,Black_Sea_Ukraine
7th U.S. service member dies in war with Iran; Mojtaba Khamenei named new supreme leader - CBS News,2026-03-09 07:00:00+00:00,CBS News,news.google.com,https://news.google.com/rss/articles/CBMihgFBVV95cUxPUFh4c0djeTJobnBEVmtQeVUyTVJubkw5UGducS02T1pUMjE2QmhDQnM4aVRlSnRacFoxelVIazZnSExCdGZvMnZKcFU2dmt6dzg3WHcwN2FfQjZLaFNKNXpuemRSckxubXdYdGxXeWptek92dXhfaVNSVmlVWTNJaHJjVDY0Z9IBiwFBVV95cUxNNmVWRVloV2N6OHFickp4MVNwT1BLZGd1ckYxWlhYUll2NVNwNHNOVHpTSDJNQXpNM0lhaDJFN1lCYzYzTlBvb1hZVVRwb05RbjkxZS1TdTYyRkl5bGZ2T0o2WTk3aHJSSGVXTWl1MkFBZU5heG9fNDRyTE8zVjJ3QXB5dFMzci1tRDVB?oc=5,Levant_EastMed,google_rss,Levant_EastMed
What defence support could Ukraine offer Middle East states amid Iran war? - Al Jazeera,2026-03-09 07:00:00+00:00,Al Jazeera,news.google.com,https://news.google.com/rss/articles/CBMiswFBVV95cUxPSWJ4dkp4NUtfNUZJUVVET3F1WkN0bGhBekk3b1VBU3ozdkd0NS1tV2FUSXkwczA2dzVOdUM2TUVSRk90RC1oSklPWnp3ZVRwRUpFNGdRSVdZc0hZT25aLVVwSHpwZVdCSHNZVW1rVDVmV1FNa3RQOU1jTXhzMFcxOWFsMXNabmxoRkxfVTZyaU5LQjllZ0hKaXFKbkZmVUJrZUlQYTVub0VPc3Y5dTFERjNrNNIBuAFBVV95cUxOaFE5amplcl9YUWgwWUl3WnpCdW1fc1J5djdKZzNEakxRdm9kYkhiOEZLQWQtMl9fOFhTUGJhd1RKX1JaTVpnZ0YxNHdpeU00R0xvdkRRLUc0V2Q5anJJY0dvYTdSOGhjbEh1X3dxcUJ0RkZXb0h1c1JVeTZWSmYtRVltd19wMlBfQ3Z4ZFZNRW9SRlV1Tm9rQU42MG9ucTh1QTdGRlpwSDM1VXJOalFoU3Y0UUNCaVh6?oc=5,Black_Sea_Ukraine,google_rss,Black_Sea_Ukraine
"More than 500,000 displaced in Lebanon as Israel escalates attacks - Al Jazeera",2026-03-08 08:00:00+00:00,Al Jazeera,news.google.com,https://news.google.com/rss/articles/CBMipAFBVV95cUxNLUdBdVFJbkdNOEVheDYzcERENlFrTGVEQ0gyZGkxSmdEcm42cjZqNWpFV3BsblQyUHprZmMxMERHZVlxRUI4RUtLSVBMczhmQTJnQTEweElMVEhzazJMdkxVZ3lrcV9RSzc5QjItU2R3a1RHRzV4S3RlWXJnclEwR0ViRjVyZ21sRTdxRlo4ZFA2OUV5ajZjS1pMT1FDMXliRERLLdIBqgFBVV95cUxPODYxSHExXzhUNTgtS2JHQWt6Sk1XSkppdE83bi1oeVBaeHNRM0F5c0U1Z25uVDVGcWY3WmJ0QlVITzNwSkVhRmRfYXVtQV9KSlJ1NnJaU1pCdmtxQVNSR0M2SlpmUTJpaGYybWJoTkx6S3NqQzB4M3NtaVdwanRZbkx1WXVTZk1EVDF6TVczdmc3ZHFyREhBTVBVWmFuTVVXVnpaMHpfaFZLUQ?oc=5,Levant_EastMed,google_rss,Levant_EastMed
Iran vows it won't surrender as war with the U.S. and Israel enters second week - CNBC,2026-03-07 08:00:00+00:00,CNBC,news.google.com,https://news.google.com/rss/articles/CBMiowFBVV95cUxQVkFuZXhzTlJvRnc1MURUQzlGcWZ6cTI2MFJhTFFhTGZPSThmeFBsd0pxN1NJR3hWYk10Mk16Z1Z0V0xHcmlMbFhMRm9wTk40Q3Z2TU1nY2pZTnJZcmx3UFpCNFdwWmFDQzNCTklPZTBadmk2WEdSamJuSkVfVDQwZ3g4WDkxajhkX09YNng3Y1lfWUxPcFdrcVpza1hOazVrVmhR0gGoAUFVX3lxTE51ZFZJNG1xaEczUmtVbmRvOEh3eFJrU2ZJa21RYkd6bkdsSnFyc2VBYy1aajY1NzJVREdRRWlvV1czTmRaMjk2WE13T0xnVnMtUnBMX2tGTEJqeWtlUENtYVhrLWp3ZWRsRXc2RkE4Z0p6SFdFWHpoNVdhRUp5Y3IxME5VbnZCR21ldENEa3g4cW9jSGszSlFJZDV6aXVudXNjV040ZUlpTQ?oc=5,Persian_Gulf,google_rss,Persian_Gulf
Russia kills 10 in Ukraine strike including children with new missile - Al Jazeera,2026-03-07 08:00:00+00:00,Al Jazeera,news.google.com,https://news.google.com/rss/articles/CBMirwFBVV95cUxQUHh0YlpTWGRLN3d5MEc5Nl9hbDlLdEVEQzFKdlJreWNZZS1IbGw4UjVwWkZMRkxfdHpmWjAyZE5fLUcySmhqbUtMYnBoNXc2d3k5QUZxbGR6djNTMDZYREZlSk1hYm43VVhTeENMeVhKWHcwdXowZ21RR3FUMEJNQ0U0Wi1WVkhDc2o4ZWhDdmVBd1ZaY2llMllVdlJ1V09uY0VXOEZWNlg0SGJTSmcw0gG0AUFVX3lxTE0wLWhBMnBiTjd4UVJPbzVTc25OaV91Sm9qVjZUS0Q4ZnRueEJsRnVmUmh6VUxwNWFvYmZiQ0FuWk5xX29NbGc0RHdEUW9FblBoNGN3S2ZhTkdDYzJHN1pvcnJFdVVQS1hFNmVBZ2JjcktZNzh2dU5leS1Sa0FqUHJuYUlRb25DeXdoWTZDOURreUFLVVVLNDFsV3lyWjBtNV9BNm0wZzlOci1WWmJmUk44djRkZA?oc=5,Black_Sea_Ukraine,google_rss,Black_Sea_Ukraine
Gulf States Caught in the Crossfire of War with Iran - The Soufan Center,2026-03-07 08:00:00+00:00,The Soufan Center,news.google.com,https://news.google.com/rss/articles/CBMiYkFVX3lxTFA5Qlp6cXlISXk2OHFqZ1ZfcmZmRUpEM0otQXpKeGxmNEV6NjkzdTMyUUpNR19CM09PeFo3UWl2T0JKZFpVTF9Od3R5N29PRVFWVld1QnVkZGxUUTY3clpXRnBn?oc=5,Persian_Gulf,google_rss,Persian_Gulf
Allies fear Iran war will leave them without US weapons they bought - Politico,2026-03-07 08:00:00+00:00,Politico,news.google.com,https://news.google.com/rss/articles/CBMiugFBVV95cUxNZU5iWU9NUlZmem5vOUlVZ1RKRGxXcE1KeTJrZWFVUXpxTHJnRXVlOHlkOExZYURnWmpQTHVLcFpTOGlVY1o2WFBBUW5odWVZbGQ0M1psTFc1SFR3a0FraG5nUXRYdWVMN29oM3Z0dVFjWDUzempVbEE4WUFLWVlUQmZRT1h2dUx1RWE0YXRwUGEtYUpaVHVlV25LU201ZUFEQjVyUVd0TWRjSi10MzdWZThfVmpheUZuWnc?oc=5,Black_Sea_Ukraine,google_rss,Black_Sea_Ukraine
Gulf States Had a Strategy of Playing Nice With Iran. It Failed. - WSJ,2026-03-07 08:00:00+00:00,WSJ,news.google.com,https://news.google.com/rss/articles/CBMirgFBVV95cUxQVDY1Q29TSEFTYk9ORC1kcXE2TkJqYnhvLUJMbG1fOTVNdG9mbVpvdlB2amplRTlJY0dzMkZBamVibmZmTnhNZ2lLNnBqaUdXbnNHVUlCdWtSQ3Z3ZkEwVFlYWl9SSnFXU09nZTIyS1hGc0stUUhuRHd1V1NIVGgzYzBIVjQyRDlpc1NkNF9pcXp5bjZQd296U2J0QlFvM3QzYjk2aGRjc3Q3MkxNZUE?oc=5,Persian_Gulf,google_rss,Persian_Gulf
New wave of strikes hit Tehran as Netanyahu vows 'many surprises' for next phase of Iran war - PBS,2026-03-07 08:00:00+00:00,PBS,news.google.com,https://news.google.com/rss/articles/CBMiwwFBVV95cUxQUUxQZE5ocW1YYkpxUC1OTGpHcktuaTh6UVdaUnA2dFZ0MUtYWHV3NHBZNWRrT2V3a3p5dnJRVlA4cmo5Skc0aGpQd1RzRVZTdGV2blpfRDh6ZWZkd1gwdnpXajh1S285SERQX2tkYTR3M0NNNmtmMm9BUXl4emJHakJBNkp6QkZIQnZsWG1CZDJrc0poMGhIMjdHVV9DTUhxWDRZT1lvNEtQXzloSURqX0t0THRpcDFiZ0stbVItUWZvN1nSAcgBQVVfeXFMTVNzanBYMFdUb2xyTmZVOHIyT1hBNXNrUXRvZTJETnR2UnFLWTQ4UnRDTGNxbjE4dVNnZDhsYlFHc2xkRG9Qc0dkanpKYjI2NFNvc1pCbjZfaDRHUDlpRjJkb1FGR216WWlmNFZJMUpPZ0VScWNoOTRsUlJsYXE5R1F3eVVLM2tVN2tEZEk3cDU3VzFnMUhOeWY0ZE9tajYwWGZLZks5d3NFYUM0V21vQS1UaXd4OS1PRl9iUHl6UHJuVWJMTHNVNkE?oc=5,Persian_Gulf,google_rss,Persian_Gulf
Why Yemen’s Houthis are staying out of Israel-US fight with Iran – for now - Al Jazeera,2026-03-07 08:00:00+00:00,Al Jazeera,news.google.com,https://news.google.com/rss/articles/CBMisAFBVV95cUxPVkJxT1F5RXdKU25Yc1dNQlhOT3hyQUUxWWt0SzZodkVURHYtRmIxOXY0cWh6VHRnWHpOZTdfWXdQdDQ0OTlkNDc4U2lWNWtVRlRmMlNOYk1IemY5MFVPTklUeW4zQXY5cXI4SDNINW9ucG43WGQ2V2lWOTdFMngteVRQMHpyci1wUmRDNUxvNV9TRXFmaUlfV3RmbGdIbXZyaFN0OG5wc3ozTE4yMmJpNNIBtgFBVV95cUxNX2dSM3dJdnBaUEJ1WENtOUJtc1BlU0syeW9LMDRmQzAxbFJiRkNkbzdGOWw5WXEtRUhkTGJYa05fcUl5V1RheFRPTW1RbGI4eENTT0V2X2ZkTXZIUm41U1oyN1p2anpQRmd1TE1qcFRVQWxNMG9VS1hwSmQ0dTdkXzVZN0RNSk5LSklqd2ROdkpnYjBwSHhIU3NQZTJRZFdqSFVmZEp2S1F4WEdQZmo3TGY4VnJqQQ?oc=5,Red_Sea_Gulf_Aden,google_rss,Red_Sea_Gulf_Aden
Iran war: What is happening on day eight of US-Israel attacks? - Al Jazeera,2026-03-07 08:00:00+00:00,Al Jazeera,news.google.com,https://news.google.com/rss/articles/CBMiogFBVV95cUxQa0tkTzQwVVFWMEUyZEM4cUY4UGVMaTF5QUlUNkkyUmlSaU52S2NkRi1zYnlDeF9QVm9NZHNMTTJ2WlhwTW9OY2twREdrTFdZZmRDeU5rNWpsNVpGV0F2UnV0cmR5OWV6WWlfM1lhRUd1ZHlmUXdPSl9KYk1nRE9SWlpraU9rWkFnTTg0cTlPeGZDSE5KcER1TnJ3YTMtT3BfSmfSAacBQVVfeXFMUGgxVjFNbnZEbGEwWjdHaVFEQzJWUy1xYnl4UlBhck1LOU4yNFI0UzFGSDF4enQ1amFYbGE4eXd6cEp4WEl0dy1HaTlWby02QTZUSHN5YXdMajNZVzh4c1c4am9CeDBDVG44S2VGMllFZ0hQN0hseVNkb01ZSE5YLU9YTGtxdkIyMGMzalM1NGE2ZzE1aHFCSkZRTzVraGJqb1Zyb2pDaHc?oc=5,Levant_EastMed,google_rss,Levant_EastMed
Trump warns Iran 'will be hit very hard' as war enters its second week - NPR,2026-03-07 08:00:00+00:00,NPR,news.google.com,https://news.google.com/rss/articles/CBMimAFBVV95cUxPRDQzVTNsaUo0UGdKNnZZM1BQNml0UURFcmRpWnFxcHB2TVVYX0ZPRVlKLW9ET0gxbVdQWHdaMlJBR2Etd0RiZTRWempUY0RqUU5LaTNFemVnaVV6Zm5qQUwwNVBiSVFQY0Mxd2NMTUI0RXBrRnJPVElFYVNSYlJXSUFyTWl6RkRpMGNtaXJubUdfSnZ1V3hGag?oc=5,Levant_EastMed,google_rss,Levant_EastMed
Russian missile hits apartment building in Ukraine's Kharkiv killing at least 10 - PBS,2026-03-07 08:00:00+00:00,PBS,news.google.com,https://news.google.com/rss/articles/CBMitAFBVV95cUxNNU9MMVZwcWh4QzlxMGFzam5PNGdqZ0U2c09sYm1nMGhLeHNMeGY3bGZWbmcwOFg4eUxTbEljcUt4TmluUnpZT3RPeEJwcU8zSDBkV19uQmdpZTdKLUVOaU5vS3NCWXpiX0tIQmNpOTh3Z05CME1kMFkwUWVDNUE2OGJBc0xFWVhiSlpVQk1nQzFVWXZXV0cxUWJIOUtEeV95Z2ctS0V6UTBIVm9tQkFfN2dsbW7SAboBQVVfeXFMTkFrOWk3MTB4SnkybEVqR1hZcnMyS1QyeV9GSi00TzN3NWRhUlI3YUdPZ24xbk96a3RoTVEwWG1GOGRHU2lFSEdqRjRJam0tdHFkb0ZTdWR5dU1waWdOSjJIMlZLNl84OGtDaE5qcFJmdEpreVlwWFp4LTBCSnpDVmhVeXM4T0N6ZDlPWEJsR2ZKTU05SHpIY2VMMHZKbVBVRm1OOVU4UkxKRW55cFlRNUdwd2dTUTd3bFJ3?oc=5,Black_Sea_Ukraine,google_rss,Black_Sea_Ukraine
"In War’s First Week, a Punishing Military Campaign With No Coherent Endgame - The New York Times",2026-03-07 08:00:00+00:00,The New York Times,news.google.com,https://news.google.com/rss/articles/CBMie0FVX3lxTE4yLUtaZzRVeXJSdDNOY1lFR2NxM184VTZoUnZCYTRFNE9vTzVLTlNVVDR0TGVHaEE4c3pNOTdkaWRHaWFQbmkzNGdBUlBTRXBzQzJ4UmNHTy1rOTZaSkNBakdKZ0ljN19nWW5tdkJ6b0xlWUFoZ1JBQmY0Zw?oc=5,Levant_EastMed,google_rss,Levant_EastMed
Iran War: A Defining Moment for the Middle East—Global Analysis from AJC Experts - American Jewish Committee (AJC),2026-03-07 03:18:29+00:00,American Jewish Committee (AJC),news.google.com,https://news.google.com/rss/articles/CBMioAFBVV95cUxPOXU2YmpJcnBGUUd5UE5pa2xydS01ZGhVQ2RIWFRiY1VLZ01abzkwQm13bElzNlNKS0hfRnlvTHJqMVNVX01jN1hTTTFJd0tUTFVoMndadW5TV0EwQ0p5d1lobjNkWUthbjFQVU00WDdhNFhqT3VST2Z6ei1OLXM4aHR6OUU3cjZYcjd2TWtTYXphTExpUTF0dl9oQ3lSdUN4?oc=5,Levant_EastMed,google_rss,Levant_EastMed
"Secretary of War Pete Hegseth and Admiral Brad Cooper, Commander of U.S. Central Command, - U.S. Department of War (.gov)",2026-03-06 19:16:50+00:00,U.S. Department of War (.gov),news.google.com,https://news.google.com/rss/articles/CBMi3AFBVV95cUxNcmc1TjZKd1dtMk5BNmY3OExCbXhwSy1PZmhYNDFpLVF4a3ZDV1pkYXpvZmx5ZzNLdkNVMEI0TjljczZsbWEyX01XSXRIcnp2WUlGeW5yaldmQ2szU0dLR3haTVhoWXlmZW85QWpxTWNmaTNuREhHRGxFU3A1ZnJiNU83OVBDMGNreTBVd2JrQmdMWFJTeDBCMXVkcWVnb29sNUloSXEwbTFVN2NoaEhsTnVWZUdSN1BabUMzbXhZaUpZMmhOUTVmd20tREdHM2tQbWZ3WUdxalhwbkJk?oc=5,Levant_EastMed,google_rss,Levant_EastMed
"As Iran war expands, Trump says he must have a role in choosing the country's next leader - CBS News",2026-03-06 08:00:00+00:00,CBS News,news.google.com,https://news.google.com/rss/articles/CBMinwFBVV95cUxNNkItZ0E2aDd2UDRLYm1nWW5KR1EyY05RX3lTUnFOTHpwbnJfckZBR0RjclVNT1paVnRod01rUVgwVTl0dy1KUlB2Y1czZmRZMkNRR1lFaTRnV09FQktuMGRIMnlxVEh6Zk95Vjk0N1dsaVI4Uy1na3ZBcWVNU1NYYkRtMUtGcURZRnpHeFUxaDh4QkRJOGIzUGt2d2ozaGvSAaQBQVVfeXFMTnRsclY0NEk5NHVmMHQwd3BzWjhZNWhSblVFaTRBM19KUWFXbjhzVFNIT1FLc2lyWHpXX0NSVmJyUjRUQTlwQWM0MVI2a0NCNDk1Wi01aHZSR3VMVEs0eUh3QThlLWgyT3laR25SaWR5WnFIdk94LXY4Zmd6eEVOQ3pQaDVRdjEzMzhCb1F4cTVzMjVJdjM2RDdMeXJhZ2Q5czJhcmc?oc=5,Black_Sea_Ukraine,google_rss,Black_Sea_Ukraine
From Tehran to Donbas: What the Iran War Means for Russia and Ukraine - Foreign Policy Research Institute,2026-03-06 08:00:00+00:00,Foreign Policy Research Institute,news.google.com,https://news.google.com/rss/articles/CBMiqgFBVV95cUxOQ3drZXoxLUdKUDdIcUY2SW5vRWNmSVU5YThPLWdqbkVfSTRjd1hCQmJpdlhBbFdha3A3MkUxcWw2YUFuV0VjRXBUZHJrQ01SZC1XcVJjLWlndUUyX1VyaEVHcmVJcU5BZWQtczhadkZFdS1DQzRPNUNBSkx6cGREeUh6bTdIR0NudExoU2FlRndOVGdkRlotQzA3d0ltM2hjcGdpSWtrUlFhZw?oc=5,Black_Sea_Ukraine,google_rss,Black_Sea_Ukraine
Mideast war risks pulling more in as conflict boils over - RNZ,2026-03-06 08:00:00+00:00,RNZ,news.google.com,https://news.google.com/rss/articles/CBMinAFBVV95cUxQbWY1eTRESWlGRTMzT0JrTWRmdnZKQTVpblBENFJqSV9sLW44bk9ZTXNndUJ2amlWSWNid2lORVFBSGR6Z19YZWZOV1NEZ0lpQkp6d1htcUNnVVNIM05sZmpGYXhYb2JqeHdwanpZMVM3Sk1CSXVlUWJ1Y3ljbm40akstejNNenhCRGY0Mkp6MzNTb3NhYlB3ZmlEVFM?oc=5,Red_Sea_Gulf_Aden,google_rss,Red_Sea_Gulf_Aden
"No One, Not Even Beijing, Is Getting Through the Strait of Hormuz - CSIS | Center for Strategic and International Studies",2026-03-06 08:00:00+00:00,CSIS | Center for Strategic and International Studies,news.google.com,https://news.google.com/rss/articles/CBMiiwFBVV95cUxOb0lDVHpGR0NLYXZOam91X2NEaTJoZ0lsR1pUN1NVM0xjUjFaUGU4WlBZQVF1dUMxc09VMGYyOEdndGpaTXVlRlJ3TmV6dDVGOV9PZkJoNEozTlpFcVgtT1FpcVNfVUVxbEVIQjJwMlNoNnZudEZpVDdrNDlXY1JTTndqM2xnV0JJbk9r?oc=5,Persian_Gulf,google_rss,Persian_Gulf
"At least 217 killed in Israel’s Lebanon attacks as Beirut, south, east hit - Al Jazeera",2026-03-06 08:00:00+00:00,Al Jazeera,news.google.com,https://news.google.com/rss/articles/CBMisAFBVV95cUxQXzFIdmw1TnotYTc1aHdMallWZ0lNamQ3YkNmVldUUTVVbEN4bnFPbjVNSGUzdDZyT1JrZFdKcXNsNUdfd2FCWmdSX3k4bWhfaTBEWVJLVUpCNWI1aEdXLW9PUGFoMXZvenNiLXE5RFB4OXhETEtPQ09KMG56WmtNX3l1eXctRUQ4d2xDMEtyMkQ1S0JocHozcDhxOVJUZlFuRXV1Qy04dVV1RWJTMUJOa9IBtgFBVV95cUxPdXV4RUpfWndIS3Ytc0VHZjF1ZEFRQzBfWUFLOVVVVjlld1JuQ3pqX2pTR3ZTejdTUXNOVUkyRkMxcDUyaXBCN0gtYThBWDhTRFlVbXhYUm1HajZZaHdER2RtUjBKUlRzTGFzU1pMbFNJeUtQaWZHSmtkS01Jc01md2NBazBMeWNkdk8tUDhvRUlVSVRGSUJhVVduMWtBbWw5SFVLYmhCUGM5QW5USjh6ZDhpWnV4QQ?oc=5,Levant_EastMed,google_rss,Levant_EastMed
Middle East conflicts largely avoided energy facilities in the past. Not in this war - NPR,2026-03-06 08:00:00+00:00,NPR,news.google.com,https://news.google.com/rss/articles/CBMifEFVX3lxTFAyYW9GeWVRWXZKRFF6aEdaek5lTk5PNElZZDJyWFg4RmRYZDRuVHI2cHNFa1RpNzN0UWtsRlozTUFxOVFyRE1oZGxGakxHSDBpdU9lVVA2bGJaaWxGZGxCVjN3SjRiNEdyUEpjcXNvYjRFQWF4UlhsSTBnUEw?oc=5,Persian_Gulf,google_rss,Persian_Gulf
"Russia is providing Iran intelligence to target U.S. forces, officials say - The Washington Post",2026-03-06 08:00:00+00:00,The Washington Post,news.google.com,https://news.google.com/rss/articles/CBMinAFBVV95cUxNLXhFUWd5bl9HZnExWGVkWUNCQmsyN3RvejV1ZTFjaTFVNEhHbGRreDN2cGF0VWVXTFFuTFlDVXJNWEl3NTRwVG9tOTFGYnk5TklJWUViSGpvOHhTU1FhUjFGVEpkUnNNOEJvWnZ3NXVQajMwTWN4Y29fQjA2dXYtdlRKY0dtdWEyZlpXaldNeURVMWtmMXhZdXhUQ04?oc=5,Black_Sea_Ukraine,google_rss,Black_Sea_Ukraine
Iran’s Chokehold on Persian Gulf Waterway Strains Shipping - The New York Times,2026-03-06 08:00:00+00:00,The New York Times,news.google.com,https://news.google.com/rss/articles/CBMiigFBVV95cUxQcHdZOFg1b3hPUWt0aWNvZ0VuaVdibnp6S3VYNlZIT1dIZVo5bmIzQ3hiUmthWDhSQ1BsNWlNZVhSRzJxX3p6Rzl0REx2eEhnQmJtMmFqY2h0YWd0LW1KNUxKRUYyd1ZNTndYbUdmV3EyYlNnYmJ4TnRWeXhZT1BsdFdsVmROSzE5Ymc?oc=5,Persian_Gulf,google_rss,Persian_Gulf
How people in the Gulf are reacting to the Iran war - The Conversation,2026-03-06 08:00:00+00:00,The Conversation,news.google.com,https://news.google.com/rss/articles/CBMijwFBVV95cUxQSUVxeVBmLVRrcHNLQ1FJWXdLa3lhdFhDeFZCMW9EcjJMTDZ1WUFtZnJPWThUMGJZMUsyYjNCZjdvZndRSF9CWU1mdWJyTUp1OFljS2VwWTl2aUNSSnFYbzdxOU1MdzlFUkhLWnhSWW1nelN0ei1mQVpvcVd0U05yQVkxOGp4bE5DcU9oWVlaSQ?oc=5,Persian_Gulf,google_rss,Persian_Gulf
"Amid Iran war, will Russia exploit Ukraine’s shortage of Patriot missiles? - Al Jazeera",2026-03-06 08:00:00+00:00,Al Jazeera,news.google.com,https://news.google.com/rss/articles/CBMisAFBVV95cUxQWVJZQ1NDeDhEWXJFUjFXQWIybE5RYW9EcGdCaXgwXzYzV2Y2cVppMVh2bTN1el9KVjJGb2xVQnFPb3FYTlBESE01NXZMWG0tbm9pRGotUXNsNG40a3kzUXNsTTR3dWJ0U0RmdG9EZzUxOExuNEgwaVJ2RWoxTGVtNF84Sl9pVE83YkhEdlByNmd5NXpvV0x1QXMyNjBTWUtDWlRSc295TVNCdnZTVFlhbNIBtgFBVV95cUxONG1NVjZ3X1p1SGY3MlFKRmpGb0pENEYxdzRsNzRZT2ZZSFc3UXQza0R2RWR5RnNDX3U3YmljV3dZcU1BdTZKWjJPeXIwU1JDZUltMDc5YnA5R0Z1ZFZiRjdETnU3QXJtaUlmZkFjemlOYktJdU9xTmJGSEhfbnA4WlNjRG1GQWR1MFA3V0Iya1Z5ZndsbWlBODJHdlRtNnRBOTFudWRHT2hBdDA5dU9aTGZjQ25Ydw?oc=5,Black_Sea_Ukraine,google_rss,Black_Sea_Ukraine
Hezbollah’s Attack on Israel Drags Lebanon Back to War - New Lines Magazine,2026-03-06 08:00:00+00:00,New Lines Magazine,news.google.com,https://news.google.com/rss/articles/CBMikgFBVV95cUxOUGt0V2JfTEpSaXVTQjljTXFtRUVfR1Q4WWRrbzViampTSG1uazdJOFlQVEZFZFV2WDg3OVZ6V0NfWW54WDdoVUtBaFMwandXMHFWcURZem5nWFJKSFNRX1ZoSFI5dGFMMUZLMU4wd3pOTDR6UTNEU2p0NWo0d0txOGFQbUxGTjY4ZDFENnNBU3dIQQ?oc=5,Levant_EastMed,google_rss,Levant_EastMed
Iran war: What is happening on day seven of US-Israel attacks? - Al Jazeera,2026-03-06 08:00:00+00:00,Al Jazeera,news.google.com,https://news.google.com/rss/articles/CBMiogFBVV95cUxPNUhuVHRLbmZReTF6SDAzMHAxdlVLOVRkb0xpZnFXQUkwdnhoYVNhTFVfRDE2SHhsV0dMSVQ3d1JvdlNGRFhFaWtpb2ZleHBJc2VrdjFkZ0tKdUhZR0UzWTRwYkxnTl9SUktWWVNCalhCVVdyOHVHbG9ab2RXZ05OR000bnVpd3F4LWhTNHFiRnlSUXhZYmdHNnhNeHVlX2NqT3fSAacBQVVfeXFMTUdITzZtQUVEb01HNnFDaGpBMjhyWE1UUnhvdGdXV05BS2N6UndVd1ZNY3ROczVPSVVyR3N5cjRiek5BaDRxOF9YZnhJdG92amdvcTBHNjV0Z19SMU4wRkZ1eVYtcGhsZ3NLMFRZUkpMbTdPVnphcTlfRnd0YWNFZmt5U01fekdYeTZmcGFjdExxTjFtalFTeS1GcDhMbGFiMEJyM3NhNEE?oc=5,Levant_EastMed,google_rss,Levant_EastMed
Will the Houthis join Iran’s war? - Al Jazeera,2026-03-06 08:00:00+00:00,Al Jazeera,news.google.com,https://news.google.com/rss/articles/CBMigAFBVV95cUxPSGx5TUJrekNVa19SWTA0WWVGeDNGYkJxN0VEOTdXU3hnT1JEeFBBYW96ZGt1TWFtV2RpWHlDUG95bVU4MFNaTmhxZFNDV0ZCbHJyZnZNMzVhRFkxVE9lb0ZKM0dMaF90OUFyRGhfZk9MMGF5SFlBbU1Ud09ONG1wX9IBhgFBVV95cUxNd2xleTVDTXI0ekpOdjh4bThQZG5XbHVDdFFCSWxLblVweldfb2k2LXZSVm5UUlhNQng1TThuMFZ6Z0pud0UtYUMtMjBhM2dKcVdxYnZWQ3RBZlkwZk5BY2ozRWR1aEJQRklzbE1UZ1B3RnFKdlhhVmlmWFQ5cXNscWlDZzhYdw?oc=5,Red_Sea_Gulf_Aden,google_rss,Red_Sea_Gulf_Aden
Iran conflict risks draining Ukraine’s Patriot missile supplies – Reuters - Rubryka,2026-03-05 08:00:00+00:00,Rubryka,news.google.com,https://news.google.com/rss/articles/CBMiwwFBVV95cUxOVDNMOFdKN2EtZWdCdHR2aU1aMWxPeFl2QXZEb2ROOEVtbGFRR05MbVhhOG5YckFXdEFBVFhpZ0lSaHpmY1lHSFd0QzRsaGdUbHY3ck9LMEVwcmp0MWlnRmdyeWl6RDRtWkJoSFZMQWc3eHdvSi1iblNfaUN4U2d1cUNmV2lRaFlpMFFISzJrWU1NNnZPOS12eEpYd2d6M2VlalZwcVRlNlRxUkprcksweS1DU2lNWVl5VDdTZGJTU2Fudms?oc=5,Black_Sea_Ukraine,google_rss,Black_Sea_Ukraine
"Pummeled by airstrikes, Iran launches new wave of attacks against Israel and U.S. bases - PBS",2026-03-05 08:00:00+00:00,PBS,news.google.com,https://news.google.com/rss/articles/CBMivAFBVV95cUxNMTNpTE83ZVk5OXV6RXlPanhTZEg5eTl3bWcta2QzdXZicVlGMjk2UWRxU0VoNW5najFwNENsVEJOeWh5Z05qc1VsUnlROEVGNHBIQ2hkblRiaVNkMndaUk1vSTBobDd2cS14eElzVENGd0ZoemM5TnFmOFl1b05Pa2ktODE3SllDM0htSkw4NEIwN0hYV0d4Yzl5V0V6OUwzV043QXJuMzc4VUtMNzBGdlM0bHFmbnFfQ0I4dNIBwgFBVV95cUxNWHJuWDhHbEU2cGxMSnlsY3UxQ3V6c2t3VHcyVTl0WWhuT01zUTE0SS1vRTkyMGJBNE9tT2I3TzNZVEdBR0hEUTB0NVJRaUFxRWpxcm9Bd3l4aThuR28yV0dKVndSOWNibmhtYk81VnJpaXdEUUkzSElQd3lTX3BleDRZSWZwVzJzaVcyWk83Nkp6QUFRNVl2eDN6czFzS0hyZ0VBeDdfYjZrYXNLaUZ2YWthMnZDM1RuWHdvUl9sNDhrZw?oc=5,Levant_EastMed,google_rss,Levant_EastMed
Will Iran’s Yemeni allies renew their Red Sea blockade? - Amwaj.media,2026-03-05 08:00:00+00:00,Amwaj.media,news.google.com,https://news.google.com/rss/articles/CBMiogFBVV95cUxQNTNBUFdDX3duTXRUYnpOaHlIb3poT2VHaUFQamR5aHNlNXNYQklLTEdBb3ZaUHk5ekxmNGFOdTBpNGtzWGh4X1FxR2d5VmwxUzBLZ0NMQmxpbG1KYTluNWRWYUJyUF9qLVZHSDV5S3pzU3pzY0NqUW5rOVQ3eWo3UDRXU0MxVjI3OTA1NnV1Qm1rMWMxSHpxTmExR2o5SnZLSHc?oc=5,Red_Sea_Gulf_Aden,google_rss,Red_Sea_Gulf_Aden
"US sinks Iranian warship far from Gulf, NATO downs Iranian missile heading for Turkey - Reuters",2026-03-05 08:00:00+00:00,Reuters,news.google.com,https://news.google.com/rss/articles/CBMitAFBVV95cUxQcW1SNjBFRllpOHRZd3MwRERLMTFnZXVGVHJzbmVOQm1WamFRUU0tdjlVUHE3bnhiY2dqaEEtdWxNTndfS3RRdXo2TF9HcllSSFZmSko1bGQ0YmVGYTJuRURxSU1VQVlJZ1JKZ2t6M0lPbF9haV8yVHBOTGhPWXRmN0Vld2hLcFRCY05pUUxNWVVucHRwVG10d3JGNmg0S01VYjg2RDNXLTVBWTdXT09INWRQSWE?oc=5,Levant_EastMed,google_rss,Levant_EastMed
Iran’s Missile Firepower Has Almost Run Out - JINSA,2026-03-05 08:00:00+00:00,JINSA,news.google.com,https://news.google.com/rss/articles/CBMif0FVX3lxTE1mSENWVVZENFotc1RLRWdzQVMxLXVSSzFMX2MwQ1JGdXBXMkZrbi1Fdl83R0lia0lybW9Ha1ZYSzR1dVJaZGl4T3Utdnd1U2U1LVZ2SmZEeVlCakJuMUx4X0huQncyS2lRcmFfN28tbDhaWFg4NGdkX25Bd2FHTWM?oc=5,Persian_Gulf,google_rss,Persian_Gulf
Could the Houthis close Bab al-Mandab amid the war on Iran? - The New Arab,2026-03-05 08:00:00+00:00,The New Arab,news.google.com,https://news.google.com/rss/articles/CBMiggFBVV95cUxOSmlqVW90TzNOdk1ZcG9hdnhYZk9kSFdiNEtSOC1NeGhkbFlpWUxfQUVqajh2bXlqSHpyd2tTOTRSdnRQc2RfVjVlQW9wOFhGenZzUWpWcW1VT21CX2dLUWZ3bGNJRDdvTzl2dHdGMURVbE9zQTd4YlpmbTdEOHl3emxR0gGHAUFVX3lxTFB1RGFLbFpEdUFDa1U0YU5TWlVBcWphM1pzWDc2OVM4WVBIYnVYbzhwVTBMcENxODlMdWowVTJoajYwQXV5bGJXQnZuOENJQm94MTdPSU5QVXV4UG5UNS1VQUhTUHRGUElieWoyQVBXdklqT2JRQWlHY2huSV8yS2R5NVJTaTZDOA?oc=5,Red_Sea_Gulf_Aden,google_rss,Red_Sea_Gulf_Aden
Thousands of missiles and drones: Iran's attacks on Gulf reveal its war effort - Haaretz,2026-03-05 08:00:00+00:00,Haaretz,news.google.com,https://news.google.com/rss/articles/CBMipAJBVV95cUxPTjVVNjNkUDl0T09VcGJpWkNPQVl2U3U4YlpENDhCSk9sX0V3V0Q0R0V4b2ZOcmZlUmRkTEc0amRmcmdUTVlHVTN1MFMtSkxCRHgzenFrMmdwSG1Jd1BLUFE0eWszaUNYOElWV3ZPd2hWNlUxakxSamNSRDVpUmVHS0hqekR3akRYZHdIN2dWd05ZV3JjcmFobWhqbGpscV84MFU2aWxNSmdEQkZJdWpHZFQ4b0VTZHRIU1Z6SVlHYVRyNnFGcjVuZTBMeGl4WXMteHk3Z2ZBTTJ0R08xVTZ1bHlKTFYtYUtlcER2b0ROay1kY0R5WTB6VW12Wm8xa01kVktEREVwTmJLUkVmMmQybndlUmdzRlU4SFFFU2NGOEVFbXBH?oc=5,Persian_Gulf,google_rss,Persian_Gulf
Chaos sown by Iran's attacks across the Persian Gulf is key to its strategy - PBS,2026-03-05 08:00:00+00:00,PBS,news.google.com,https://news.google.com/rss/articles/CBMirgFBVV95cUxNRTAybDA2akdGck9Ibi0wbkNsLU9yZ0JMY20zWmE2bmFteVRQSUpScU5kZDNUeFp1QjdqM0k2ZnVwaXlCLXlpNkFDbnhLdmh1QXM0SmU4eEJlSnRSRnFEbHJEWlpLdDJCNkVCRFlxZUVNTFNDVzZZcUFtV2FPdGlEWFdxWHhBU2lOaG5Fem1QYU0wdnVBNzFFMTBQbWtMSmRZWHBBeVRzYkRZbXZiUlHSAbMBQVVfeXFMTjJTMHlidHlrOUdrWG9QYV81eURsdnZ0bW9vWnYyZl9tU3pxOXNtQkNsY0xJYS1lSGFzTVo0cGg3MnhSLU5YbEpMR05xWkFDQUhsNGpqZTFRUHhyU01IWkN5T3ktNUNWcUJMQTVpVnBmX2xsaWFjMmlPU1RhSUppWGlOT0ZDVGhHZ2VXT3c0OXBXbklDMXdiNGwwX3YzVGRNY29CLWV5bk9CaEdBamphMnJJM2s?oc=5,Persian_Gulf,google_rss,Persian_Gulf
"US asked Ukraine for help fighting Iranian drones, Zelensky says - BBC",2026-03-05 08:00:00+00:00,BBC,news.google.com,https://news.google.com/rss/articles/CBMiWkFVX3lxTFBuRzhhYUNXWVZfVjRVWFpNMEk3T3pwM3lHTm5oQWhuVTlPRExWRExUcHpnRUVtSTRLQU1UYWRyUHcxQVBlbWowLUtNZl9kdWwwU2lMNjB6WlhPdw?oc=5,Black_Sea_Ukraine,google_rss,Black_Sea_Ukraine
Gulf Situation Assessment: Iran’s Attacks on Arab States Will Backfire - JINSA,2026-03-05 08:00:00+00:00,JINSA,news.google.com,https://news.google.com/rss/articles/CBMiogFBVV95cUxOUzdnMVRqOWctTVhQSjZWNnFzZVpmZVE4dWZyZXMyZm9IakpJWFRFaFBxLTM1UkpHYmE0Z2xyaFE5OGJCNWtsR1ZIbnJIMUJNMnI0dFJuaEdFS2lueVJUemlQczE4TFdvend5cTRpUmJoUGRpWE1hdTJIWHRaZlRzWGFRVHNLeFJKVFd1aTFhYkIzN2lmQzlhNEswd0M0V2xUT0E?oc=5,Persian_Gulf,google_rss,Persian_Gulf
"Iran fires more missiles, drones across Gulf region amid US-Israeli attacks - Al Jazeera",2026-03-05 08:00:00+00:00,Al Jazeera,news.google.com,https://news.google.com/rss/articles/CBMitAFBVV95cUxOdHVNRVFZVnNwS3pQdFJKekpkRUd4bXZnZDlFNjg0UlBGUVl1WHlNTEw4Wndja3JVc2RqalRXdTN4V2xrZFNYbFFqdHVzYzBfY3RZNTV0S1YwVDJqQlZsbTczU3ZGYnBxVUpsSTdkSWJnclJ6bzFwTVNLckZnTWJ5NTNpUGQyT3hkMDQ2eXZpNEZydkpMTkFHejlIc1hKMlBFaDBWZTJGeHF3aE1MZ3h2NW5pYmLSAboBQVVfeXFMTm1XeThTdW9mTkd4SzBCTW16dlQwYW51ZlRfWXhCR3Nkbks1LVVvOGhmNHpuYzBMa2JPYjV3OWhyWjhfdFVLdFdUc0JFUmxuRlRXYlc5NzVMcDczZndkemo1RXFNYzMwS2JKZnIzTEotWF8xRmJWM0NpSWFmVUZ6cTVQUktWdmlsS2xsS0ltZ0JNWnVPcF9aM0dwd2xlZVpXMzZEaGtDakd0T0hEUzBHRXdJUlhkSkpabEtB?oc=5,Persian_Gulf,google_rss,Persian_Gulf
Trump wants say on Iran's next leader as war intensifies - Reuters,2026-03-05 08:00:00+00:00,Reuters,news.google.com,https://news.google.com/rss/articles/CBMiygFBVV95cUxNZG9GNmpWbEZQTDU2Ul9jQzE0Tkw0anFFQ3Fackh1R1k4VVNzWVNKZ203Sk1nZzRJLXNUWmFRZUI0MzEtcmJjVGNzZ0VTcFdTYXRxbkpiY0d6UV9qQ2FhaUJQVWlwYkhXM0l1WVdwYWJJRU55NGxoX09fNkctZjBmUUFNdlpMWlU5ckU4WS1uVGI5VlU1c2MwZDdxTjJIZVNNbnJ3dm0zRnNoMVpfODlzRTdpcmRoQ09TYm1iRmZwWE9MeW5TbmJIdUhn?oc=5,Levant_EastMed,google_rss,Levant_EastMed
"Iran Update Evening Special Report, March 5, 2026 - Institute for the Study of War",2026-03-05 08:00:00+00:00,Institute for the Study of War,news.google.com,https://news.google.com/rss/articles/CBMinwFBVV95cUxNRWNwaXl0QW5GRlBvUTN0TFNrR0FQVW5fc0NxMzV2RnMwb25Gdk16YlJpZnQtZDUxYzNrLUwtZ3czUWU0ckpHVzdjbnAtSnBpeWUwaW1BaHlaQ0RGYTNYajBDcXNJbVpqU2QzY2VIM3d0d3c5WVZMZkRiTnJVRHQtck1OZWVUeVBaQTBjaVo5RTVsUFVFVFJBMXZHX2lFMFU?oc=5,Persian_Gulf,google_rss,Persian_Gulf
"Iranian drone, missile attacks on Gulf nations risk pulling more countries into war - PBS",2026-03-05 08:00:00+00:00,PBS,news.google.com,https://news.google.com/rss/articles/CBMitwFBVV95cUxOZWRhSV9KUzBPc213TEFuVUpWVEJjYlNPMlhNZFphd1hZS2pIdDhmWTBXZ1dKZnNMLWxfNHZla2VMYTdRVEtTMnhfdHY4TUpuOGI1WktteUc1ZlVWYzlNX0NoeXN2WGRkQlR2blR6RkJuU3pUWEFCVUU2YnJGZjNacWR6Zl9aQTBLMElWZm1HRmgtNmV4NjFvdGEyWTJDQ3RTalFxMFlDRi1DNEdrcmtpN0NMT0FNQVU?oc=5,Persian_Gulf,google_rss,Persian_Gulf
Operation Epic Fury: Iran’s Declining Capabilities and Emerging Strategy as the Conflict Nears Its Second Week - Hudson Institute,2026-03-05 08:00:00+00:00,Hudson Institute,news.google.com,https://news.google.com/rss/articles/CBMiyAFBVV95cUxNbVk0QzJuUE1PTEtmMDE5SlJtQWJoNzU3ZDcwOVBleWxxZFF2TTZVTldnZ3R1cUx3eXlZREczd3IxeEFOV2pyTUhrajRkQ2JUNzMyTGgzQmFnZ1lndTJDRF92b3YxMnFiWlp4ZHo2amJtR3B6Y2t4NGVWMlQ2WnZSSXpBRWVmOVBpd1l6Nkx5VjhsT19jaUxqcFJSaGdIbVhla0xERjVGMUU5aExaTDJ2aUFLRUZPdlBCQU1JVkIxQ1g5NV9aM2F5bw?oc=5,Levant_EastMed,google_rss,Levant_EastMed
US says Iran fight only just begun as Israel bombards Beirut - France 24,2026-03-05 08:00:00+00:00,France 24,news.google.com,https://news.google.com/rss/articles/CBMitgFBVV95cUxPTVp1RmsxQzV0cEpaamlYQ2E4X3M2cC1OYVFxT0djZUdIWks4ZEVpWnRNcDE1d1F4WURqb18zQWxnWHVuY2JsV0hTaGRMemo5TUxybjg2b29qX2ZmLXA2MTEweEpBdF9lYkVUS3NrdVR4eERrQ25yblA1Z3VkLXhzbUJUdWJ1MjBlZTI0akxMNlRKa1QyOFJqaEtWbEpQVUstelltR1F3SHVVRWFuSDNqdDFOVW4tdw?oc=5,Levant_EastMed,google_rss,Levant_EastMed
Europe Edges Into Iran War as Bases and Fleets Mobilise - The European Conservative,2026-03-05 08:00:00+00:00,The European Conservative,news.google.com,https://news.google.com/rss/articles/CBMipgFBVV95cUxOSlNRMHJvTVlQMmhZVllMSnlKd196LXhlbHhJdlpCNjktSUMwQWpJTDVSVkJUNDF4S3lyR0htMTBLNDVBYlRUSkRDMUZvRWduTUptNVlWSmRCRXZnRy1QTXR5M1QtWTVNaXQzSnJkbGNlZWhoZHJWckdHbWhnUHNjWlJreEhONThxcVJNNEtJNXpocTdPSHgwOFF5bzZHSXYzaDRTRHh3?oc=5,Red_Sea_Gulf_Aden,google_rss,Red_Sea_Gulf_Aden
Fallout From Mideast Swirls Over the War in Ukraine - The New York Times,2026-03-05 08:00:00+00:00,The New York Times,news.google.com,https://news.google.com/rss/articles/CBMijwFBVV95cUxPWXJzX2JaclRGdVBfcUhjR0dJX0R3N0M1MDJmbTZIU2NJVGU0M0hkMTBUYnAyajc2TmIwV3BCYzk4WlJXbTdPMi1FSGZlOC1FTGxzRG9vTUI3a1NKRUQwVlA1ZmlubjdLeWR4SUJ3cS1GUXpKMDlKcE81OExBTzFyZTFMUGFza0hWQ05qWjV2cw?oc=5,Black_Sea_Ukraine,google_rss,Black_Sea_Ukraine
"Iran strikes push Gulf states toward US and Israel, ex-US adviser says - The Jerusalem Post",2026-03-05 08:00:00+00:00,The Jerusalem Post,news.google.com,https://news.google.com/rss/articles/CBMiY0FVX3lxTE9EYVNaSDVKY0N2WmEtUzNxWE5JSzF5RnlFZERDdDZBSERiUERaZVd2Mm16Zkc2SUZHWDNhZllOSWNyaUdnQXJvb19WdVh6Z0dXQ1JNSUw5c04zNUFOMl9iU3p4RQ?oc=5,Persian_Gulf,google_rss,Persian_Gulf
Israel Attacks Beirut and Tehran as Fighting in Middle East Accelerates - The New York Times,2026-03-05 08:00:00+00:00,The New York Times,news.google.com,https://news.google.com/rss/articles/CBMidkFVX3lxTFBFV0dCRnY4b3ZDNHhGdW5uN1pVUzN4bC10c3NNaGV4VTJlWUMtRVdNcmpKdXFXR25pb2dLN1phMV82bFRjMlMzSGs5bUozZ0ZVb1BUNDZ4ZFptN05mNHlWcW1XT0Zhc05fZVdiVmZGek4wc212cWc?oc=5,Levant_EastMed,google_rss,Levant_EastMed
Strategic Escalation and Conflict Sustainability in the US-Iran War - Al Jazeera Centre for Studies,2026-03-05 01:25:04+00:00,Al Jazeera Centre for Studies,news.google.com,https://news.google.com/rss/articles/CBMiowFBVV95cUxQLXdKRVc0RUwyLXg0aFItcHJOZXNFakZmZHhMeUVqeS16T05Ea1lNQmRTUmdLMEtOY2xVMlhUbHU2TjZNV3hpY0swUlg1ZUJsd3FnR2xncE1VNzVJcjYyMTMxMlBEU216eVFBVkp5ckJtYXo3eE9RMUdRLW4xQWd5c1hqY01majBJQjY5OEN6enU1Q0lYT29RV1VCUFFxcHpCaE4w?oc=5,Levant_EastMed,google_rss,Levant_EastMed
Israel working to intercept missiles 'launched from Iran' - France 24,2026-03-04 08:00:00+00:00,France 24,news.google.com,https://news.google.com/rss/articles/CBMixwFBVV95cUxPcGdfSklzX09GLWpkUWNtQlIyNHVhWU9pdEtncy1kRkZqM3psMU9tTVotZ3V1VkdqWHBOSDNYZGxrbl9fUEZ1a2tYaTIzSUdtTzJxU2p6eXdTRTdDMzN3cEpGTm5sX2xfbHRVMWRydUdvVy1mZHN1UjBiN1BGeEVxcmxJTHd0OEhjQzZGNno5OTAzT3NsS3lrUXBSdzA1VVpWdm9PSnJzTk91Y1p3bS1KS2N1cmVLUVk0M2FMNUVETm9MOE1PNFg4?oc=5,Levant_EastMed,google_rss,Levant_EastMed
"Trump defends war with Iran as conflict widens, military names first service members who were killed - CBS News",2026-03-04 08:00:00+00:00,CBS News,news.google.com,https://news.google.com/rss/articles/CBMirwFBVV95cUxORU9wTEJpYXFNemt0d2wzUEhudnZBVXRGMGpHeUxRT1c2QWd2NjA2ZU1GR0VTZndFbi1heURJLXpHLVViOWJEdVVTY2NoT0t0LXI1NkZ2azVOMmNZaElWNXhldFdsR0pvMDk1SGI0MlRHRmxDdHNOcXZ4bElmVFF2RGd5OWFSMldacVdYekpvTHJsUlhzVFUtQ0RTTF9yYlVEdEZEUXFUaGRDRjZEUTVn0gG0AUFVX3lxTE5sNktYM1B4dXJEQWZTcTc5dGdNZ0FLZEJoUHlFcWE1SmNOLU92WVVWaXNxTnlDb3R6aDlGdHhtVzl2UlI5SkllTll0ZlcyenVUY1FpdVBIUXJuT0pwbXlIejFROXFhYUpBQXoxMU9DNjcxSDhZeEV5NTFJR0NRVHlaRzk4S05pUDZjckxKQmRELUlpVnRzYlMtMzZhT1d2dF8yOG5Bd3l0LUpQeDBZNE14TVA4Tg?oc=5,Levant_EastMed,google_rss,Levant_EastMed
Iran Is Pushing Its Neighbors Toward the United States - Carnegie Endowment for International Peace,2026-03-04 08:00:00+00:00,Carnegie Endowment for International Peace,news.google.com,https://news.google.com/rss/articles/CBMimwFBVV95cUxPUVhBdjdVODJCaTVFenRnTURVclNrXzFnaUdYdk9XSGk1VkJnUFJmdzA4czVRU1VoSm10VXZ1Nkl1bWhYcHhaQkh1QlNZWk4xN2NURzJ0OVJHN3dibHY3THItYThLNkZwNkExQ1pudVJuYUMyU1ItUTNNLUNvWFdQOEJPWlhOTlhTbUdERUd0blNyT3NiNEtDdjdtTQ?oc=5,Persian_Gulf,google_rss,Persian_Gulf
Russia Is Big Winner as Iran War Drains Supplies That Ukraine Needs - WSJ,2026-03-04 08:00:00+00:00,WSJ,news.google.com,https://news.google.com/rss/articles/CBMic0FVX3lxTE5UMGpudUJBSmdGMTFHVV9kMFEyNlNqLUY3bzNQOWYtaTgtbFlDVWZBd0s3ZjZ2TzFlM1BiMjQ1LVg4VkFvV3R5LVk2aTlSSkZKSzNpalMzZWNtMmljU1huNWVEUUtPc25heGVfSkNsRzdBSjQ?oc=5,Black_Sea_Ukraine,google_rss,Black_Sea_Ukraine
Iran conflict may divert US weapons from Ukraine - Reuters,2026-03-04 08:00:00+00:00,Reuters,news.google.com,https://news.google.com/rss/articles/CBMiqgFBVV95cUxQcmhHT25iSEhVUWdvZENaSWZBakhvVHJxYUViTlNFTEw0WkFLNXV1N0k0UlJxMjJIczFlSV92TExVazgxbzRGOWNEdGthQkx6ZmpEaXBCeGxaSl9ZR1puR1JtT3h6QW9IMUhuZHJSS0hKclhlaVJoLTU2M3FHY2pXRTlmV3BJNk1waG11NnNjZU01WGlScnJLQjh4X0w4ZjdhRXpJMEN5Zmhodw?oc=5,Black_Sea_Ukraine,google_rss,Black_Sea_Ukraine
The Iran war has been a stunning aerial success - The Economist,2026-03-04 08:00:00+00:00,The Economist,news.google.com,https://news.google.com/rss/articles/CBMiqwFBVV95cUxNcUR5LVVjUnZ2S3ZtM3VlLWNCTDMydWtmVDB1SnJwNS1EUng3eDBEVUZ3elBNR1hHMGNTNFlzeXNPS21tY3BkTEZxZ0FSSXZBenBnNERpT09SLWdjaXFUTHBoN0lZd0JDOThRYWw4Wkc5UjNTZjZkMkJZZ0NIQXZQVnFPUWxfMWVlNXVkOGctMVFJVU9PMTB4TlR6LUdKNU1BRUY3Y21Yck1ZYzA?oc=5,Levant_EastMed,google_rss,Levant_EastMed
"Hundreds of drones target Kuwait, Iraq, Saudi Arabia, UAE amid Iran war - Al Jazeera",2026-03-04 08:00:00+00:00,Al Jazeera,news.google.com,https://news.google.com/rss/articles/CBMirAFBVV95cUxPT25XbXFTUFlqWDFpX0pRSE93NUktWjEzY0hxYkhQbWJIZ0x6SVltX3BXUlRZN2ZnZW8yekdLU05EUDY5VkZRZWxLYWZSVG93X0pGbk9Jc1BaRk1xVEtVOXByOFlydXVZbmRmdGN2ZWVQTTcybDkzeHYwellrSkFxT1h4OTlmVHUzMVI0WTY5dHdJSEdHMUZLSkk5cGFJLWVvNE9YanZpZ0VRVUIx0gGyAUFVX3lxTFB5X2puajVLWjNvMmttU19TRmhtUlMzQUZIZDZ1d1BwS0dIcHhuTmdpMTNGNWVCRWlPZE1ZSm9vVWpZZmp0UEZpLURFVVhiYmxld0pHakFKdjBGTnFKaF9qclh4ZkR3dUdMRUVYWlNnbXQ2ZVB3MkdnTVhucG1xQUNHaVBmUDJDOEVkeldMamwybHVZSnB0ZU9lVDBzRlFLVTZPaXVzc1I2NXpWSDRHMFhFYUE?oc=5,Persian_Gulf,google_rss,Persian_Gulf
Iran’s strikes on Gulf states pushes them towards Israel - The Jerusalem Post,2026-03-04 08:00:00+00:00,The Jerusalem Post,news.google.com,https://news.google.com/rss/articles/CBMiXEFVX3lxTE9OOFlvWGcwUFkzbmNHWHF6RjNwWG81TU55bE80UC1uZHF0VjQyd2xsZS0yR1V3eE1NNUFyLW44RFlPLXI1bDhQR0tYTGF1ck5PVV9LY0hJOFp2c2R5?oc=5,Persian_Gulf,google_rss,Persian_Gulf
How depleted weapons stockpiles could affect the Iran conflict - BBC,2026-03-04 08:00:00+00:00,BBC,news.google.com,https://news.google.com/rss/articles/CBMiWkFVX3lxTE9NQkRqeGpPUHNaMHlWY0JuZ1VYM0k2Uk05THFrRFlBbFA0bU44ZUxOblV0dEJMSGkzNUtfY2dadHhOZHNRZ1Q2M3JLMzdUY3VkZmhSREMydXdQUQ?oc=5,Black_Sea_Ukraine,google_rss,Black_Sea_Ukraine
"Trump's Iran War Is Burning Through US Weapons Stockpiles, Raising Concerns From Ukraine to Taiwan - Time Magazine",2026-03-04 08:00:00+00:00,Time Magazine,news.google.com,https://news.google.com/rss/articles/CBMia0FVX3lxTE9KOUNOV3doZ3J4dkV5aG00aDdiQ0puOVI3T21xRmpVX1ZFMDhmMVJodVdqbWpqWUhDZkNoby12cFBpN0k2UXVLbHFYclg5SnVsSDRuVGl6YzZYZFZINzF5SkZib19SM0xnUnVN?oc=5,Black_Sea_Ukraine,google_rss,Black_Sea_Ukraine
Experts react: How the world is responding to the US-Israeli war with Iran - Atlantic Council,2026-03-03 08:00:00+00:00,Atlantic Council,news.google.com,https://news.google.com/rss/articles/CBMiuAFBVV95cUxNZ2MzMWViQ3E2MHdxRzhOLUNqSXNWUTAtOTFGYy1KT0dpUjBfZE1lUXRlU2k4d2FFVTJIWk1YeDdSN3VxdmVmSFVfazFteFlpeUxwTjVwbEZ1Q3U0TDRTVnRQOXZHNUpZODIzdEplVXJzYnhnNzdoTXJNS3pRWm1vZFQ0Ny0zdXNXczhYNnFKdUMyLTZVV29VU3NuVXRWWk1fNEVwSGltMmV4RVJGNHA3Yy1kdDIzMEph?oc=5,Black_Sea_Ukraine,google_rss,Black_Sea_Ukraine
'All red lines have been crossed': Gulf states weigh response to Iranian strikes - BBC,2026-03-03 08:00:00+00:00,BBC,news.google.com,https://news.google.com/rss/articles/CBMiWkFVX3lxTE9UcjJtLUJxSkRRbnBoa1NobVJWNmM2YUFsenBIOW44N2JVbWZOTXA3Rk9fLWNuWWFMbzY4LVdGUFFDNlJBV3FyVlRBX2JhQlhEQUFZcnNkT0JzUQ?oc=5,Persian_Gulf,google_rss,Persian_Gulf
"Why the US and Israel attacked Iran, and what it means for oil - Global Witness",2026-03-03 08:00:00+00:00,Global Witness,news.google.com,https://news.google.com/rss/articles/CBMitAFBVV95cUxOS0hpeW1zME0tYndPd3g4RWhLUVJWRUJCTUZibmJtZURaX2Jma0E0TS1qOC1GeEFjeFE3TmxycFU2dmYxb3doR1lvc3I5Z2R0YUl4cEg3TlloelBPNjRHWERVWFU0dFJQWk1kdVVrWHZTZmJnRUV0M1Z4dTlEQURyblJRNnY4ODI5aXd4R1V0OTV1ank5b2hTdk9OaGJvR21aWEJsbVJZdWdLU0NOcDFXUUkyUi0?oc=5,Black_Sea_Ukraine,google_rss,Black_Sea_Ukraine
"Iran retaliation is isolating Tehran and angering Mideast neighbors, sources say - NBC News",2026-03-03 08:00:00+00:00,NBC News,news.google.com,https://news.google.com/rss/articles/CBMiwAFBVV95cUxOUzVxNWhza0Vtd1B4ak9BbV80aFpsTl9IdU5BVHpLUnNnbjZXOWNzR0g0N3Y3eDNrMmV5UTE5X0J4NzBQemQzcEozSy1wVi00VEJ5Z3VMVkVHLVVvdWRNbnVtTHkxSGR4R3FBdjJUNTJYeEloaWhtRVhIbzFYN2NubmxvVnU2QlUzRDNyazR1Vl8tTFlmYjRsQWVtOEF2ZXdJREc5cmFYeUhSVkNLZk5iUVJySHFuX3BoWkV1X09IdFU?oc=5,Persian_Gulf,google_rss,Persian_Gulf
What we know on day four of US-Israeli attacks on Iran - Al Jazeera,2026-03-03 08:00:00+00:00,Al Jazeera,news.google.com,https://news.google.com/rss/articles/CBMimgFBVV95cUxNRWowVk5EZERiVDE5RGFNWmVISGFWT2RhM09WNUhhX2dsR3hGTVI3SGI2bElNX2dUbnRzejJ0M2E5OFJTbXMwUmtzUnN3UTNfV1FRd3I0Wk15OFZkVnRXUFhvX1czUXVFWlNIZTV1cGNPU0VuSHU5NTQ5ZjdvRkVpNjdjOVY3TlhlMmp3M2Z4SmNtZGZtU01qQnJ30gGfAUFVX3lxTE9Oa0JYNFYtQ29ubi1qSlZ4ei1sUl9ocS1uUGRBNmh4TTN4eEl5UVBtS09yOVhBd1Rvbjk4Wjc4TW15Zkh6WnpQZ0hTMnBKS0hDeHdTSHUySS1OWjY5TzRPUzZ1YTh0bHVNSER3N1NVQzNyZHF5U3V3ZzFvQklqRnRHMW5qQWdKekx2X2p4UWh4LVFDNFdYT3JZUGM1SFhrTQ?oc=5,Levant_EastMed,google_rss,Levant_EastMed
"Iran's strikes on Gulf states may widen war against Tehran, analysts say - Reuters",2026-03-03 08:00:00+00:00,Reuters,news.google.com,https://news.google.com/rss/articles/CBMitwFBVV95cUxOenRfQm5ROUtWcW9qc3dwRkdQd2VObTNTRE43STJyQVZIZjgtZU5qMFpROE9LU0pzVnZQN2tidXQ4ckhrdU9wTnNVRGNWQ0NwdWEydk9tUnpqaEpad3NaNGN1QUZwVlgtNEhDbnJIbEZFaERRTW9URUowT2ZXVjVqVnJBbkJmUmdYcF83VGU3ejliSk9kVXMzNWN3eDFYRkx2bU1NeS15X1l0QUZ0RDUwdUJwSnJObE0?oc=5,Persian_Gulf,google_rss,Persian_Gulf
How Russia could benefit from the US-Israeli war on Iran - Al Jazeera,2026-03-03 08:00:00+00:00,Al Jazeera,news.google.com,https://news.google.com/rss/articles/CBMiogFBVV95cUxOMmlId2FjUnFwRER4WXRpUFZJaElYVGhkbWlWU3VkaEZuUFNCZEx3Q1VzQl8zLUthWU85d0RoRE9BVW1HOWl5RVB2bXFDMWR5ekdybVJBdkhpSTNiUlFRRUNwVVBycVRXRDhMdEo5QmdEWS1pN1owTjdleklQSWtxb29HUjlRSHpwQ2dkbmFqbzlVUi1pRXRvZkZhVGdXVVFESVHSAacBQVVfeXFMT1NqVXA5cUZrQ01Ma2ZGN1dVR3lPVmwyVm1OLVFsVGZaV09uYjNfOF9kMVpSRG9TMXRVQndMclh2UkM2X3NGYzR2SW1Cc3VWY0pidklzVl9Oa0dhU1dhTGNfeWRYNThjUUl5LTA5YzllNm9MTUtNWW1iM0s5NW5jZkV2ME4xekItdkUwQ0FDN1lmb2pDMmM5YVJhRUVjVWh0ZEtEZmZRSDg?oc=5,Black_Sea_Ukraine,google_rss,Black_Sea_Ukraine
UAE considers striking Iranian missile sites as regional war spreads - Axios,2026-03-03 08:00:00+00:00,Axios,news.google.com,https://news.google.com/rss/articles/CBMickFVX3lxTE5NLVZPUnl0V3BOczlWeUotX2hUTzF4b3hMYk1tZTV6bElsSUgySGhUZkVJUFozSk9QRlJKMGw2SkNmXy16TlRQNFh2UHpDMjZ6NjJSdjZhRzI4OHVfUTJJUl9iQmpoSjdGUEN5SnBFdVFUZw?oc=5,Persian_Gulf,google_rss,Persian_Gulf
Live Updates: Trump says Iran war could last weeks - PBS,2026-03-03 08:00:00+00:00,PBS,news.google.com,https://news.google.com/rss/articles/CBMijAFBVV95cUxNSTZ6RjFXaEJtRUdTVmtGYlpOcWVPMXpKLU1RTXR1M3c2T0RJY2t5cEdtQTRDVUdtM1o4R2g2Z2lCeXZXMUFDRV9fNWN1dUZUMzVQU2MtM0xPMk9acDVVM2ppeFdhdzZwaExGVjdFaUFQLWY3N2U0aXNPQ1hGX1QxMGdmOEVQYlZJZTJodNIBkgFBVV95cUxNcHR3bkJVMURwYnlfTERocXNzSUVEZEQzRFF3UVFVZWRBYUU3U3BLNVotR1F2Ym9INzRBa3V4UURGckhxbU5HYXgzUWUySG9KeFV2YmlESjg0OGdQU3Q1RHNQd0RJM3VJcjVYNjk3NExjc3Etd2JkaVY1X3FCeFVrZUxFbFdqZURmZ3dHWUtwZ1Zxdw?oc=5,Black_Sea_Ukraine,google_rss,Black_Sea_Ukraine
What the Iran war means for Ukraine - politico.eu,2026-03-03 08:00:00+00:00,politico.eu,news.google.com,https://news.google.com/rss/articles/CBMifEFVX3lxTE03Z0VKTE5pQnZuamxicF9yVHo4bWxqb2J0dGVCY2lJbG1hbkl3YVJ2UHd2TGlienZtdVFpT3U0ZmZhdEZuMjItLTFNNnlYWU10cURtSTlVdzUzbDFrTl8tTU9UM0RiM1ZBamJ6Zm1NSm8zN0ZPTXUtNEVnNzY?oc=5,Black_Sea_Ukraine,google_rss,Black_Sea_Ukraine
Maps Show Broader Mideast Fighting as Attacks Continue - The New York Times,2026-03-03 08:00:00+00:00,The New York Times,news.google.com,https://news.google.com/rss/articles/CBMicEFVX3lxTE1qcUhtUy1idkFpZTFQbi1XVzBjTE9EZ1BlbXVrZHp1MlBtdUJZSko1T0tsbGV5ZHRnRGZldXNScEZ0enMwbmRvbWRhU3ZGSUs0THhvNTJkYXFrZ1FkZ1UzdFNHLTc2dGNhVkxrTjU2UFc?oc=5,Red_Sea_Gulf_Aden,google_rss,Red_Sea_Gulf_Aden
U.S. death toll in Iran war rises to 6 as Trump says campaign could last 5 weeks - CBS News,2026-03-03 08:00:00+00:00,CBS News,news.google.com,https://news.google.com/rss/articles/CBMirwFBVV95cUxQWC0xdEpFYmZfRVFBMG9KVEUwWl9veU5JbEgyZDVxOGo0THVySl9iQkwydnR5MzNkQXpFcDRteFp6OHhrRGFzeG1qdzlsZXo2ekxxa0VRVXRWQUVuNjYyLTVmQjVwRWxhSHVIbjAxcXNueVhtVnYzZkNYU0IzWjROVHRDUTVsNEdXd0IxVDNDaUk1cWhnX0o5WjF5R3hWUjgyS3lmYjFmTkl5dEh0U2RF0gG0AUFVX3lxTFBaN2dOenBaem0wREh2ZVF3SDdpWjlFWC0xQ0VueUtzVWRtWFRnZkR0dXBTWGlJaWJ3NlRCeXlwMHJOQ3pKNGVCSFVxSnVOTUQzOXRhNUdhVDV1WS02WGhOZWVCY19qZDR3Z00wUENoeXNpbl9ncXBBaHBhNVUxbHFOdkNXV3d0Zjh4VjlRNmZXbllGazh1aFliUVV6aGVoNUxGX1ZKU1ladV9ZRFZqZWRFdXh6RQ?oc=5,Levant_EastMed,google_rss,Levant_EastMed
"Iran war drains U.S. missiles, putting Ukraine’s air shield at risk - The New Voice of Ukraine",2026-03-03 08:00:00+00:00,The New Voice of Ukraine,news.google.com,https://news.google.com/rss/articles/CBMirwFBVV95cUxONk9WcVdNMTd5aG1OZzk4VjlpMlJzbm40YUhseERKcDRrZlZHTzdhSVVpZDZCbTUxeW00S3dSTjFydlBMVndkZVFGWWx3bzNDck5Bd0IybnB5S1p5dmI0OEhIcnZhem56bENoUXJCcjcyRUVNdktsVHhTN25qbUd5ZlA4U1R6Q0JldS1tSU5tcVFab1NjdDRBU1VhWnFDck9wRnBjdnJaRHNkbFhNQ2U40gGrAUFVX3lxTE1TdTVUbjBUV19zSC1NTGFVUDdwV3I1ZWxpQmJKcndNalhzeEcyNkstZUpNNWpVSTBMZV9YckNpRzJ5MDg1VzNMay04Skk5MjIzb1lhRzhYMjRLRFA5dk9DN0F6alZKNmdtTzFPZkdZcHppbUktWFB6ZjM2MDhJeE4tWGwwTTVBVUpuZ3ljVmUzOHhFYUZjZVZUMnVIeFpibUZaYTVsYkFEckp3QQ?oc=5,Black_Sea_Ukraine,google_rss,Black_Sea_Ukraine
"Trapped Between U.S. and Iran, Gulf Countries Face Nightmare Scenario - The New York Times",2026-03-03 08:00:00+00:00,The New York Times,news.google.com,https://news.google.com/rss/articles/CBMikgFBVV95cUxPR2RidkJETGNEazMyRGlON1RCdDNqdi1BcUp0YWotbjhmeXo4cHZNMURCQXZWdGZsSTdIbjRtYV9WRUtQdnNJT0NtWDVIU3poVmc4QW9vT053YXA4UWkyTnhVdE5MSGdrSkNaSmptQlM2RUdZMXRLZFhRNUwtZjI1d191cERQRWxVV1FOTEdBb3IyUQ?oc=5,Persian_Gulf,google_rss,Persian_Gulf
Here are all the countries now involved in the Iran war - Axios,2026-03-03 08:00:00+00:00,Axios,news.google.com,https://news.google.com/rss/articles/CBMic0FVX3lxTFBUbW1aRVM5N3RKMnJqSTVsSEFiVy1tXzRJYkNhUTlKQ05aVUN3MzZIdDNfTVFjVEYzRUs2SnhBVmFzZ3hUSEYxOEQzNWV0QTVyeXhMX0hoRnZlalJtR2hGSlFaUG5TdnM1UDREckw4M0c3WGs?oc=5,Levant_EastMed,google_rss,Levant_EastMed
Why did the US and Israel attack Iran and everything we know on day 5 - CNN,2026-03-03 08:00:00+00:00,CNN,news.google.com,https://news.google.com/rss/articles/CBMihAFBVV95cUxNYzlXUzhQbUhCR1hyX01TR3QzbjJ4bkprOEdvck1lR2lrcjBWMlFTTjFibE1KTFVfS2h2SEwzRmIxVWFDZVZDMXBaeHJNYTRmUDdxYUkzcTZzUW9vZ09PYTkzWmdSYmRweFhzR1ZWX3FjeW5jOUZ6UG9McUtET3dZYkpvbW4?oc=5,Levant_EastMed,google_rss,Levant_EastMed
"Battered and isolated, Hezbollah drags Lebanon into another war - BBC",2026-03-03 08:00:00+00:00,BBC,news.google.com,https://news.google.com/rss/articles/CBMiWkFVX3lxTE5yb1B5UDVrRlN2cFRuRVRHdmtNSF80VGxiOXJRV05VU1E3eUtNenlXVVdLcG9fMFJiZXBOMUhhc05JMW4tQVhOV2tfdzdOT0RTR05oUWR6eVFSQQ?oc=5,Levant_EastMed,google_rss,Levant_EastMed
What the Iran conflict means for Russia - Lowy Institute,2026-03-03 08:00:00+00:00,Lowy Institute,news.google.com,https://news.google.com/rss/articles/CBMigwFBVV95cUxPRnA5ZnVtRFRILXJ1TkxTZHhPbUFJdVlTN3FkclBqWVBFZDlqWEJaRUpVRDZrRjNjdWRMMXRlejF4QmFYNXAxWUZ6dnpqN3R0bGpzaUpfcUszNmRWaXZnUzZXWjcweUw0Tl9zWklwQzJOVkNmbjJRQWt3eklGNVA2SEgyNA?oc=5,Black_Sea_Ukraine,google_rss,Black_Sea_Ukraine
"Strait of Hormuz Global Oil, Gas Trade Disrupted Amid Iran War - Time Magazine",2026-03-03 08:00:00+00:00,Time Magazine,news.google.com,https://news.google.com/rss/articles/CBMikAFBVV95cUxQWjBWY3RBb1pMVV9kdXJOTWF6NXJEMVRvME5QV3BoLUxsSEpZM1NwLW9Yclp6MkMxWmM3OVpZLW14SjdBMDBhbnFBUi13NmtWSlE0VDlPZVZFWk44NEhXZ0pmVXRwNkJ3ZFJaYmdNTUdvb2h6Z1hzLS1ZM3pkeUVWWnR0SVJZc28xNDBzd2RqWXA?oc=5,Persian_Gulf,google_rss,Persian_Gulf
Zelensky fears Trump's Iran war could hurt Ukraine - BBC,2026-03-03 08:00:00+00:00,BBC,news.google.com,https://news.google.com/rss/articles/CBMiWkFVX3lxTE5sX1VtWENTeERSTi1sMUVKbmJBalJEbVFkTDRhbDJ4RWE5UmlZenFGSEJnaVNaeG9WWTVWVEpTUU4tYlBVRnQtUFdlVHBMRHhxbmtVT2xfWWNQQQ?oc=5,Black_Sea_Ukraine,google_rss,Black_Sea_Ukraine
"Iran Update Evening Special Report, March 3, 2026 - Institute for the Study of War",2026-03-03 08:00:00+00:00,Institute for the Study of War,news.google.com,https://news.google.com/rss/articles/CBMinwFBVV95cUxOS09kQWNpTUNLeFlhR1lkbWVlOC1CbUxEemU2bjZxWWUyQXpVdndfM19zcHUta2FnenlBUnNzZ2NZbEhwaGJRQ1FIcnBqbFVXQWRVcURSaUZDN0ZLbklSamZHRWpDdF9Jd0NRdnp1NGpOZnMwN2Fhb3k0N0NjS3VjTkRPV3ljdjN1VlR3WEhNWlZMSEtRWXBvUUR6eWdhWkE?oc=5,Levant_EastMed,google_rss,Levant_EastMed
A Guide to Trump’s Second-Term Military Strikes and Actions - Council on Foreign Relations,2026-03-03 08:00:00+00:00,Council on Foreign Relations,news.google.com,https://news.google.com/rss/articles/CBMiigFBVV95cUxNRGY4eGZ4Y3pBa2dsTlNGLTFaOEdwX1VGaFVZVGdNeThaQkQ4SDlLSHZ0NzZKWFFvLWVKQ3hyMTNnWEp4YnFicWd3ZjFzbURVSkdheTdUbWVBVkVENUEzTlM2eHYzd05MR3QyNXc2TklET3AzQVduXzdxWU5KM0JfSXA5ZnNQXzJjQmc?oc=5,Levant_EastMed,google_rss,Levant_EastMed
The US-Israel War on Iran: Analyses and Perspectives - Arab Center Washington DC,2026-03-02 20:14:59+00:00,Arab Center Washington DC,news.google.com,https://news.google.com/rss/articles/CBMijwFBVV95cUxOU29RQ1VYaFVEVV9WeERSNjFRVlpnQWN0U3lFdW4zeXNFS195N2VObUM1N0NjVl91dWcwZU5VYUQydTBwQjYzaXI0aWNzT1FGR3RMLXoyQXJISUpnc1RWdWptM0c1a2VZVVdQWHFtMmNTTmROMDBteldHWHdWM1NWQW5Zd3VHd1gzODV0MFhSUQ?oc=5,Levant_EastMed,google_rss,Levant_EastMed
Oil and gas prices jump as conflict escalates - BBC,2026-03-02 08:00:00+00:00,BBC,news.google.com,https://news.google.com/rss/articles/CBMiWkFVX3lxTE9XeXl1UW9JOVFDNHVKTEhkWVNmc1dGMHVwb21aalZnRkZNN05TckpjX2dlal90SU8xU0tRTUEyR2xrcUgzYzRIQlZuRDZtZk1lLXVKMXVyRFVxdw?oc=5,Persian_Gulf,google_rss,Persian_Gulf
The Strait of Hormuz Crisis: Iran Conflict Impact on Oil and Markets - Middle East Briefing,2026-03-02 08:00:00+00:00,Middle East Briefing,news.google.com,https://news.google.com/rss/articles/CBMimAFBVV95cUxOYnFRUzlEOWNCel9RSktGVzlscTFLNF8tWllxNzdOTksyWlJDdWR6Z3piWGFaMkU3R0RqM2hQSXRWeF9DWWZSQ3RVMllBUHFlYzllWnlfYzZBVjR5SUUyQ1VOdTNtMXN5SzlqaGZ1eHlpZXdvaE9ycFZPNXozNUwxd3o5SEhfb3ZHOGVJeDJYMDRfVTFhbWtpSQ?oc=5,Persian_Gulf,google_rss,Persian_Gulf
"Trump’s War With Iran, Explained - Time Magazine",2026-03-02 08:00:00+00:00,Time Magazine,news.google.com,https://news.google.com/rss/articles/CBMifEFVX3lxTE94ZVFjbG1meG1rSzJNR1lDa2RycVo3emhTOFRJUnA3YkMyNWJzalZnVkRCV2d1ZDVfbk1RbWN5RVBWeVFfTXFoeVdkZHoxSll4aHpVVGZxZERrYXFpcWl0eTJGNWstcDd2eVNGSVAweENVci12THZuN3Z4amI?oc=5,Levant_EastMed,google_rss,Levant_EastMed
Three killed in Russian artillery strike on Kramatorsk - The New Voice of Ukraine,2026-03-02 08:00:00+00:00,The New Voice of Ukraine,news.google.com,https://news.google.com/rss/articles/CBMiugFBVV95cUxQalVpUVQ2b0FXa214NEp2NzRIUFc4dlphY19Eak1HZllJMFFYS1ItVmxJUnMwM3JWRENtVU90ai1iRDlYcDVRcEFuLU14NzlpTUt5NFpGYUFRSXpOM0d0NW1VaGZDOFBYeXQxUzFhOFhpLXlUM0thelQ3SFd6SnZEaTlHVVpiU2M0WDJjcjZLdk9HVlBpUVRQZjB1SDlUMkRiQUIydmVVdl9TcUliTWQ2Z0N3VmNaMnZxWHfSAa8BQVVfeXFMUC1VZnZwcFVDdmF4QkhsMktRd0xPS3pQcDZfV2xNMnRObDFfcHNPN1d0V2dubGdoTDNJbFFmbnN5Sk9SbXJBZFlfMU5xa2E3M3Z4T003dm5sanNrdVRmQmNOaWYxSlhGTFdoUEczMkhVQlVMY3NZQ3VPX3hjMWhCVW05ckdaN0hpVm1oY3VkMkt5c1BlaWRnX1U3UUg5LW5SSVVzdmhGanQ1SlZveXg5Zw?oc=5,Black_Sea_Ukraine,google_rss,Black_Sea_Ukraine
Maritime security update: Gulf Region / Strait of Hormuz and Red Sea - skuld.com,2026-03-02 08:00:00+00:00,skuld.com,news.google.com,https://news.google.com/rss/articles/CBMitwFBVV95cUxNZnVhSVBfSTdOT3djblhreGJfYTNybHh5MG43UFl1QnYzeFJ5Tzg0bFpYNlRTQmFFWFFQNUFpcHdsdG0ySEdNMHZXclh2VUpMX3VQMmR1R1V5YVE5YmVlMjg4bExtRk5wc0dfam1NZ3ktN2hqcGM2Yk5tU08xNm11dnBOQV9ybXc5RXFZemxwN0FhNmdJRGt1YmRUQ0ZIR015bGxGZHBQclhMdWdaZElrdE1FeEZBUlk?oc=5,Persian_Gulf,google_rss,Persian_Gulf
Where things stand as U.S.-Israeli attacks on Iran widen - PBS,2026-03-02 08:00:00+00:00,PBS,news.google.com,https://news.google.com/rss/articles/CBMilAFBVV95cUxPakRsYXdBVXJkVTRqZFNyVUpNcWg3a2lIN3N2d1VWY1c3Y21DUDYybG1DNWtITlhuSUR5SDVMRzhXcHVVT2xqWU9HOFM2Vk1IV2ZSSWJCTFJfbG96U1laU3FfblNDY1plWmVrUFdKYVE4eXlwMVZqandUR205MEQxT3VraWI0TFRZVWFSZi1JaWhSN3d10gGaAUFVX3lxTE1IVHF5VFUzN1ZKbWlNUk9uQVFUbC15Vk9PeUJ5WVVQc1M5T2RSQUZQbTRabFZMd25uZm5sUlFHODA0NmZpVGplQ1Vja05lWm9uZVlQYVpZMF95dmhNRmlVUUo4RG14cWdhQ3VuOVFtZHVGUVNxTWxmeGJIUjJ0ZmoyZEpOSkxCUVNJWlZIUWFoQlJsQ0lrcTJDNGc?oc=5,Red_Sea_Gulf_Aden,google_rss,Red_Sea_Gulf_Aden
Ukraine war briefing: Starmer says Ukrainian experts will help shoot down Iranian drone attacks in Gulf - The Guardian,2026-03-02 08:00:00+00:00,The Guardian,news.google.com,https://news.google.com/rss/articles/CBMitgFBVV95cUxNY2JuSDY1RVk1bXdQLUN4RlUyRVJ4eXZPWENoekZtMzItWFBydTlVMWt0OHhlZjd4cVh3V1REblhpUFl5eDA1eDV5UnlTcGlsb0g1R3B2X3FsY0Jib25ya29BN3hsRVoydFY4TVhnQkk4Z0pxM2pQUFBzWWkwWG1ES2hiVVlheGZDMzhKWTRtUlU1X1JDT3ViVzZOdk4zS1dva0Vpa0dSYm1lbld0Q1VEdzIwRHZUZw?oc=5,Black_Sea_Ukraine,google_rss,Black_Sea_Ukraine
6 U.S. soldiers have been killed as the war with Iran further engulfs the region - NPR,2026-03-02 08:00:00+00:00,NPR,news.google.com,https://news.google.com/rss/articles/CBMijwFBVV95cUxOTXNYWWkwVWx3NWlSNUdsbDAwd1c0RW1QdElMMHR2bHNkd2otLUNEUTdkYW5iWlpucEl4OEhiNmF1YjBFMXpHZDI3V0F3eGRwaFFqZ2tla0E3Slp0VlJrUVNJTmROMkoyaUlBckZLVmlCSUlncjRHd1pkMUdzenhhc2hQNUNlSmJLdk5PV2ExUQ?oc=5,Levant_EastMed,google_rss,Levant_EastMed
What We Know About Drone Use in the Iran War - Carnegie Endowment for International Peace,2026-03-02 08:00:00+00:00,Carnegie Endowment for International Peace,news.google.com,https://news.google.com/rss/articles/CBMiggFBVV95cUxNUzBjN3VoSVY1OHBLc3laYnM5SU92b2draWFOY1VvNEZBWFNvVUN5X3hsUVJJdktkaXFReXdyM051UVY1bk5uM3drVDZHMDVjUHpKR1o2UGRyTDJ2QWk1R1FIbVFZN1BZSjYyMW5XMWJ0WDFKckhWLWlxNTBtN0d2NUJB?oc=5,Black_Sea_Ukraine,google_rss,Black_Sea_Ukraine
Why Iran should not count on allies Russia and China to come to its aid - CNBC,2026-03-02 08:00:00+00:00,CNBC,news.google.com,https://news.google.com/rss/articles/CBMiygFBVV95cUxQblVELUpYcGw2cWI4cGdfbWVyV0JyLW5EbGxvNHZKN2dSWlFtR1RvM2ZvZ2g4WkxBdHNHUTNLZ1pJRnE4cDNXU0FhNTViSjZGVzVYa3ZkTVBBRkpPSjVvWXp2NW5GN3lUR0ZPTERxeDg2bWF6bmJoSjAza1pZUHQ2bkhMaG0wSktJdnNrTDNDcFJjQXUyLVI3b1doOUh5eHlCQ0xFUzZ0MjI3NjEtTmJncGNkeEwyemdLczd1b0J3a2tQTjRjeGlvWjhR0gHPAUFVX3lxTE1XUEJfUXB2SGFlLVFndEUyUHIycEJ0OFhWVVV0bC1abFlGYjRkUkdFZlNsNWFiVS1Cb2I2WVdJV2JhODh3WVg3dTlQNzJXMGNYaXA2SVRodDNyTmJPMGlFbWVuWFRUUDJVNzJsVG1KdUJ1WmE2cVRKOUdpQW1ETU5UX2RaRVF0SzRaUkg2Y2ZORjVqeWxVMGstNGRuMUdMYXBIQ1BjM1F6Y29tQV9PMlFDTXpVZmo5NS1TcER1enZ2QWZ4NmRqQzdtMjdraTM5bw?oc=5,Black_Sea_Ukraine,google_rss,Black_Sea_Ukraine
Red Sea Corridor Slips Back Into Crisis as Houthi Threats Resurface - gCaptain,2026-03-02 08:00:00+00:00,gCaptain,news.google.com,https://news.google.com/rss/articles/CBMikwFBVV95cUxOeEl6aXpwQ3NZYkdoSE1UWkJPOEI4ZTdlR0lYSjA5QTBKTkxQTEwzLXdyeVpLSmdtZkMzYkZsS2tacElsZ2MyZ2JWSW82ZHdGcW5NYTVWazdjbnZvbDFOODNpeEUxeE5hY21XZmhHQ2hGa1V2bGxrLTZrRW9pb1UyMHdXdExSRkMxb0ZYdldyelZRZGM?oc=5,Red_Sea_Gulf_Aden,google_rss,Red_Sea_Gulf_Aden
The Iran war is rapidly engulfing the region - The Economist,2026-03-02 08:00:00+00:00,The Economist,news.google.com,https://news.google.com/rss/articles/CBMipwFBVV95cUxNWHYtbEVyMXZIXzhkZXZCQ005T0N4RDNDWEZnWDQ5OENKX0NqVWlabHBVZzI5YXIzWFB3VGhfNDBfV0E5bC1fVWxBQWNDdVJtNHRLeE8yNDN3Ul9BcGc5c1ZBRG5sR2NRQlBZbldSbEFQdTNiWE1oOGFwbVc4dzlMajNZZWV6X0xodGE1bU5jaFc2MGJ6b1ZqaEVGNVcwdkZNQzNQTUtwOA?oc=5,Persian_Gulf,google_rss,Persian_Gulf
"Iran’s targeting of airport, ports and hotels in reaction to US strikes has forced Gulf nations onto front lines of a war they want no part in - The Conversation",2026-03-02 08:00:00+00:00,The Conversation,news.google.com,https://news.google.com/rss/articles/CBMihgJBVV95cUxOTDFEa2xKcFRNcjhkYnlyY0c4TVNqdnJBcEtCckdqWUVpZF9jOWdZVkRubm96d0s1M1llWDNxVnNGN2ZhWll2M0YwYlNQQUtUbm9adl9pUzRnTnNuNFY5QVdSRVdXWVhkTXJ6NmNRVzBnOVFmUUVSU0NkcnUxbmJ1MXZkbU1RaWx1dlRhQ0diMnBQUFg0STNiamFkNGRCdmNzSi11alZVUTdRdHlEOF9FdEMzdjA0U3JOaGRuTTdJLWVZYTd4c3JqWHNKZzdTMjNnc1NRUXZ0MmVERnQxSUdwcXBpZmVrSE5TakU2Sy1SeDJoX1o3Z1k4c09SMWZPMGpZNFhZaDVR?oc=5,Persian_Gulf,google_rss,Persian_Gulf
Iran drags its neighbors into conflict as fighting spreads across Middle East - WBFF,2026-03-02 08:00:00+00:00,WBFF,news.google.com,https://news.google.com/rss/articles/CBMiowJBVV95cUxPS2dQem8wX2RYdUI4MUh2M09SX1dxUXlSejc0VjhnbUlDTG80aUJyQkpHa1Ftd3RkTHdsamcwWUZSWVdNLUEzMFpKckVmRDdMWG9jWm9TQ0NOUk1xa1lVeHR1MFFxTmRJMUdQcDhuUjQ1SHBUOFNpVFRiYXlQT1ZBWXN0MWY3NnBFS3FzU2dtc3d4SUdmNWF3MGN6Q21CV0RibW9vYXBCck1xOFdkUUItcDlRQldfVkxvQmV4SmVPbUpnbU1FM1lJdEZPLWY3eXRLZXZ4WU14eVJQeXlZdHRmTFEtTENwUy1rby1RTlJ1SWlEX2J2S2VqMjhSNmpkZkFaOHNUUThMZTNJUk9aQlJWa3RUSHk4Z0RhdGdjcHRXVllUclU?oc=5,Levant_EastMed,google_rss,Levant_EastMed
US-flagged tanker challenged by Iranian gunboats in Strait of Hormuz - Euronews.com,2026-03-02 08:00:00+00:00,Euronews.com,news.google.com,https://news.google.com/rss/articles/CBMipwFBVV95cUxPSG5jQml1WHRUTnViVU9NMHRtOW9FaXMzRE9fRk0zX2FDR05OZENnSmhjTFJvRTFlaDYzVkxhdFdWaC1USlJySjIwaktCcERaYWJhZE5ZZENETXc0eDJlNFNkOW1LT2tYQThCS2tKamp4cWNidjBrbldVRWNFSm1ycVc4S1htMGp2VkhDRWVVcC1hNjA4bE5JZ0xwcGhGcVBhT0dNUGNrVQ?oc=5,Persian_Gulf,google_rss,Persian_Gulf
"Gulf states intercept hundreds of Iranian missiles and drones, issue joint condemnation with US - Fox News",2026-03-02 08:00:00+00:00,Fox News,news.google.com,https://news.google.com/rss/articles/CBMisgFBVV95cUxNWFVxN3cwc2pkT09GTHVwRzNZSlB5bGpGWmxtMVJyYkVNQURWNXFXdVdFeElCZkM0THlGVWRYc3ZFQW9rV0dqQlNxM1lQRTJVc0JaVlctcUVjMGViNjVQaFVaWDgtUkxHU3NRaWgyZF9pZUFjcGV4X3hTc0VfejJqWm5DQkJOMkkwUXJLUEc3QTcyUkxEQ2laelRRMkVqcW4tV08tUUlJS041R0RoUXg2N0xR?oc=5,Persian_Gulf,google_rss,Persian_Gulf
The Gulf that emerges from the Iran war will be very different - Atlantic Council,2026-03-02 08:00:00+00:00,Atlantic Council,news.google.com,https://news.google.com/rss/articles/CBMiqgFBVV95cUxPYlJ6ajIxaklSb21RbFRtS3ZvZ2Q1NmNVTnc2QmxYM0NhcktKUjdic2p5V25leDRSNkdUQ01ET0Vad3ZNWXlwc1lVMEpvMFdRYmxwakhIZEV1YkQ2SlRoWW8zWHM3VjM5Q3RjSmduX1FpNnl5NkRubkVVMkZtU09jNG5SSWZYdHJTNy1qbEtzUlFPaGxETWNPcjVXWE54UllQbTduUkRDTWNvZw?oc=5,Persian_Gulf,google_rss,Persian_Gulf
War in Middle East widens as Israeli and U.S. planes pound Iran and Tehran and its proxies hit back - PBS,2026-03-02 08:00:00+00:00,PBS,news.google.com,https://news.google.com/rss/articles/CBMizgFBVV95cUxOZy1DTC1Kb2dRcFNJR19MUWpWY3JIajBQTFJoQ3JYdWYtZnNEMGZSYWRVbzZHZ2RSYjg5bEJ2bkpTZHRzQzFlLUhfeHZmZEZRWkJEY29PNjRHYTFhbF9jblpfT2d5Y2RMWmtUaHNnLWlhbk5yRk8tXzlLLUVDQmVZS1pROExLVXRMeTNhTmR6SGdWQXdRS1FPaXVTR3VUOThzd3FPeUt6VE1PQWxCRi1Qa2RrSUR4YVJjcm9Va1FTVXJaZVNPMWJWbU8xM3ZSZw?oc=5,Levant_EastMed,google_rss,Levant_EastMed
Shipping lines reroute from Red Sea avoiding Houthi threat - Seatrade Maritime News,2026-03-02 08:00:00+00:00,Seatrade Maritime News,news.google.com,https://news.google.com/rss/articles/CBMipgFBVV95cUxQN18yVGt6UGZrb0MwbENKVU9nOE9fUi1nanV2bVZYcmNNbElOdkpIMWVibG1RSnFyUmhGVzZfUFpWTWJxRjlJQmJzQ09HdHFPNjlzU1E3MWVBQTI4cXcyU0M3ZmVXQWtGemRmd09vWXJoMWpETERFSzdxQzc1Nk0zcFUtd3lQUEJ4VXFhenhBRGJINVNvdTRXTTZ3bXhZaHM1YUF3VE5R?oc=5,Red_Sea_Gulf_Aden,google_rss,Red_Sea_Gulf_Aden
War in the Middle East: What implications for the EU and the world? - European Union Institute for Security Studies |,2026-03-02 08:00:00+00:00,European Union Institute for Security Studies |,news.google.com,https://news.google.com/rss/articles/CBMinAFBVV95cUxQQTRGaW1hQWxIUVd5aEszM2h5YTlYODljLU1say1JQUg4NkcwWlg1azREZWxaNUFPdGhPLXpnYTRRSTV3QjNyVlFTMnMxbXlyb1ZzSkZkZkpxYzRHX1c1aW1zMXZzS0puVEJFSTlnWk5iQmhjMmdvOENSckNDNFZSd0hBc2k3YUVpQkdBRW9WQndiQkRjWWlpT2VqbVQ?oc=5,Levant_EastMed,google_rss,Levant_EastMed
Israel kills 31 in Beirut strike following Hezbollah rocket attack - Al Jazeera,2026-03-02 08:00:00+00:00,Al Jazeera,news.google.com,https://news.google.com/rss/articles/CBMinwFBVV95cUxOWDhGTzlhTVdQQTU4c1lEODJyajhwWTkxY1A5UC05M1FPWWhmNjUwMkdreUZIQ3NWRVhJRTZHTjMxdm96Ymh5dm12Y2hYQ3JhTU5XdmJwd0V3cVRCSXNVd3czNUJVRC1GV3JqVXNMZjBSWEl2aWlDdW5vWUM1WkszRTM3UjIzQWlvbV8tMjdSTnhvVkdTdmVOREtLVmtrOGfSAaQBQVVfeXFMTW95M3RIZEVTTUVaNnNtX3c2ZzB6eVVsc2luUXA0UlFDY3lzU1Z5aktQWC0zby05Si1sZGdwMjZQSks0eFRQWVJSWUU0dlhkRWl3VEFvbk9TR2ZvbVpENUZOb3Vjd3VDcGtPS2FVNFJ0bWowaXhKLTU3dmdzZ09kWVVwakhzelhmYldNYmhIX2NkMVh3Uk5uVUJQV1RtTzZVaENiSkw?oc=5,Levant_EastMed,google_rss,Levant_EastMed
Missiles made in Ukraine are bringing Putin’s invasion home to Russia - Atlantic Council,2026-03-02 08:00:00+00:00,Atlantic Council,news.google.com,https://news.google.com/rss/articles/CBMivAFBVV95cUxQM1pGSk4zZzkwVEhOajFIRld1MWdmQlRkb0JJajMwSjEzS3c3U3B5blhxc3YtQjM2NzlJcTR1OG5wYlJpZ0NxZ01mVDh0aUpJUHd3RDQ3ZVNqT2VHTF9kZ21qaFMzd0RnUlVJN3pkcjRFYS1aRFN4SVI1NUI3ZnJyeVd2SERaUlNlVmRnLTN3SG1yTlVWaVBSM1ZfWF9VanFBaTJQdWlPRTlQT3F6YWp3U3A0WFdQekFKRFEwWg?oc=5,Black_Sea_Ukraine,google_rss,Black_Sea_Ukraine
Live Updates: U.S.-Israel conflict with Iran widens - PBS,2026-03-02 08:00:00+00:00,PBS,news.google.com,https://news.google.com/rss/articles/CBMijAFBVV95cUxQTnpCUDFBQmgxMU50YW1tOWx4cTJ4YnFCM2g1d1FaUjJBYlpqUlZHWFZYbEViYTE3Z28wdHhLb1hvN1B5RGNhanNQZlRxczVxcFNvei1pX1Y2REd0bjR6cGplN2JKdnhzS0FBLTBDUl9UQThDN09iT0hBRzVhMGpWeVY1ZHFOcWtsSExvWNIBkgFBVV95cUxQM0VmMFAzYW03Y0ZkeW54Y183WHFNekl6M1lEeXlGWEE0bXFHZHVXU20xZG9NelVQR002NUFIV21CNE96WnFGd05qdTJhNG42SVlocWtsYU1fMEJWQzFsb21PTWx3eENiek9RMHloSDVHVlJkVzFubkw2S0JNNTU2NnZNS0FOekxVX0hyd3ZjNE9pUQ?oc=5,Levant_EastMed,google_rss,Levant_EastMed
"Trump defends Iran strikes, offers objectives for military operation - NPR",2026-03-02 08:00:00+00:00,NPR,news.google.com,https://news.google.com/rss/articles/CBMidEFVX3lxTE1RUWFVNmg1SkxnNlJ6Q0lEYXdoX3FJdGNLWXVqTFR0UGRXNXBtRlhaZ3V5UnRwcFlPbkJyVlJDbml0b3J1d3d6elFuZkhtejhBOTN3YkZJNnU3c2RrODhvblZHZnVrZXJhbTVrRF9wYjdNMGk4?oc=5,Levant_EastMed,google_rss,Levant_EastMed
Iran’s ferocious retaliation for US-Israeli strikes has rattled its neighbors - CNN,2026-03-02 08:00:00+00:00,CNN,news.google.com,https://news.google.com/rss/articles/CBMilAFBVV95cUxNY3MycEh2ZnR0YmhCS2VFbGVDT1ZFNjZLclVvRHBrSnBacUNrV0tzRDNUN1RCLVpvMFBwc2dOTXNsNTF2WEJzMGJWNXBvamxmRThVQ0NqeGtrZ0NwT3loQ0ZHMUtxR0JHTkg0cFdDajI3UlpqcEZuUzNKNFlDb0MyRmxyQm04RVVscVlmcnJBX29oaFpa?oc=5,Persian_Gulf,google_rss,Persian_Gulf
"As Mideast conflict widens, US says attacks on Iran will last weeks and intensify - AP News",2026-03-02 08:00:00+00:00,AP News,news.google.com,https://news.google.com/rss/articles/CBMijgFBVV95cUxQbGZBbGJaZ3otQVJyWHY2cE0zY0ZNcGNpR3FVZWJqS0JhQW5UVS13dVBUS1BOWkpfQ3NnZ05SS1Y5NHNaUUxnR0tuMzJtQzQ4Q0ItUWtNME9qRUVTNUhFR05ZRmdHMVM0NmpPb0xhbGJxVVRlWXRUSGhRanFWME50RGNPT25PSnBhVkRzcmRn?oc=5,Levant_EastMed,google_rss,Levant_EastMed
Hormuz on the brink as Middle East conflict disrupts global shipping - safety4sea,2026-03-02 08:00:00+00:00,safety4sea,news.google.com,https://news.google.com/rss/articles/CBMilwFBVV95cUxONUMyMEM4RDA2NkNTLWduN3ZvWXc5cEdtaC1DY0w0ZlRXQmNVN1hEQ1ZzY094X1BraDd2cDFiNTdPSEk0SWpvOWQ1ZE5aNWc0UXEzdDdya0NVd0hIMmtSMjBhSUNwRjZQT3V4YnZxRXBvQjRJOXNxR2FkZGJJcmtSaURGNlRVYmdvMXdhOFlkRE5tLVlHb1lB?oc=5,Persian_Gulf,google_rss,Persian_Gulf
"From Iran to Venezuela, Here Are the Countries Trump Has Ordered Strikes On in His Second Term - Time Magazine",2026-03-02 08:00:00+00:00,Time Magazine,news.google.com,https://news.google.com/rss/articles/CBMiggFBVV95cUxOS1JPeEJCWF9hYUZlazlQaWpVTUg5ajNMc09MWlJON2lPazdFbXFTNE9sMmRaWl92dzZHcXJnLU85emFYc2ctd3VSTUl1TzJtV1l1SnY0N1MzTXo1ZUx0cFVVME5rRjRVYUo5R2d1ZkZ3bGdELUpzY2Q1RG9nbng4V2VR?oc=5,Red_Sea_Gulf_Aden,google_rss,Red_Sea_Gulf_Aden
"Iranian Missile, Drone Strikes Target Gulf Countries - Defense Security Monitor",2026-03-02 08:00:00+00:00,Defense Security Monitor,news.google.com,https://news.google.com/rss/articles/CBMiowFBVV95cUxQcXhNTEU3cG0ybEMyNm10MlgwVDJ3dFZqbjN3TGp4UUIyZjhCVi15Nzk1ekQ4cXAtM1V3UUg1Uy04NlEtd1pQWW1BMTlZMFF2S2N3WVZuLXlURGNsc2VrZHpRb2hYRlB0aFVfWlBQcFVpVDc1cmh6eWZLN3Y3NHpDT0VtbG1Zd09xS1NSZU01Qi1IRGlYQVZySTVkX2F6Y1B1Rlg0?oc=5,Persian_Gulf,google_rss,Persian_Gulf
Iran attacks prompt Red Sea rethink as box shipping exits Strait of Hormuz - Lloyd's List,2026-03-01 08:45:03+00:00,Lloyd's List,news.google.com,https://news.google.com/rss/articles/CBMisAFBVV95cUxQV01Samk3bU5LSlJTY3VuaFIwNWR0dVRUSnJ5c2stQ3JxSUdqaXhBTDExVldhTFJFbzNCWlJqeERPMGNkNlYtZjFRT0RGdEJ4ZHNZNmJMdXAxbjVLX1hTbGVOMVpXcVVocjd6OFg1UEZtOFM1bXNPS3lfZ3JDQno5SWZkUjJZWVJyNkl0V0dsdTA5anBOVmlhUTZRV0wwbG53YXp3aWJaaDZMdHBxbllwQg?oc=5,Red_Sea_Gulf_Aden,google_rss,Red_Sea_Gulf_Aden
Experts react: How the US war with Iran is playing out around the Middle East - Atlantic Council,2026-03-01 08:00:00+00:00,Atlantic Council,news.google.com,https://news.google.com/rss/articles/CBMivAFBVV95cUxNNHhwVUFqVkhReW9PVUJIa0pBbk93V0VNNVRrOU1USWlBV3R5dDlSSmMxeFRSMm5sUXZrdXVCNlBQS1JlN090Q0R2N05zQXJrZUlJRkowalFGRTRvZjJ4djg4MFRnNVNONlpiZTkydWdjakdrcmo4VXZneDRZNjVyZ3Z0WEJxa2w2OG11RFZ5TjVjWmlydEd1YjJFMUdRdklKdWJPbm5YVEF2Q19ndnluN3dpU3V3NlQ5SG5udA?oc=5,Levant_EastMed,google_rss,Levant_EastMed
Houthis express solidarity with Iran but do not launch retaliatory attacks—yet - Long War Journal,2026-03-01 08:00:00+00:00,Long War Journal,news.google.com,https://news.google.com/rss/articles/CBMiygFBVV95cUxNZzdnd0lkUklhUG1KSHFBX2pheEV5RmhoZ3dzTlZoQTRzM09TVkk3cE1RR1ZmVTc4ZU9tM0ZDVDZobDhmTHZyX010NHVWZTBpUThEbVA2X3FaSFBNaE1yWjJyUVB1d3N2Z2d1WGNNeEZKaDMxX3RyOVZKbGpKeVhjMnJGZ0Z3VFgzd2dtTDlLRnVMUlJJUDh0M1BJMW9jMHZvcGlVQjZtT2hpTXI1OXk0UzVhMUQzaVJSM0I1eUx2RFMzcUlYSEpqSWl3?oc=5,Red_Sea_Gulf_Aden,google_rss,Red_Sea_Gulf_Aden
Maps and charts of the Iran War - Reuters,2026-03-01 08:00:00+00:00,Reuters,news.google.com,https://news.google.com/rss/articles/CBMib0FVX3lxTFBUUEdRSy1EdENDOUpVUkE4RlVDU2t1enpOYWhJMEkycDJxeWdjOGVUcGViMXdxeU1hLTUyQS0xSDNJMWtvNkhhdDM5VkZ5LW4zdmNFdUNERGwwTi1fN3dfQVFVOF9sTWxFdmxvQ2JKWQ?oc=5,Levant_EastMed,google_rss,Levant_EastMed
War In The Gulf And Strait Of Hormuz - Are There Winners And Losers? - Forbes,2026-03-01 08:00:00+00:00,Forbes,news.google.com,https://news.google.com/rss/articles/CBMivgFBVV95cUxNSTZfTVJ2WDNSOGhPcnFtY24ta0ZXUlkyMUZXdHU2Tm83MExRdHhuSDdLMXVNUHdrQzRqd2RzX2MyUHI5cTNLXzdjVjhWVlFGU0Fwa1gxVFFlRmxNeDZvT2FTVThlTmZpQnJ6a3F0dGtWZmNIRFpHdW1fY0g0NjNLczNBdEJjUi1ZNVVpZ2xFRkp4cW9HZW8wcGxnQ3pwZk5vV2N5QW15b3M3SXBrVW5JVGZRRHlPRjBPbG9fSnd3?oc=5,Persian_Gulf,google_rss,Persian_Gulf
Trump on Iran: 'US will avenge the deaths of Americans' - DW.com,2026-03-01 08:00:00+00:00,DW.com,news.google.com,https://news.google.com/rss/articles/CBMirwFBVV95cUxOM3JPbkI1ZFRXSTBPRFVQaDFkaHpNeWxGSk5Ua1h4bUxwSVZiUGZwMm1RNmJEZHg4UmZZMzc3b1lqY2pkNXYwMHBrU3htUXprYjlJT1Y0WW5XVFE4UzJEVHdJRnVRdlBSVjU5TmZic2dYaFU0QktNQmZkMmVKT2RTcVEzWWcwc3RVelRLOHVaVk9OOEE1QWRrQWtXY0YxamNqQnVWYnJYdEZVQXhsY21R?oc=5,Levant_EastMed,google_rss,Levant_EastMed
U.S.-Israeli Attacks on Iran Disrupt Shipping in the Red Sea - The New York Times,2026-03-01 08:00:00+00:00,The New York Times,news.google.com,https://news.google.com/rss/articles/CBMihwFBVV95cUxOXzk1M1lhMnR3NVhxdE1xSTZXSmtkOTVrZlVVUFBRRTZjVjZ2YTFiXy03NUdPWkZoaUJFT0V6VEZHWjRZR2JhSWJidUgzVi1oaDA1WWoxN29fa1pLRkY0Z2JSRTFUeUt1WkdaTHJnX2hpVlE3cEVLeTZvWHMyV0ZoRFF4bEJreU0?oc=5,Red_Sea_Gulf_Aden,google_rss,Red_Sea_Gulf_Aden
Shipping companies divert vessels around Cape of Good Hope after strikes on Iran - Reuters,2026-03-01 08:00:00+00:00,Reuters,news.google.com,https://news.google.com/rss/articles/CBMizwFBVV95cUxPTExWOTJiY0xscTVEN2FKUzNPNk1iNWpwRFJYek5NVmRVUkNLZHRKZTJhd294VXZTblRtVThuTXVqbmpXMDQ1a2FKcjhoY3BuLV9rbjUzOHVkTm1CcWRUQzVieTd2LWhiTDRmck9xUDNtX283QUtIaDVwWFNJczJRWVhlUGFvS0tCMkhyVGtQcGlSa0JHREZpd3BsRFdubFpFenFwM1BEQk95RWhPWHoxN0E2ZWstZHZFTUdHYjZoQnpKVFRsdFVDT3VwZVY5Y28?oc=5,Red_Sea_Gulf_Aden,google_rss,Red_Sea_Gulf_Aden
Israel strikes Lebanon after Iran ally Hezbollah fires missiles over border - The Guardian,2026-03-01 08:00:00+00:00,The Guardian,news.google.com,https://news.google.com/rss/articles/CBMinwFBVV95cUxQZGJ3MFNKQUk4SVlMNlRLam1aeThZQW1NM25JOFFrSXJUZnc3QUJwclRDV1pra0FuY0RfY0QwXzNQMi0za2JNbWROZ3FfdG5BOVBqcXcyblJxZS16U3FyX3l0d19DMnhnTm56dEZSZFlvZEFpWjlTY1NtSUYxTHRRdEl1bXctZjhtV2VCSDQ5RjcyYXBMR1R5TVJWRFIzTnM?oc=5,Levant_EastMed,google_rss,Levant_EastMed
Attack on Iran raises tensions in energy markets and signals sharp price increases - EL PAÍS English,2026-03-01 08:00:00+00:00,EL PAÍS English,news.google.com,https://news.google.com/rss/articles/CBMi3wFBVV95cUxOcnFwSmxjOGsxa05ibmNtc0stTzltVGpkRGpSdzBKQVhXc2h4ZFBGNjVzNm1tal9KZ3JkN3hBRWE1TEVHNTFLc1R2Y3R1eGVxb3JJT2U4Q3U4a0ZZRGFkLWlwVzFoYVRacTFub3VNU213X2VEbXpCRlNPNUZlMzFWeHNWMVhPeEhQakRteVdzRHgtMFh1Q2VZYzByWlJMbmY2T3hLV3lyM0ZVYkNUZXhBd3ZkZTBndGNwUUhmTkhPZ0dMSUtnRnpJNXNaeHNxRTFQaVFpQ2pTYmJCQVFOT1RN0gHzAUFVX3lxTE0wTXYxMkhpX2ktOHB5bzByTmwxcE1rVzYzQmlaME00ZUZnNFBROEZWaU4yd1Y2c25USWJDX1FkTkF3WjlfV0dtVTExcTllaW4wbmxIaGxTdWh0Zi1VUnVZY2JLNWduZTNKaENaQm5FeTR6ODVwM0Q5X3FOOVlWSmJtMHREWDNuLXdaVFdKSmpTVFJsQmM2S0JObHJkdmgwMlNQVDljQ25XQThDMTRXVnVBN184SEZuWWcyLWx6SjhGTU5seWYxSnZLbTd0amlrcFNWSXhleWdsSlV3Rk04enkzaGR6dzk1enVoMTlXMWN2elZOTQ?oc=5,Persian_Gulf,google_rss,Persian_Gulf
Three tankers damaged in Gulf and one seafarer killed as US-Iran conflict escalates - Reuters,2026-03-01 08:00:00+00:00,Reuters,news.google.com,https://news.google.com/rss/articles/CBMiqAFBVV95cUxQMmlsamZMdF9KREpIYU5wT1lrU3huMlpNMUtZNG41QnBzaENTNjc1ZHVjX1ZOMXhGMGh0d1FqV2NDSlU3NVB0NVZtNG1wVUtaTTlPV3FRNkkwMXFEMDQtZWNSSUl1d0JyY1dITFB5UVQ1ckFYVFF5dzU2Tmd2dXFkVmVxblpza3RxYW5NdVZaM29wYTNfTFVvTGV5STlFaG9zWGNfVEhZdkY?oc=5,Persian_Gulf,google_rss,Persian_Gulf
Members of Congress demand swift vote on war powers resolution after Trump orders Iran strike without congressional approval - PBS,2026-02-28 08:00:00+00:00,PBS,news.google.com,https://news.google.com/rss/articles/CBMi8gFBVV95cUxPNTVzdUdyTHBBTzJ2RjFZaTN2OVB2WkQxeFJCa0tuMnF0MzJfVXpWcDJiSmRGajFPTE96c0I4RFhjZDdLSm1ESk1KVjhpNFJGSWNBU05DT1FjemRRNUs0OVFJRXRvR1RGWUxiNTFaekoxR0VfYkNJRXhnVjBJRFdmeHNIdHhNMkdwdV80cHRBMHppYXdMci1FQ0t6a2h0Q25uSGg1LVE5RUNXNUxsa0FOX0xjVVFiVDU5bXZKMVhiazBIN2pQNVVINzF0RndlTU1ZZUNzZW9aOFI3RFZDX0RJNWhBdmNpRU9zQm1Sci1QdEFsQQ?oc=5,Levant_EastMed,google_rss,Levant_EastMed
Gauging the Impact of Massive U.S.-Israeli Strikes on Iran - Council on Foreign Relations,2026-02-28 08:00:00+00:00,Council on Foreign Relations,news.google.com,https://news.google.com/rss/articles/CBMijwFBVV95cUxPal9fMkpTelVfYnZERUNPYTNXRkZYOXVqVG1IOVhnRGdtaHRpQ08zODJRZ055Y2E3bXlBaTRQa28zTDhrSUJteTQ1NXdERXc0bmU1RFNuY2tiRzl0d1M3ME9EazdPajhVeFpFUVVJYlFNT1FtS1B0NFJ4TGVpLVc5dmJ2SThqMDBWUkk5UG5sTQ?oc=5,Levant_EastMed,google_rss,Levant_EastMed
"Explosions rock Dubai, Bahrain, Jordan and Kuwait as war spreads across Middle East - The Guardian",2026-02-28 08:00:00+00:00,The Guardian,news.google.com,https://news.google.com/rss/articles/CBMirgFBVV95cUxQZ2pWRlp4TVRSWjktdElaNWJmMk9WUDcwbmFHSnVkdVhFbllkM3ZERDY3S3lGdi1tc1c5ME9Sdy1tMWNHcGRlMk93Z1UwQXhsREtxeVhoTzFZc2w5WmE2VTV0Y3hFVWN3VnctampxaXdkOGUwUjV3STM2WEtNd1lTeWxlZU84VW5xN24wV0pJaWMxeDZ3N1F4NTFxWGx3OUotYlJBZTRPTjl1OXRldGc?oc=5,Levant_EastMed,google_rss,Levant_EastMed
Multiple Arab states that host US assets targeted in Iran retaliation - Al Jazeera,2026-02-28 08:00:00+00:00,Al Jazeera,news.google.com,https://news.google.com/rss/articles/CBMitgFBVV95cUxPdHhqTWVyY2owcWpnUEdiMk50Z2tfSEVMQTJmYXVZc3VDMFZXOF82ZXJwc2Z0OUl2NjRLZTZVNXkwZTRHRlkwWjVyVkZfc3NGQUdMMkFNZmpUcGgxYzZQeXZkbkNSODBZdFJVc3Q0TVZxd1AxMm1WdnlEcEFCaVAzbnlrcnVtc2tNbTdCeVZpcEk2UmNhdzhxaWJJRExremM5eXJfb2FVdHhIZmVtc1lRdjVvZF8zZ9IBuwFBVV95cUxQYmtaZmF4czF2SFQwbmFvVlZHS0tZSmdCN1VMTy03eVBXSUpubXd5dHoxT1pQc2VNNGlyRHV2MlZBeV8xYjNFRUUyZ2tzdzRXZW42VVhFVTNzUW51OGFRb1pHYW1SZ2VhdFNxMF9YZ0YzSWcyNWFOTHpiZzE2Q093RGtyWGJFbEFoc3hPRnA5Y0JxSHBCaUo0U0s0dDhEY0dJWU9hRThNTUk2X0ZaRGRLeDNQenQyLXZVcWRV?oc=5,Persian_Gulf,google_rss,Persian_Gulf
War With Iran Has Begun. Where Does It End? - The Atlantic,2026-02-28 08:00:00+00:00,The Atlantic,news.google.com,https://news.google.com/rss/articles/CBMinwFBVV95cUxPbjF4Q0Rad0NHZ1FvX1c5ZlhOeXRTd2poc0JxR1N3TnNYRTNpYWFWXzJySzBjYjBzNHd4VW1WSVYwb1RUaTl6WkFPdVhST1FwNXg4dWZ6MjJWUEg3dzlxaWpVYmVvYVYxbkhVeWJHVXFOR21HSUI5NE1MRmQ3SmR2SnV6RmNIQTRNRFZ5T1gwdXZqWEhVdlZhYzBuWXoxRlU?oc=5,Levant_EastMed,google_rss,Levant_EastMed
Houthi plans for a US-Iran war worry a weary Yemen - DW.com,2026-02-28 08:00:00+00:00,DW.com,news.google.com,https://news.google.com/rss/articles/CBMiiwFBVV95cUxQaDB6R0ZvdUV3clhKNm9VSmNIMHFLcGdmZ0FIY0NBcjJvbFdYM0hBUEtIV3g4REtpY3pwaDdGVEcwT2hiNFQ3Yjh4dEY5dTgzMXMzblRuWFE3VDZmbEg4QV9wOGlEaHNLZUl0T3ZYTTMwcmZ1YnEwWVhCMU5sc0VxdU96VVJfaFQyZnN30gGLAUFVX3lxTE5qZlJKTTM0M2p3Ml9iWHFaQzVsUTJjbUM4aVdPRm1wZHk5R01ObE03Y3B0Y0ZuS19UaXdLVkZ6TV83RlhuUGxkeVdGdUlJSkVHUks3REtLOW9SMHB5QnR4UTVlclFqelJOMmdnWllYeDZHU003YVljLUlhcXRRQmloNEZsTDZxaXBLQ2s?oc=5,Red_Sea_Gulf_Aden,google_rss,Red_Sea_Gulf_Aden
How strikes on Iran put focus on the Strait of Hormuz - The Straits Times,2026-02-28 08:00:00+00:00,The Straits Times,news.google.com,https://news.google.com/rss/articles/CBMiogFBVV95cUxOYVZSdGREOEdRM2xVYmd3Q0I1UGdJZzdNU1BKSVJEN3dxQURXMHdBdTJZdUptVV82NEhIaHkyRDFJamkxRzF4eHREMHdjeDlHWWdQRGJZMjNMXzFaZ0lGWi1pY1JJMWNvMXBiQUFMTGwxamYtVmdzZ3c4T01FdU9XVFVreS1yOVFqRThLNEVZWUVEWmRhN0dEWkZ5aW5UazhGbWc?oc=5,Red_Sea_Gulf_Aden,google_rss,Red_Sea_Gulf_Aden
Houthis Signal Renewed Red Sea Shipping Attacks After U.S.–Israeli Strikes on Iran - gCaptain,2026-02-28 08:00:00+00:00,gCaptain,news.google.com,https://news.google.com/rss/articles/CBMipgFBVV95cUxQa3cyRXhuNlRGaUVBNDQ4SFkySXJRakUwTE1NZXdGdEZ3emRJWGo2LTh2c1UyV3dtaUFPLUdoeGdPNkszUzZQS2U1U19vcGZNZGItMm9Hblo4a0x2YlRSVDV1b25Id3lZUHB4QXFOdHNxejNYZkpzUlc3VVYzNVZXXzZic2huVjdLUHF3NlZ4YzgwMlg3WXdwOTlUYlpjSVk2VUVVNXdB?oc=5,Red_Sea_Gulf_Aden,google_rss,Red_Sea_Gulf_Aden
"Red Sea risks resurface: Exporters warn of shipment delays, higher freight and insurance costs amid Middl - The Times of India",2026-02-28 08:00:00+00:00,The Times of India,news.google.com,https://news.google.com/rss/articles/CBMirAJBVV95cUxQNzJkd0g3QmhNS19iTmNXczdIS1BVTG1kUVlOT1hNaXRWOE83UGZURlkwdUhTQmk0Mi1IQkdBVEtSbWVVWHl2M1ZRM0Q1NmM5aTBIZWRkVXliNzFtVndqUVIxN2dvMnR3TVhsbjlEeWtxWTJHeUdmcnJCTzVENncxZ1doWWZtSmNQS2FUUXdmYWdVVk8yLWU2bEQwaTV5YWJNRUV6RVBtUHVKbEJrY0ljZi1jc2pZYXpkSTJrcmk2WUpQOTNWVExlcW1YWWNiWUFZWUw3ckx2NWliSWlBbnBaRWVZWldhT3NvZkpFR0Fha19fSzRaN0U4YnltTUp5WHNQSm8wWWw5SXlsSkdlZzk1MVVpOE5wM0RUeERXRHI5Z1VKMDBDTExwd3BucXDSAbICQVVfeXFMUEt2bWxkM2UwVkNqX3hJUXpLcjJ4LTh5UXBjbkhsTTdhSUpCOU42dzBRMDJKOWQ2ZlZLMWlUVjA2c0dZd2k2Vmw4Mi1xZFZMYmZaTWhraENwbnNMVUJxTXhuQ3l4MHU2YzVjN3hTcFpkd21TR3FYbURjMFg5cXdBcFFjRUhNWVFoLW82OG1Mb1ZwLU1pYXQ5NmlydHZfc001NVl6aFBaSGlLYTBtdFhITnNpRk11Qmg2LU9uZjNtR21NV1pSVlFTZVVPd2F0REpQSG5tekRiZGxhbEVXRDI1WlFHVUdyQTA3U01sLUNsdGx1R3N1N01weXIyTzh2NldXWGhmRjBvSHQxZ0gtTjREWHlGLTNCZE9ZcUZzSnFTLVZYTkNoWDlkMlBwX2hVMjI2aUNn?oc=5,Red_Sea_Gulf_Aden,google_rss,Red_Sea_Gulf_Aden
Yemeni Houthis Announce Resumption Of Red Sea Ship Attacks - Arise News,2026-02-28 08:00:00+00:00,Arise News,news.google.com,https://news.google.com/rss/articles/CBMihwFBVV95cUxQZk1fLWdTZDFzOVZXRDRQbFdLc0QyMjhFOUV5TGk2X2x2eF9wdExaQ0lYaTZONE1BRkJRd1NqYzlPOFZkMGtWLWhpSkt5RVVXdGUySEpDZWk1MUpDdkhHMTNjNlBGR05DTWx4QjJIc1dSSzBkN1F0MDktMm9ZeVo1OUM0bFBKS3c?oc=5,Red_Sea_Gulf_Aden,google_rss,Red_Sea_Gulf_Aden
Yemen's Iranian-backed Houthi rebels to resume attacks on shipping in Red Sea corridor: Officials - The Hindu,2026-02-28 08:00:00+00:00,The Hindu,news.google.com,https://news.google.com/rss/articles/CBMi8AFBVV95cUxPTG1hZENIeVhySlk0cllQSHJEalk5aUpfZVZ2RGpEallmU2FocUYxOUI4Vk1NUk9PWm04WHpaa2pveE1mandUazI3NFNIVDRKOEc0bmtydDJNcWUwUzR0czJWU1VBcFRhRVJ3ekxsWTRfZVJNUWE3cENaaVlHQU9qd2VNa2YwWGhSejlveTNPR3RwY1cxRDQ5R3A1S1BDLXpOcVA5OUh6UXppWmhQTzlCcXRFMnkzZjExR0VIODRuektnYWgwYnBfTUc0NlNrU3FuVkdkNmpOT3M0Nk5DSmdVN0x2Ry02U3l4R0p0RFBPVmXSAfcBQVVfeXFMUGNHZWFQbVh6VnJwM3QwWkJZdWlSaTlfUGJHbzBYM1VTYnJJNnhaNUVwOXctR3Z1MVN4ZTZFN2FJOWUzSmthbkpJUEpPdF9JQVdkY3RENE5VSFlhWi1EcUdLTW5tdDNxQ0RaWXdjX0VjR0VMcFQ1VURXWUM1T0l0QUdxd1ZWTmpxRmR6Sk1YX3dsbU5lLWtDUHZySVpxTGlwRWlhb2hMZ3lhTURYRDNrR1dNeGdwbkNjZ3dlXzIwSTlYV0RoNEJHaG9oY3VHYWZucnkzdUFCNW92MDVEU0F4NmNUS3puU0lYckVWbWFVMHhESk83bkp4RQ?oc=5,Red_Sea_Gulf_Aden,google_rss,Red_Sea_Gulf_Aden
U.S. Iran strikes could drain key missile reserves and affect Ukraine war - The New Voice of Ukraine,2026-02-28 08:00:00+00:00,The New Voice of Ukraine,news.google.com,https://news.google.com/rss/articles/CBMiwwFBVV95cUxOY2dsRkJaX2JRYW9TMElyZWZ1SHA3VXhHdktHaGNTWENjNklLTWtpWkFRamQxRXBPQTQyU0lBb05KQ2pZTEE2ZkNadGtnczRCM2loX0lHS2dWUHF2V0lwenJHYkxmX1hpakFyZjlwVGdiZEtIbHhhT1RFeWRNUE1GemxQY0RkMUtfcUdqTnRGRnZDamNVa0dzNjFuYUNud1FfSEM0MkJubUdPb01sX0VEQkhhQUpCMTBsRzIyVmF4Q1h4ODjSAb8BQVVfeXFMTjQwZzA4WHpmaWh3NW9oOXhQcWlMZTAyYzVXeW42eGpUV0IxQWc2OE5Vc2s5c1BoNnB3bWQxYnRFT0w3YktKNEZMZUhpb2ZKNHVQMG93cjF3UzZhS1ZFdnRvdTVvY0pzQzRkdnhKWWRMVnQ3cFBqYjZyRGIxdFJMRXY3XzhGMGFxYmxGOGQyZ0REZFYxcUR0Zk03Z3BTa2tIOUFsZzRQSGRIbjdDR0d1TzRFcXNVMS13YkpNUVgxYTA?oc=5,Black_Sea_Ukraine,google_rss,Black_Sea_Ukraine
Mapping US and Israeli attacks on Iran and Tehran’s retaliatory strikes - Al Jazeera,2026-02-28 08:00:00+00:00,Al Jazeera,news.google.com,https://news.google.com/rss/articles/CBMisAFBVV95cUxNOHhGMGV6SkFRYTdWejBscGpMaUJlOFdnZDZqWWtSaF9YOUtUZEN2bTNvdVRZUUdFLXJtekNMSmFrX2ZFUVBvclRwai1kSkdSZmgzMzNMM2NLXzhDLURKV1ZzOC1TWkpHb1l4b2FnQjMtYzJWN1NJU3FETXhfcHpfODVRbWp3LUNMbWZPMjZ0X1Fia3VVWEU4S0QtdTFrTktQVUNSMzhEWktXNFBQQWF3NtIBtgFBVV95cUxNaU5PNG40M0ZTdFNOZF84Q0Jkc0E0Yzc5X1g2Vl9qb1c2Y2xmZzhEZnBnemY0WW5rWjJ0RnFzbWNjQUs1M0dqOVVua2RkbF9FNGZjajlxQUhwQTZWd0t1NmY2dHREMzVUYlZTaXFPWWdxLS1wQmw2MnQ1MXFTbmxnNTR3Z3VMYXNaQmEzUVNXS1FqRTNVaW1nWlo2Z01Tdi1Yd015UUstTzZqbEt2bGNvSzBHTS0yZw?oc=5,Levant_EastMed,google_rss,Levant_EastMed
Oil Shipments in Persian Gulf Already Disrupted by Iran Attack - The New York Times,2026-02-28 08:00:00+00:00,The New York Times,news.google.com,https://news.google.com/rss/articles/CBMikAFBVV95cUxQSl9pZ2J3NGRCSnBFZ2RQS0JpX3JKVGJIemhqU0JxaE9GNFlnNjM4QVdnMmQ0d3E4TGNnc2VSdVg3RXlKdTRRX2hrY0xrUS1tQUk2VTZad1lPLTFaQi1YY3hGamZDWnNqS191VThaaklqOWU3ZTdBWjNjV2ZNb0h4WmR1MWJQbXBibFFDWF9EMEc?oc=5,Red_Sea_Gulf_Aden,google_rss,Red_Sea_Gulf_Aden
Live Updates: U.S. and Israel attack Iran - PBS,2026-02-28 08:00:00+00:00,PBS,news.google.com,https://news.google.com/rss/articles/CBMif0FVX3lxTE1mMElMOThXLU1adXViaXVFU19yZFYyZ184U29LNXFYc2YxYlA4ZWRlMEFkbkxsdmprU0JuVDQyUTBNeFJfYlZYTzFPdDNVUE1hc0hKV1B4MnhMUXVzY2M1QkEtTk1JN1hHeXlsVVlQdFBVcGp2U0xrYzNXWDA3WXPSAYQBQVVfeXFMTmdRZmRPdlg3STRqSGlZTFFLZ0pjY1JrZmtrVEtQN2VOUGZZZFF5dEFXTTZiR2lZdkpzRE91VFFwZThZWE1WQzN2a3luWHJnTFBwUXFvcV9uV3NxenBsMnllQndYNFdkdEF0bjhpRUsySTFMUFFGTV9iWTNDN3ZMXy04WWww?oc=5,Levant_EastMed,google_rss,Levant_EastMed
Experts react: The US and Israel just unleashed a major attack on Iran. What’s next? - Atlantic Council,2026-02-28 08:00:00+00:00,Atlantic Council,news.google.com,https://news.google.com/rss/articles/CBMiwgFBVV95cUxNekNuSGNNSjBIUVQ2Y0tWUzFaNGZpMW1YSEZaaE9iQUdoNFljem5kQ2tUUkNGQldmX3NrM25CWDdCcWlTOThLdk14YlNQSFFORjdpRGhEU2taSGNVWFNheW9Jc1ZBU0R2WFpGZ3JfaGxGVl9vUE9DR3BZd2lBMGpxWmpVSUpjTkNmTkZod20wRF9hdGJRZ0JVeVVXT0NSdFZFZklHSkFBcW80aUlJbkRiVUwwLWxNNV9wVkVkcVJkNUdEUQ?oc=5,Levant_EastMed,google_rss,Levant_EastMed
"Russian Offensive Campaign Assessment, February 27, 2026 - Institute for the Study of War",2026-02-27 08:00:00+00:00,Institute for the Study of War,news.google.com,https://news.google.com/rss/articles/CBMirAFBVV95cUxQd3hrTUFheHNqQ1lxNHd2ZHAybkV0LW1veFhnSWQyRko1Z1d6S0k3WDJWdUxDTEdJZ3dXUTd1RUFvUWVscTBDREFzbkUwME4zclYzOEFGNzhZVVlqbzdMdTdYNVc0ZW9mcllkbWdFdWFVbFJSS211WFpwQlVUOHNJVmV1S2JjUWo5dlM0TTQxSlA3X3F4bzdpdkJ4MG9OWVg2WGxzU1F4MFg5SGtO?oc=5,Black_Sea_Ukraine,google_rss,Black_Sea_Ukraine
"Russia-Ukraine war: List of key events, day 1,462 - Al Jazeera",2026-02-25 08:00:00+00:00,Al Jazeera,news.google.com,https://news.google.com/rss/articles/CBMikAFBVV95cUxPSGoxUkNEaUIxUzJoZlZCdmNGWnRvZkRSZDQwdmpjc3BWQThPdDBjQXcwQjZ1eUVqeG93WXFYWGZoeVNOTllUVFlrVzFOV2lqU3lEWXpja1N6cnhfcWJsMjVkV1R6Y1dOc183ZTM2WHZ4NHJ4eUdvb2ZjNlhPV09jdFp4SWt5WEpBSTVWQ2ozUUrSAZYBQVVfeXFMUFlhVVNfUVhpU01jTGRJOWRlYXJDWkpNMUNSMGJOeTE3S1F3ZG9qRG9UaG8yczRVUkp1alJ1SUx6QU9NQnphZE1NTWd5bng1ZzVoeHBLSDVCOHRGOEZLUWNlaXBZX0RPcmhMbWlyRDdzU2RvOGt1NTV1UFRmSHA4Y1N5ei1hd05wVVAwd1hUUEoyb2JvN3h3?oc=5,Black_Sea_Ukraine,google_rss,Black_Sea_Ukraine
Mapping Russian attacks and territorial gains across Ukraine - Al Jazeera,2026-02-24 08:00:00+00:00,Al Jazeera,news.google.com,https://news.google.com/rss/articles/CBMiowFBVV95cUxQT1dUV3JrRVVBbG80dEJiMTlEbHA0WkxSRE5VUTFJYnNMMG1ETjNaSHBZTkxMUVdxcG5lOG14cERWeXJmVFpyUnhmRTRRXzBjV2lHWkJNYUhBVVBXVkZvYjFIUDRYaGQ2WEJvRjRKUlRUSDdfa1dSQU42OWt5MURNUDNsTWRQdm9MUVE1aExqaVV1TU5xUHIzVmJJSl9tcFNORXVR0gGoAUFVX3lxTE5STjh0NDlBWGZqUzJDX2M3VFdlQkp0aVdxSURCZzNhUHBoTUhPbk1aNW8tSHpqTVVFUXhuam82TWQ5UkcycWxhNU9udlFOUWN5RGNMNHR3cElvMUVKMlRPWVRyeFctUm94UmRQXy1meENiU1Z2M3JpaHFNc3hIU0dvVTgtTTZUVFNBb2VpT2QybkRsNFh3Y2tNS3U1c1RkM1VzNkNFN3ZlMQ?oc=5,Black_Sea_Ukraine,google_rss,Black_Sea_Ukraine
The Russia-Ukraine War Enters Its Fifth Year - PBS,2026-02-24 08:00:00+00:00,PBS,news.google.com,https://news.google.com/rss/articles/CBMihwFBVV95cUxQWUtkYTFZaUItak5rRnFXOUFxT0R6SkJ4cUYwT1ZvMmZuRU50aEVYM0QwSkxpcm5ub2J2Qmp6V1pJUkgtVlRlNjBZY3VWQ053R19tcE1PTm4tWFZLUXJkSEtwZHdtcVdzODEtTUFSeWI3bS10UENGTV9QQ09WeVlRUFZQQlRldGs?oc=5,Black_Sea_Ukraine,google_rss,Black_Sea_Ukraine
Trump Should Take the U.S. Military’s Warning on Iran Seriously - Council on Foreign Relations,2026-02-24 08:00:00+00:00,Council on Foreign Relations,news.google.com,https://news.google.com/rss/articles/CBMilAFBVV95cUxQUl90MzhRZ0ZHOW1kWng1ZDVvd3QzTEJudkd3UXpNV25IUGF1S2szallHOElOcG80OG5tZ20wRGUzZF9hd0c0UHhPNUo5MmtyY3dlNUdfaDQydGZRRWY0NUt1Z0kwb21YRTVibHB6RVpSWmQ0V0ZVdjF2bFVJSDduVXZkRDZiVkppemxXM092Zmd6bFZM?oc=5,Levant_EastMed,google_rss,Levant_EastMed
"4 years into Russia's invasion of Ukraine, a look at the war by the numbers - PBS",2026-02-23 08:00:00+00:00,PBS,news.google.com,https://news.google.com/rss/articles/CBMirAFBVV95cUxOS2FNM3dVS0ptaG54TlZhSEZmTkJhcmRqYW9CYzJZUzNzVEpHN1JQWWhlajMtYTIyRlIxUnVBckh2MkdkUGJ0UGxMT1RMRXNSYUhwTnRPbUJRaGdkNEhPa0ExeWVtLV9vc0Yybk5VeGVGcHd5cl9IVzYwQWFqYmh1YXJ5YWh1NjdLNXl1NldDeDNZekxSQ2NJRU05eG5aZlByZmJEMmRDVkpzd1di0gGyAUFVX3lxTE1zQnUxVDVBSmlYTjRBRkdoUUtCVGdDcUxhMGlXZzRNd0RUekQydzlvVWN6azJ4N3VKVEo4S055alptZTJEX2Z1ejk2bkpCeVFKY2kyZkNTVFBKZHJlY2RaZ2kzY1czNWxxc2NxQ19kNS1leHNSU2dDVWo1TlNPeU1oejRRTzUzOFVLTmdseTJ4N3ViUGk5V1d6NllnS2djQTIxZUxJUzlRd1RlWlZFeUExaGc?oc=5,Black_Sea_Ukraine,google_rss,Black_Sea_Ukraine
Ukraine war briefing: Kyiv condemns ‘blackmail’ by Hungary and Slovakia in energy supplies dispute - The Guardian,2026-02-22 08:00:00+00:00,The Guardian,news.google.com,https://news.google.com/rss/articles/CBMiuwFBVV95cUxNS3JldW9tQnVwRDZVR2stNGFrMnBJa09xX2RBTm9DVWVzdnpMbGVvU28yZ09acDZhQWNKMkpUR2RuNmx6QzZlaGhzR2p3QUtLdjE1VThDbGlhdTdFLXFlSWROVGFQSjZZSzdZZzhzQ2dqN0ozc2d4TzkyaHNWTkxuQS1BanFoTmM0RVZZcTRpaE90Ui1wcTZDMnBZdEFXMWJSNEdsN3I5dWNobzVxLWhELTBCWEVrM2hGRGVR?oc=5,Black_Sea_Ukraine,google_rss,Black_Sea_Ukraine
"Iran Could Direct Proxies to Attack U.S. Targets Abroad, Officials Warn - The New York Times",2026-02-22 08:00:00+00:00,The New York Times,news.google.com,https://news.google.com/rss/articles/CBMikgFBVV95cUxQdzZXSl9iVEhwVmkzUmo5UmNQcjhFNDVLTWJXdU1pMVYxZExRRWlMT1d5LS0tOWx1emNPT0p4TnhIVzZQTW9oNmJTV05UYVNVeV9FeVFZRE9nYVVaMXVQZEt2a3JtVzEyblg3ZmtPZldqeGVURk5LaUM3MVo3S1kzemtfZlc1N3NGc0wwUkFpTzNBdw?oc=5,Red_Sea_Gulf_Aden,google_rss,Red_Sea_Gulf_Aden
Ukraine strikes missile plant deep inside Russia - DW.com,2026-02-21 08:00:00+00:00,DW.com,news.google.com,https://news.google.com/rss/articles/CBMilwFBVV95cUxPUll3RGpsRGtIN0stMngzUWZWSlBkLXlDRTA4MjZSZWZuQkVsR0d2NTNVbS0wWWY2QVVPVWVpM3RuMnRTbXRKanJvcm1pamlVajNvcUJoUkxKbS05X1F3aVZvWjItV0JpcnZvbkNQU1J6OGdSVmhiYzUxeVZxMHNtNTJWaHZ4UU01bW5sV2UxenBXdTFfbXRR0gGXAUFVX3lxTFBkdDF2ckhCRTl2LW94TjlTTm9mZWcxWkJHNldOZXN4dGFaUVVCcmtSYjk3Q2NyYzgzUVhlWVRGdTB0LTZvZ0ZjcmNtbUJLZFBmXzFHUzZMaHByRnVHdkRaeUZEdC11Y1pJTzgxN19aLUZzcHM4ZkU0R0FRUDdmZy11LWN6OURia0NEMmc3UXlqaXZzY0NtM0E?oc=5,Black_Sea_Ukraine,google_rss,Black_Sea_Ukraine
"Yemen: Conflict, Red Sea Security, And U.S. Policy – Analysis - Eurasia Review",2026-02-21 08:00:00+00:00,Eurasia Review,news.google.com,https://news.google.com/rss/articles/CBMimwFBVV95cUxOUktOdXNEb2o5QXI0UnRyUjVrVEhRVGo4ZExJY2dlcjBaNFVvM2lMVkczRFFXVnZudElvdnRXcHZDalBOLTF1bjVFUGhhTFh0LTVfN0dndWRISWV6Tmo5WGM5OTY4ckxHQWFxUXI2VEF2cEZQSUlsc29IVHRVTTU5Q19jTmIwcnhSaVJNOWlhRVQ1enp3YjJaYXZ3VQ?oc=5,Red_Sea_Gulf_Aden,google_rss,Red_Sea_Gulf_Aden
Why Attacking Iran Could Be Riskier Than Capturing Maduro - The New York Times,2026-02-21 08:00:00+00:00,The New York Times,news.google.com,https://news.google.com/rss/articles/CBMilAFBVV95cUxPTjNVbm4yVi05SWJpOTVBSTNYZURNb3RFcHFIbnVmVGpOLXJ6QTFrMDVrc2FSYU1pMWNtb1Ata0QxeGRNNXJLVUM3Z2xobzNPN2NzZXB6dWl1WnB2ZXY5UEwyUUJrbmlmdUFOQXg3bkV1djNZTVpnLUZvaFF4VHh2WG9fTUZrbHM5OUZfTHpQV3REMUNl?oc=5,Levant_EastMed,google_rss,Levant_EastMed
Here's what we know about the buildup of U.S. military assets in the Middle East - PBS,2026-02-20 08:00:00+00:00,PBS,news.google.com,https://news.google.com/rss/articles/CBMiswFBVV95cUxOZGlFamhBVHYzYXlZekloc1IybVhvSjk4WHdGbW1mdXd0Yi1MUVZuT3FLa2dZNXdaMlY1OHB0U0cyR3EtYkxuUmNHcHVwQlA4aU42RWkyc2EyQXBCZGd3RGdCWlE0Ulo5QUN0Y0VhcW13N3JyUDdaWXF5Y1dmWWdXZ2xacTJCaG93S3Q1Y2VxWVZ5U0RCNHdmTlJ6Yl9yQkdEQU82QnJlSTBhb2RQSUZEUGVuVdIBuAFBVV95cUxPYVcxcDNrakUwd3ZIZUtSNjVlVC1Xc2FlUHZxNzB5UGRFdUtZUGdManJKRHdRQlo3ejRHMFRBcGpOa2t1X2xpN2J6ejkxWEVDdzRNS3FBRDdOYkRBS0MzMm5FNlhpQkNFS3JNQ2pwbXZDdmppLWd5allCYTI3RG9pdGxMcGZjVmFmVDJPWm9XWTBJdkMxRk9KTVR3QVhDd3JVVVdnYmdESFZkX3Q2RmY5Q3RaWUQyaVlx?oc=5,Levant_EastMed,google_rss,Levant_EastMed
"As Trump Considers Second Iran Attack, It Could Be Deadlier Than the First - The New York Times",2026-02-20 08:00:00+00:00,The New York Times,news.google.com,https://news.google.com/rss/articles/CBMid0FVX3lxTFBCaTNpWXFqSG1JUkNlQVRjTF9MTE5PbFBvUFJSNWVrOGxhaGswX0I2eEsyREx0Zmtrc3dsajBLV1pqV3hQTlNtcjdFLVVncjhjMTZDNkNfc0hMOHhOYUl1Tmd0el9DTzVtOG14NGFDR1AyRC1VMmJN?oc=5,Levant_EastMed,google_rss,Levant_EastMed
Trump appears ready to attack Iran as U.S. strike force takes shape - The Washington Post,2026-02-19 08:00:00+00:00,The Washington Post,news.google.com,https://news.google.com/rss/articles/CBMikAFBVV95cUxOYkVveVRORTJVOXdxS2lxSjI2dWxBTF9aeDBpMDJxbjRXdW1QemhnaEFSY3BGNWRiTVNaOWFveEo3N2NGLXo0eUZDOTNrb1Q5U3pIeVBrMF9MNmtmUnQ4cldPVjlyRDhhcXR2S1RoV1J6Qk9pamYtM3B1YmNIM0lfN3VJVkNoMkNQbkRGcjZsVFE?oc=5,Red_Sea_Gulf_Aden,google_rss,Red_Sea_Gulf_Aden
Houthi threats and US-Iran conflict escalate Ramadan fears in Yemen - Al Jazeera,2026-02-19 08:00:00+00:00,Al Jazeera,news.google.com,https://news.google.com/rss/articles/CBMirAFBVV95cUxOSjRpY3JKRXVuYmtBTHVMQnFVUElZTTVGeGhNMUQtYmxGSVBQRG1OazZKRFVtX0hWSWVlVHlYMUJUSUlQZTZ4VTlTZnFwUnZFY2dHQ0liZTRSVk00T2t6THg5dzZiaTBjSE1zQWotc25uWF9qdUFNbWZVb3VMQ2pOS0ZWNDhEMWFtazVxRXlBWFl0TGo0ZVVWOHpOeGNLOVYxd0dWZ1VkUVdhdng10gGyAUFVX3lxTE1jQXpBWFhtdDNTRjIxT3BCMHRVWmhGSVFRMmhqLWt3RzdfbDlYS3J1WElZX2RjT1QtaXV3cFAzeDRmY3M3bXZuUlhRMFp4d05DZk9jVElMbUl4cTcwOTZvLXhxOXllWllaT05nTVhkbnJVd3lSUUwwZlZ0ZmFxWVBMWFpFdldWTzJQUHFxZkdGZW5rVWxjMVdzSzBPM0wwZDA2dTYxQ1BScWhrZG14SGthN1E?oc=5,Red_Sea_Gulf_Aden,google_rss,Red_Sea_Gulf_Aden
U.S. military pushes more weaponry into the Middle East for possible strikes on Iran - NBC News,2026-02-18 08:00:00+00:00,NBC News,news.google.com,https://news.google.com/rss/articles/CBMiqwFBVV95cUxPNzVjOWJpRy1QMTl1Y0VYQ3dMVDFfRS1QNlNybDByb3M4TFMwZlllNnl3RTJrN0syTmN1NHljMFRrTHNvaVZtdDlVVkl1LWp1TE9KRzd3V0NpQV9jcnhfZHh6eTlwUGRueWh0dG10X29iZ0wwdTl0WVpsY0puWTdEN0ljZnQtN216amEzZ0NxS0lOdnNqbGNCTDNjWDQydDMybC1DYUJZNnNCaVk?oc=5,Levant_EastMed,google_rss,Levant_EastMed
U.S. Military Moves Into Place for Possible Strikes in Iran - The New York Times,2026-02-18 08:00:00+00:00,The New York Times,news.google.com,https://news.google.com/rss/articles/CBMid0FVX3lxTE1GS0w4ZEoxV0NRZDdZVThBWjhVUVNYTkpPaXRqMjJZMm0zd2NybWlua19PMFBsYjM2ZUhNRklscGFBWnNSSFJLQzBjVFJGV3hFdWZiTjhKMnp1OU9OcmNNVXdlOUNjMDdrUWVZRU9tVGg1OU9pbEMw?oc=5,Levant_EastMed,google_rss,Levant_EastMed
"Trump Said He’d End the War in a Day, but It’s Worsened for Ukrainians - The New York Times",2026-02-17 08:00:00+00:00,The New York Times,news.google.com,https://news.google.com/rss/articles/CBMiggFBVV95cUxPN3M4Y2l6ZHJtUnlaQ3lHTEdCdUs1dGN5b0F2ZF9TQ3ltWno1a1gyQWtkZGYtVjZBNVg0WWdWWk5JemMzOER0SE05MGh4UlQ2dUt5OUh5NE9oY0EyXzcwSnZ6M255bVBTMU1OUkxMakk2SlU0WVBCcVo0YnQ1SlpzSFF3?oc=5,Black_Sea_Ukraine,google_rss,Black_Sea_Ukraine
"Ukrainian Strikes Hit Russian Factory, Black Sea Oil: Security Source - Business Insider",2026-02-17 08:00:00+00:00,Business Insider,news.google.com,https://news.google.com/rss/articles/CBMiqgFBVV95cUxPaVVWMzlyQzNGOFR2VGN5aHBZWlZodXNlZFZKOUFmTXBkSy13T0lmQjVOS0xKYkRuX1AwOTRZYkdxSFkzQkoyd3lwNUJxSWs0QWdyOGd2MHhWZmZfOEVmQVUxck9RUWQ1ZzI0M1dyS3l1U1pQekdfOXhqRDFlVkV4bjhCdmQwZEVsMUQ1QzA0UjhmSlNWRWFFQkhKQVBFSDZaRS01OUZydDhJUQ?oc=5,Black_Sea_Ukraine,google_rss,Black_Sea_Ukraine
Russian Military Reports Largest Wave of Ukrainian Drone Attacks Since Early January - The Moscow Times,2026-02-17 08:00:00+00:00,The Moscow Times,news.google.com,https://news.google.com/rss/articles/CBMizgFBVV95cUxObjd5Z1JnVGNRTmh5clNlakRaazR0TEhmYUloUWR6aEMwNUhQRC1OSEpiTk0yZVpyUnpHc1JQNVVVc21iZDA2U2R5M1BqZjdCXzlfOEkxMkFROEk1NHVLLTNVNHk0dmVWclJDbWdPWEZ3WWNHQUIyYXF0NFdsTUVnOGtERUtPZEtpd2xVUC16OXdTMDlmSU5QcXdJR0M4UjZzb1JSblU1MG43MnZaX0N2UU1XQWVqanZUYVlJOE5UNG91aEhHQ2Nfd0R2REtkUQ?oc=5,Black_Sea_Ukraine,google_rss,Black_Sea_Ukraine
"Israel bombs Lebanon-Syria border, kills four people - Al Jazeera",2026-02-15 08:00:00+00:00,Al Jazeera,news.google.com,https://news.google.com/rss/articles/CBMilwFBVV95cUxObHFJQzJHemw2TW9UZmk0NzBKQ0oybks1V3E0eWdQUzBJbXpERTB5T0JqZnFsaUJnVDFuVEpvQkNQZFZ2blI1Q241d21NUUhFZWd4RFpCQ25fa0xCSmF0NV9Hdk5jTER3QUNrQS1MeXZubHFWd0dCTkpEWTNDZ1VROVc1bms3QkF2eWY0UlhDald3ODdLcUZN0gGcAUFVX3lxTE9uOV9rM3ZmN2RZRFlQOHVxYUJsLTBiU2ZBWHkxMHlNWlJHWTIxMEF3RmpGWUxucThXUTRmaW42WEd1bGxkb2s4YWJFUEhfbmtEdjBVN1Ixc1JpSDFkVkxjbHZDY0FYemkxa2tqaHB1VGNrbzRjNXF5YjBZLURZWXVHMzh6THlBdUg1TWRuNmtYQ1gxTkQ2YXRmNHNqNg?oc=5,Levant_EastMed,google_rss,Levant_EastMed
Ukraine launches ‘massive attack’ on Russian Black Sea targets - TVP World,2026-02-15 08:00:00+00:00,TVP World,news.google.com,https://news.google.com/rss/articles/CBMikgFBVV95cUxQeUxmTVRzUWpybEYta2Y0U3huWVZEaUI1ZUcyUkVsS3dPN0ZHZnJKYjJRNUxpci1HVkVzZXpkdEZhNmpiQi1NQ3o1YnA3OUV2ZTROVVdkbno0blZVMzJyR2F0djRsQUhha2hjUEhOSHZFdm1IYzUxWkRpREV0dHVjTFFVNzBrWUJGdkpFWGY3Vmpxdw?oc=5,Black_Sea_Ukraine,google_rss,Black_Sea_Ukraine
Ukrainian drone strike sparks fire at Russian Black Sea port ahead of talks with U.S. - CBS News,2026-02-15 08:00:00+00:00,CBS News,news.google.com,https://news.google.com/rss/articles/CBMilAFBVV95cUxOb3l0WkdueGVJZHlSMlY0Mkc3UDZHbFo2cGNjcW5OVml2RF9kZVBTYlNHVGk1anVWUWRsMzdDa3M2QkJRdFprT2NTbnRZQTFoM3c4MnU2Q2tZSUxva00yOC1Ua01xdkxtTmRjWk56aGdEUFRtX1JMUUQwc2NCeWZnb3hTVVFmUzFHRHgyNGdIcTlzWWlZ0gGaAUFVX3lxTE1mS2doMlpaNUo1M2hRMU1GTGE5QjBsX0RiNUI1ZTFJZThrenE3LTRGdkxtQXNxN2d6RjJtM3J6TU96amxrTnNxN0VXZFZDUEpoY1FqdkJMRldkb3VYTi1Dd2hSYkUzUVlEdS1uTGxMejB0MU5UVlFwdFNCM0F1anE1VlowR0FCSXI1bEEtWW96V2xfbzJNcnBBUmc?oc=5,Black_Sea_Ukraine,google_rss,Black_Sea_Ukraine
Ukraine drone strike hits Russian Black Sea port ahead of peace talks - PBS,2026-02-15 08:00:00+00:00,PBS,news.google.com,https://news.google.com/rss/articles/CBMipwFBVV95cUxNeUEzdFRlYUN0d3ZDRUNMX19vbEU1LUYzMnZFeFhGUnctdlI4RklXTHRCQU9TRU1XUFp3OGdtT2tzUUVwYi1YTnhCMGMyZHNDR2tSbm5nUWV4WkZEaHhibGVzdUUwd2tlRXFjQlFZdEFxckxHUzdMclJiZzRJT0FzNllpNzJESkFscjJ0OExzazdwRk9TcmNETVhKN0l5ZC03ZXBZNzJLTdIBrAFBVV95cUxQcnRFcllLeFlNVjMzS0JGeUU0NV9XaklyejlOenpGaXI5VURLbjJXNzQtbnZQd01fano4WXBya1dOR2tydDVmbEJyUTJtUGJNeVA2ZkM3dll2Y1VRdVU4MWdUTHNPXzVPRHNqRWRiWERDZmhyQ2NrVjFpVWRhNG9fWTZDNUNtTU9na2ZTWWllUi1FaGpDRVFrWGhiSWs4eVRwTTI0Rm9PVml5TE00?oc=5,Black_Sea_Ukraine,google_rss,Black_Sea_Ukraine
Ukrainian drones strike key oil terminal in Russia's Krasnodar region - France 24,2026-02-15 08:00:00+00:00,France 24,news.google.com,https://news.google.com/rss/articles/CBMiyAFBVV95cUxNcW9LUmZvZUl3bFN6cDJDVHI3MGd4dHVobHg3aDZrSGhMNzBsZ0d0Z05JVEJOWVRqNTRlRjA3YnpWTmdGSHpGWHhHTk1PQnJpSnNUNXZNdVF6a0ViVWJ5aHBzNVRkTWJleHlhaF8zOGFFV1BHV05VZUV5Rjctb0RLeXNHTEpTTXJVNTVXZFVGY3Q4V3ZjREJ1ejBUZm9DYVlaaVUyZFQyODFsV3VPcGlKUnVxM0FSeU1fbXY1Zk1VSlRmU2Q3aUI1eg?oc=5,Black_Sea_Ukraine,google_rss,Black_Sea_Ukraine
Possible War Between the United States and Iran… Will the Gulf Be Spared? - الحرة,2026-02-11 08:00:00+00:00,الحرة,news.google.com,https://news.google.com/rss/articles/CBMiQkFVX3lxTE1TWFlsazB0QUtNZmFzdDFaZ0daS2JmaG55YnFFeWdONkt0cUFacTlSamQ4azdpRW80LVM1cXY2OUduUQ?oc=5,Red_Sea_Gulf_Aden,google_rss,Red_Sea_Gulf_Aden
From Smugglers to Supply Chains: How Yemen’s Houthi Movement Became a Global Threat - The Century Foundation,2026-02-09 08:00:00+00:00,The Century Foundation,news.google.com,https://news.google.com/rss/articles/CBMiswFBVV95cUxQeEpVcjhPMlZvWGFlZGlheFBrRlhXT19oNUdRNEVfTWctNjVnaTN6VTZ5VEs3X0YwdnpYbmV5N3NNWDBRWTdvc1ZTNjRfZlg1dm9ScEc3amJFNnduSWFHai1LUmd4aDYwU0ljcFN5YmdrYkRNRFNTaU5iSDl2bmV1bUNKR3Z3RG5CelBDRnpIVDVRY0VaWDdJcUxxQlNTenJ0QTVwNnZudGpzdmswUTZTZ1hMSQ?oc=5,Red_Sea_Gulf_Aden,google_rss,Red_Sea_Gulf_Aden
North Korean Soldiers Shell Ukrainian Border Areas With Artillery – Defense Intelligence - Мілітарний,2026-02-04 08:00:00+00:00,Мілітарний,news.google.com,https://news.google.com/rss/articles/CBMiugFBVV95cUxPYlBPLVhQWHdiX3lGMjJyZXo3VENuQnlBbF9kS0YyZ2FPS3EtajkyZk5aTER0N2hPXzlFeVdpV0NlX3N1SkY5by1EWkRxRWhSTXA3Y3VZRm1zaTRwQUxNN2pKVjZlNHNpM2tOaGtRUGRQMFc4eU1sWEpmUnBJdzBuMGdnQS1GUXFWZ0ZmVWotdS1QaTBmMjR3YjIwMXJ2WWYwSDI2RGU1c1ZCQU1POG1mNlQtZVI1YlFUamc?oc=5,Black_Sea_Ukraine,google_rss,Black_Sea_Ukraine
"Israel Launches Deadly Strikes on Gaza, Saying Militants Attacked Its Soldiers - The New York Times",2026-02-04 08:00:00+00:00,The New York Times,news.google.com,https://news.google.com/rss/articles/CBMimwFBVV95cUxQSTl4OVltMmEwVm54YkxLRUxPYWs5eUxCcHA2cmlsY0Utckg1WkJsNEw4czFZS1ExLWp6OVZZZFd5dXRWWHA4QVlYanlwbVlLT2ozWGxZM0RJd1ZCa3FLb0dhd09pR2hnaTNPRG1ZVGhYa1ZFWlRrOEo5UjdkQUtLZFBrSG5haWtOVzhJUkJJZ2RIZXJuV2FTWmJjNA?oc=5,Levant_EastMed,google_rss,Levant_EastMed
"U.S. tanker approached by Iranian gunboats in Strait of Hormuz, security firm says - CBS News",2026-02-03 08:00:00+00:00,CBS News,news.google.com,https://news.google.com/rss/articles/CBMinwFBVV95cUxONFYzaU9HQU8zb2s3M1dVd3lqcnlSS3RHU0ZaazlYTFVneUdRd3ZNRzdqWUswZHdDRFNMa2d6Z0pldVRFak9NdENJbGc4WjVheUNFVzVJVDlvQnFoWWIweldHdlNCNmh6aldMNkhYZXVZaGc2dG9rSFB0YzhCc28zS2xoWE5WY1hNZVBfakNzcncyVkVEVXlXT1dQQmN3VEHSAaQBQVVfeXFMTXNqWnpndEJneldRaF9YeEdyb0tfRHQ2Z2ViYWpYcjgxQXlnRGNNaGVXMlZReXBMYnpiTFVpZDk4aFluNUVuVmFiakYzUnF6VnJXdlJuVXBKT2tNSjN4dm56NTNOZDEtZjhBc3N0UFEzNG5EeGduem81WVFiMTA2bDdOblBTT1FYLW5OYnFVQi1GakF1dkFzREdVN3YyTEMybHk2ZFU?oc=5,Persian_Gulf,google_rss,Persian_Gulf
Why the Black Sea Is Becoming a Hotbed for Russian Naval Drones - The National Interest,2026-01-31 08:00:00+00:00,The National Interest,news.google.com,https://news.google.com/rss/articles/CBMioAFBVV95cUxQNEVVSk1YSlZuSFpFbGhKbTNUREhWUWtLTEdJMGp6SDJua1dCc0hpeW9FWjBBeUF0VzYxWGtsUHpJcEJrSFk0M3duSlVqZmh5ZE5DMDg2VFZoQjNybDlsdGxQQUVuV1BzN043MXQxTzdFUlFhTnMxczZpT1lQd0g3TDFDQzVlV1FGc1pJb3hpbk1mS0dnZlRUY3ZzbjNjY2hS?oc=5,Black_Sea_Ukraine,google_rss,Black_Sea_Ukraine
Ukrainian Drone Strikes On Parked Russian Aircraft Seen In “Greatest Hits” Video - The War Zone,2026-01-29 08:00:00+00:00,The War Zone,news.google.com,https://news.google.com/rss/articles/CBMipAFBVV95cUxOWWF0ekhjbk9Id1ZtOHpINzVkcmQ1R2l6WlgyRUNDZDBtNDY5eUNCZFhiVl9MMTF1SHFTalprbTdLRUhHcWttSHNTUUlUNGNNeXM2TjRyNDliLWxBaFgtTXUyLVY1cmhZS3BXN0lpOENreTV3TVBQSFNkaHZEV05NbVJFZTNEQ3JIa0d4V25TR2dXZkVQc0N3cGVHM3czMGUxZGJwaA?oc=5,Black_Sea_Ukraine,google_rss,Black_Sea_Ukraine
Houthis threaten escalation in the Red Sea if Iran is targeted - Middle East Monitor,2026-01-28 08:00:00+00:00,Middle East Monitor,news.google.com,https://news.google.com/rss/articles/CBMiqgFBVV95cUxQLUx0VE9PYXlwY1J3MWxrUUY5LTNsNWZvcm9QZ2RRYXA4dTFKSjVrTTgyR3RnWmliYUU5cjFkcEdrY3o3c0pkMy15dElGel8teVQtLXhGeG1KcEFSZ1BTREFxb2JhNS1TM3QtaGt2NXZ1V2tvOS1GTWRhTC1TMElBTVVaMThoOExya2N3Q012MFdJVy1RMmFsMW9ocVdqTEtGTGlSaGFpa2xJQdIBrwFBVV95cUxNX080b3hjRXAxY1kxY2xzQWJLZmtaV2NRRFNLSU1sRU94RlBVQTNTSV9EWC0wNHpLZXpUeU82ME14NGhudFk0Qm5CLTRsUGIwMVM5WVZZMUo3STNfNWljbU5MT0R4Nm52YlRoeW04dlBYVi1XTHJqV1NnZ1pXY05ROGFBaXhxbmlvOXRHZlRHQ2hKYUdTMUlOVFp5bDBPVW4xcVkzZlotSjVqQ3VmcUFB?oc=5,Red_Sea_Gulf_Aden,google_rss,Red_Sea_Gulf_Aden
"Russia-Ukraine war: List of key events, day 1,432 - Al Jazeera",2026-01-26 08:00:00+00:00,Al Jazeera,news.google.com,https://news.google.com/rss/articles/CBMikAFBVV95cUxQS3FtczZYWm9nZ2hvLUdzSDdpZWRsQjRhMXp4Q1lLWV83SndvRFhNNi0waW12d2Q3dUxoWTBMWnBuU3BaVjNxei1UZDdTZnZya3VkcU8zRjYwcUU5WFRHSXZlRXFqdUlTX3JJNm9NTHpkdnFGWXdqNUZjdTB4bjc0djVWZUZ5OVgtTzJyaEFMV2fSAZYBQVVfeXFMUE9RLVc4WHFXR1ZDTU1NWFFCSHVDY1JtVmI0dFNZQVpQQW9aeEI5M2psdHdnMnZTb2Z4S255ZTNRbEJVWHFaeEhiQ1J1ZjZKMV9CUzdvUjdhNWxQSUdQMWFMaXhOcFNLU2NsYlhJMXVEQ3RYbmR4c1dmN0I0cS1lOGhaUzF0dWl5OVVpaEQ2S3F4Si00REF3?oc=5,Black_Sea_Ukraine,google_rss,Black_Sea_Ukraine
Yemen Rebels Threaten New Red Sea Attack as US Aircraft Carrier Heads Toward Iran - Military.com,2026-01-26 08:00:00+00:00,Military.com,news.google.com,https://news.google.com/rss/articles/CBMiygFBVV95cUxQRDlSWHhCUzV5SldsOXF1eTRHY09WU3dwRXVBNl9TUmJwYUcxZ3FBUVFKT0pxRnN0akM1QnhRV1VmNWJiNzVfZzZTbGJxT2hjV0ZnSThsZDlYdTZvdXpCVjJhRnhiTWRCampDTV9LWUFzWkJKTzRnTWZvQ1oxME5LYzFUMzN4cnN5aWhndzNLeHRlSEhIcTlpdklLWWZRa3NUZk1halpHM2t6NlZ2ZTdURWZsLWNqSThTRWNMM0ozRTZSX1lIX3hHYnd3?oc=5,Red_Sea_Gulf_Aden,google_rss,Red_Sea_Gulf_Aden
Here’s where Trump has ordered U.S. military strikes in his second term - The Washington Post,2026-01-22 08:00:00+00:00,The Washington Post,news.google.com,https://news.google.com/rss/articles/CBMiqwFBVV95cUxOVmVpRWN4SjhBSGZBRnFndXlocjVDRW9adHlHXzdzbUZOenVfNFo0LUUwSmxhSzhkcG5vLUNQRnJaM2pqd0JhRzdxWDNFRDVrOVRIdXN2YUVpd1JQSnNNbUE2cHBxT1d2TEhqTTdiMTdmS2lGSTF1S05OQXBxX2R1dXpDTUVEUWkyelhCSThfTkVOTlpWOGRMRW9MTjRjOVdUaFFBOE1IbnE3a1k?oc=5,Red_Sea_Gulf_Aden,google_rss,Red_Sea_Gulf_Aden
Are All Wars Now Drone Wars? - Carnegie Endowment for International Peace,2026-01-22 08:00:00+00:00,Carnegie Endowment for International Peace,news.google.com,https://news.google.com/rss/articles/CBMiiwFBVV95cUxQbHVZMC1EbW1qbURNNTdSRzNrLWw0clZlcDdWeWN1blhQenFIa3Y5Z0ZvMmdyblpaSm52cDhvS1JuUC1tZndDaWxSNi1PZXJXV1pXRjlodFgtenRhLTZHQ3V1cVl5ZTI1azc3NXlyOTdPVFNTRTEwdW9MdlJBcTR6OWZxSWFHcmRQZzFN?oc=5,Black_Sea_Ukraine,google_rss,Black_Sea_Ukraine
Israel bombs four Syria-Lebanon border crossings; kills 2 in south Lebanon - Al Jazeera,2026-01-22 08:00:00+00:00,Al Jazeera,news.google.com,https://news.google.com/rss/articles/CBMitAFBVV95cUxQY1Q1dXBlalljS0RFc3FGRVlIMHJ4TzZxWnBabzBrUUxxdENRdmkyZ3VjeXV2S2VNeDNtajdrSXZlXzVXRmlSeHNROV93eTlWQ0ZpMC03dTV2c0NodEJ3RFZQaWZJbUFzS2Iyd0xOWUswdHJwQkEwVjlkZFljZFJ1M2ctT1BlV0s1RFJFaXBKdnNmQ3ZUWUFUVWJiQUhoNDYwQmtES3FTcmoxU0pwT2xkX21GOWHSAboBQVVfeXFMTTU5dlc0ZGF3TjJYV1d6OTN4VVR0UWVKeDZwNFlSZ3NRejlUUHdUcnQ1c3V0d25DV0JQTy1IUUhPYUJtaVlER24wS1lMQmsyX05VdnJfSDRGd2tpNTlBYXN4VmtZM09PT3dnU2RDV3RRd0RMYmpwZks1VnFqLVZRWFY3LWFYZ21CRHdYbzBsYWNCUGcwYWpKX0hkTTZMYnl0RktyMktzSkxCVGxPV1Y0RWpkSmIyWkk2azJR?oc=5,Levant_EastMed,google_rss,Levant_EastMed
How Egypt is reviving the Suez Canal after maritime attacks sank traffic - The Washington Post,2026-01-21 08:00:00+00:00,The Washington Post,news.google.com,https://news.google.com/rss/articles/CBMijAFBVV95cUxORXhJQi1odFppZGpLQW1WVDJFYVZGVG5tbk5nRDlvZVp5OTl2eUFQY1B0U3hMTXQyc3pCUTFIUEVmaEp3M3c5YmlxWTNBT25lQlhFbXVlOHRmbTRVV2QzYW4xcFZaM3NVcmdJTk1fQjBpcXJuUkNqRmdjS1RKS202X2dnTWZBc20telhvRg?oc=5,Red_Sea_Gulf_Aden,google_rss,Red_Sea_Gulf_Aden
Ukraine: Overnight Russian attack cuts off power in Kyiv - DW.com,2026-01-20 08:00:00+00:00,DW.com,news.google.com,https://news.google.com/rss/articles/CBMikgFBVV95cUxNRlF6NjVZNlJ6MDlpYmhfRjd3Q1hocUFNaExuZmxIeFlIQkZhdUV0dXRlTFBwS3VnZXg2VFJmTTVMdU5iMUlZdW5PVFJVZmZEMXhxVHAySXFsczhoY1JSTXBOenNSenAzU1lkNHdHRmZqcjZlSjZBclo0dGd6MnBTRlg3ZUpYYk9Iei0yWFdvc1RjUdIBkgFBVV95cUxQVkNEWHZHR19pX3ROYktOMmlKRDA0T0ZZeklSaDZWNHVyazZaY3VsYnZHM0p4RjYwckRSaDd2SDdISVM0MXdiZmRhM0VyYkVNS3lvRm5EQmFtRmZNX29EbTJCdlNoSlNlYmJ4WXZYOU1XWF8xLVFTYTdDN3dlOUxsRkVFUlR4NkNtSUJTVG83ZWxIUQ?oc=5,Black_Sea_Ukraine,google_rss,Black_Sea_Ukraine
Iran’s Support of the Houthis: What to Know - Council on Foreign Relations,2026-01-19 14:16:58+00:00,Council on Foreign Relations,news.google.com,https://news.google.com/rss/articles/CBMibEFVX3lxTE1DWU1ScDNWMVIyaVE1RzE4Zy14WmdNVGh2amxwdTNUX1BFLWdzNVY5cXR6ZzVqOE5TMUN2MWlJWFVIUF9QdXJHWFoya2VVR05mWHlHdzE4Qk1CMHd6MWQ0RV9odTlpMk5FdG5Wcw?oc=5,Red_Sea_Gulf_Aden,google_rss,Red_Sea_Gulf_Aden
US slams Russia’s ‘dangerous escalation’ in Ukraine amid new deadly strikes - Al Jazeera,2026-01-13 08:00:00+00:00,Al Jazeera,news.google.com,https://news.google.com/rss/articles/CBMiswFBVV95cUxQOGFLem9iMWV5MnBiV3pBaXMta1hKY0VEM0RseW1UMmx0WmJlMTlDU0c4S1lvVGFlNk52OTNaSkgzT3NQbzNwNm8tM3pHaFdtai1mbV9XVVBOdGRXeFF2dFc4bE5Ya1lRNUpwWXktNmgxVU9fakJ6NUJiRFlXcEtTTWVxQU1COTJTdFhFVmpHYVg5aE9oajk3Z1RRVDlSdTlkWjJNX1FhbGl5X0N5YkwxZGFOSdIBuAFBVV95cUxNZEpyTnB3YzF0X3llMzJ2WGRDOG5teXJVVDRFRW5lOTZfT2FUN0R0YWJuZnhxRFpSVU1DTGxfM1lvbFZmb2xRS2JGZE05VkRQYUlsWExzNkFjWkg5cUZxWVYtN2l0d0cwbzBpaTRlZnJ3TWdCR0QyZFp5UFRJYUxjT2NGcjh2YTZhME1yOTZBU1FtaXpwYkxpR2xxUFp3ajRORURjeFRhNzJIcnhKbkJGbldPQWdlbFNV?oc=5,Black_Sea_Ukraine,google_rss,Black_Sea_Ukraine
"Russian drone attack kills 4 in Ukraine’s Kharkiv, as peace remains elusive - Al Jazeera",2026-01-13 08:00:00+00:00,Al Jazeera,news.google.com,https://news.google.com/rss/articles/CBMitAFBVV95cUxOYno5RlFFelVxR0g2ZTdFS0lyZjlVV192OXVadjhHZU5Ea09XR0YxbmdGOFlEWHJoX0UtRFY5X1pGeXg0NXJ6T0pqNHZYekU3QVFQdkxjekE2NVFZX1owajF3UGRvVmFxNjJ6SzFxS0puVVdGa0d3YU9ibEFweG1kYU5XSlRiZEdwdVFLTEM4YS12SlRabWFtd0V4UEVxZ3BnUTNHWFI4dld4am02ZjNVNl9uQmXSAboBQVVfeXFMTU1LOHJ3aUxWaG5QWlZOYVY3Q21xMW5XdTZUdFU1RHpkTFlRZXNXTm1YYTR5MmFrdHdtOWlHeXhWLUVUbDNXZkc2SmlpUjIzSjNEdmpST2FhU3BYWTdDWS1DYmJlcmpFQUhZYk91amNSdVRJd2FSc3A4N0RGZ0FFcHU3WDBNN25GQUI0TGxUdzQweTJGazF2Z1lpYVhEdnlhNFF1N3d0NGRxN3ltTkROdmhjOVE0dkZTN0Zn?oc=5,Black_Sea_Ukraine,google_rss,Black_Sea_Ukraine
"Ukraine war: Last year was deadliest for civilians since 2022, UN says - BBC",2026-01-13 08:00:00+00:00,BBC,news.google.com,https://news.google.com/rss/articles/CBMiWkFVX3lxTE9qdUprbjNUa3hvc0oxR2liLU5vb1J3N1JGLWgtNzJ6YlJCLUowcVdUb3VBM1BRbmFadkJtUU5nQ2xHcmR1Q0ZsVDlZZVlCNzdXTFhZckYyMl8xdw?oc=5,Black_Sea_Ukraine,google_rss,Black_Sea_Ukraine
"Ukraine hit by almost 300 drones, Volodymyr Zelenskyy says - Australian Broadcasting Corporation",2026-01-13 08:00:00+00:00,Australian Broadcasting Corporation,news.google.com,https://news.google.com/rss/articles/CBMiqwFBVV95cUxQZ29JQmZ2MG1zc082NU5yZm1UOFFlc2ZlZWc5WVhOWmZ3UF9RWDhoR19kVkVpd3NEcE1TS0lyd0ZRY0VHQjdzdGk5cFd3YVREOXZIb2UwcTFFQ0s3bnotalN3QW1DbTVQUzRidlprZDd4ZmVLUGVDTkhTcS1Fck1kTlE1UFktYXdRME9zci0wYzhjdzJDbjlGTDNEcUZvbXFQeTZvWDNuNUpwb2c?oc=5,Black_Sea_Ukraine,google_rss,Black_Sea_Ukraine
"Russian strikes on Ukraine kill four, knock out heat and power - Reuters",2026-01-12 08:00:00+00:00,Reuters,news.google.com,https://news.google.com/rss/articles/CBMizAFBVV95cUxPMHlhdElmcXBoTGhETThHRXVyQ1JBZkFra2puN05EcWprU214UUxWdU92a2hXN1NEZGZDTUo0V3FocTBjQ2wwR3IxdlZBV3R0ZVg1ZnhEUi1tUzZOUldBQkhnTlJzcWgzZW9HYnJqMnNiMWtQSE9hUml0U3FGbWhnVTJrenlFY2xabE03OTlJMU45WTVlZjNjOWw0eTVUay1ucE80TDlYMXRUY3NucnJoZndfUDktMnBQX1lvZlpwNlVBMWpodEVSYnJ4S2s?oc=5,Black_Sea_Ukraine,google_rss,Black_Sea_Ukraine
Ukraine war briefing: Oreshnik missile sparks anger at UN security council - The Guardian,2026-01-12 08:00:00+00:00,The Guardian,news.google.com,https://news.google.com/rss/articles/CBMiuwFBVV95cUxQVkdxLXlyTTNkTG1FWE9JT3Flc0JxS05COXM1dVdtZ3htNGtVUVdVazVQTm5yajJ6aV94U0p3THVnVnE0c2JXVS1HNWVpejFnUU42dTl6MWF2c3ZKZFhPZEtVTGhoWWs2dVRITUlZb2lJVmlRUDRxWXRGWTF0SmtrSGo0OVNqWGxEdU5UUUZqTWF4RHBGTk1MQUpoSFJRNnV1V09hQ0FOblgxVDI1SjBPYllwUmk5ZUtIRjc4?oc=5,Black_Sea_Ukraine,google_rss,Black_Sea_Ukraine
U.S. Launches Major Strikes on Islamic State Targets in Syria - The New York Times,2026-01-10 08:00:00+00:00,The New York Times,news.google.com,https://news.google.com/rss/articles/CBMiigFBVV95cUxNNm5xbjA5a18wQjNQcEpHd1MtTHB6UVJUM2ZFdldndW93bWlzaXd4UExSbzVQSV81QWhIWnBsMk1qQVh1LTVUYWhkRUF5dlRDcENEaF9DdzFvbXZ4T05qQzlELVpCUjU5U09vY1ZORnlRcUlfRXhNNi1EQnJPeWcyU3E3NjNLSy15U3c?oc=5,Levant_EastMed,google_rss,Levant_EastMed
Russia hits Ukraine with Oreshnik hypersonic missile: Why it matters - Al Jazeera,2026-01-10 08:00:00+00:00,Al Jazeera,news.google.com,https://news.google.com/rss/articles/CBMirAFBVV95cUxQZWNvODR2X25OSElXU0xtX2ZrZFFXTzJzWmRfZjFKSnlhMWl2WDV3OEhNc2JPaC11dTdCTVE5QXh2OWRFbTFjdGFXVkR0cmdkMXJRYzBsRXFjSXVFNENqaHZZUUN5ZXBFZGVnZGRjV3N6azJtOXFsd0lDcVJfVU43S05BeXpndVczNjhrM3dSM0VPdXVvaUlhd2RBNXJiTTdSOVRLSG1vaGU5RV830gGyAUFVX3lxTFB0MlVHRmE0bTlSZEpRVDY5ekJ4ZlZfcW5CajFMeUw4OHlsNnhpenhPcmp5YXJYdUIyUVJnSHNRN2s0eW42VEhaLVlleFlqQ1M4X3VlRHdXV3pYdVJCaWtuazlJNWJ0U3RPb0N4LWRtYlowSVZKY3dJemxKZmVIOFNOWHBONjFjQjhIN052RXNyN2ZSYTluOHc3UzJVMjdiZ0MyNlJYdUU0azBUZm9GRjkzSnc?oc=5,Black_Sea_Ukraine,google_rss,Black_Sea_Ukraine
Russia fires Oreshnik hypersonic missile at Ukraine - DW.com,2026-01-09 08:00:00+00:00,DW.com,news.google.com,https://news.google.com/rss/articles/CBMiqgFBVV95cUxPUkY1TUVtRl8tQTFQSkxrRzRnWGFMeTRtamZhbGxmemJhN1lQWnFQNXQwREo3d05YRE15MEs4eXhvRGhCdjFzWDZ4dVBQbEJJenlGZV9wNzVmbE1LOG8yT2FsTEpuSlp3dVRUU2xDcEVKWGJ0RTBIeGFpeXVVSVI1VWhnZGN5clhOUFN2V2xvMERNeTlYOGUzczZzQXJ2SlVXRTQ3em5iX1NnZw?oc=5,Black_Sea_Ukraine,google_rss,Black_Sea_Ukraine
Putin Delivers a Warning to Europe at Mach 10 - The New York Times,2026-01-09 08:00:00+00:00,The New York Times,news.google.com,https://news.google.com/rss/articles/CBMikwFBVV95cUxQT280NVRiZ0p4aEJHaHg5U2NCSFRyOUFONGl2SnNQU2tXdUk5ZWlvdGpyWnNtZHB0YWlMQmJ3cTdGZ29NY3JjaHh1NEhKc3BxRUJwVkUzMlhFRFBiRVpmcW4tZ3FBcW8xZExValFKNWViSElYcDR6eFdlRm9JMzZlR2F3NS0tRjUxYjBaYkdqMWlva1U?oc=5,Black_Sea_Ukraine,google_rss,Black_Sea_Ukraine
Yemen war: Is a new order emerging in the Red Sea? - Middle East Eye,2026-01-07 08:00:00+00:00,Middle East Eye,news.google.com,https://news.google.com/rss/articles/CBMif0FVX3lxTE51WDFXMUFUUEtBZXFUUERfNTloRmNUZUlzbjRxRDVxa256SzRMTUdkVnJaamZ3NXFUVEkyWHZLRnd1OHFwQVBIVFpkR3J3aWN2OUtUNTg2N0tCUVZ3a00wemxRTkkyY2wyQ21IRGkydUVIVFFyNHVlb1U0N2JFNVU?oc=5,Red_Sea_Gulf_Aden,google_rss,Red_Sea_Gulf_Aden
Russia’s war in Ukraine carries a warning for Australia: prepare for possible conflict in the Asia-Pacific - The Guardian,2026-01-06 08:00:00+00:00,The Guardian,news.google.com,https://news.google.com/rss/articles/CBMi5AFBVV95cUxObHE2S3dJZkthcXY2QTdETGVJYXV1X211UFZjMm0xbmdIb29xYnNHRE5jTkpVZFVKb0FlRVBQZHJBaUdLVlNRdHY2VjhiVEVVYWJ5Mnh6cXZnWUhpYW1NTGtITmU0VkhldWo5T0lSa1Z5dlkzOFdTN2pqUmp3Z0w0VkFxa1JkaG5fYmJKYmxiZzVGVk9xTzZKOV8tcDBKVWVGUkZOX0ZqSTJqSi1hMzQxWkNnT0FWOEQzVzJEeTBZWGJabGN4QmxFdDNzYXAzSEZsMkdLZGtyQmlsalF1cHdsYlNWVHc?oc=5,Black_Sea_Ukraine,google_rss,Black_Sea_Ukraine
"Israel bombs Lebanon, saying it targeted Hezbollah and Hamas - Al Jazeera",2026-01-05 08:00:00+00:00,Al Jazeera,news.google.com,https://news.google.com/rss/articles/CBMirAFBVV95cUxQZUNTekt3c21MSTYyeGxKRU5aU3BEQmwxZVJyYWtTTjN3RlF6UVE0SUJ5OXBvZFpCRXdvUDV6TlpQb2NGUElXVXEzR3hpZU50MkNvcWI3YjNrRDM4VUIxRVQ4dEpkcy11aFNhTWl1MktseVNmUWc4YW5iYzAyRlExeUhTY29fQUt4OWF5MzM3XzJ0ZHhFeVdyN0NlSGhYSzZwR3Axb3p5anhWWl9C0gGyAUFVX3lxTFBqTW5YMHZBNnRxbGhCdEt1UkMwT0NIR2hJQV9kbGNoSjlUVGNaeUU3UlJJUS1Hd2M0X2EwblZvek8yd29CZlJqRWNHODR0YTRMU1dNcEZlVnlEZWo0MGdqdGtnRTMycDRmYkNNc0dBTWRXd0s0QVhscHVhVEdpaFJzb0c3cF9QdTM3WFNKTEV4SzF6VzNPNzM1MHdSRnJqTFp1TUtGNTNrX1Z0YjJabk8wcWc?oc=5,Levant_EastMed,google_rss,Levant_EastMed
The Houthis And Maritime Vulnerability: Implications For 2026 – Analysis - Eurasia Review,2026-01-05 08:00:00+00:00,Eurasia Review,news.google.com,https://news.google.com/rss/articles/CBMirgFBVV95cUxQTTNXNGwyZ2NZMHlRVGlOQ3IzZTQxSnBiQU1Nbkg5QW5BY3ZDd3ZrT08yTXJITW1vbjdQM1FhMHBMVDFMYmFsd25uRXVtNVdyVEd3THJXSTVfMlBQcTZVc3U0UmRuZ3plT18yeFFfNEFPRG5LOW1BaDlzTWJDTGdCV2I3MWFfRmtxcTdBMHVjb2R0UFRyUGpxTG9FVTJWSkpPTWJJeThaTkRKUFBndGc?oc=5,Red_Sea_Gulf_Aden,google_rss,Red_Sea_Gulf_Aden
Could Iran Disrupt Gulf Oil and Gas Shipments if a New Conflict Arises with Israel and The US? - SpecialEurasia,2026-01-03 08:00:00+00:00,SpecialEurasia,news.google.com,https://news.google.com/rss/articles/CBMidkFVX3lxTE1Ud0R5OXBmZFhoMjFtcFRGLTVvNGNTbUlxRXNpYzdQSHYwTEhwRUxZYTBMTEM2UEllYTNsRXdLOXpHYmpwNTBzejBFUy0ydE1ZVEVnbldHTEdHc1NnbXJZamJhRS00N0NNWFh0MkZFWTR5ZU9lRGc?oc=5,Persian_Gulf,google_rss,Persian_Gulf
Putin says Russia will win war in Ukraine in New Year’s Eve address - Al Jazeera,2025-12-31 08:00:00+00:00,Al Jazeera,news.google.com,https://news.google.com/rss/articles/CBMitwFBVV95cUxNVjlBb3M1NU1FS0pZVkZwbXdVNjAtbDJaTWdEU29FaGVXaTd0YTQ4OTNVcTlIT0hZN0p2UENHVXlENWpoZEdPeUpkdWt2QVVJSEpNZXdqNFJuN1NBTUxTZEFRWGVfZnprUnBUdU11YUxPLTd6N0trejlOR2VRUGtLVjZ1NFk0R28zWlg2cEJqaTUwNUpFNlBRYmNIVmVjT1V0SHV6RjFJVGQwVU81SWh6MWwwS2V1Y0nSAbwBQVVfeXFMT3NEZkpyZ0NsRzZVSXVEbmpDNkZnUTZpOFRMV2lqQ1EyVjVNS1MzRXdDZzgxZkZYSlRheTE5SmswcGlsd3d0QURaUXpYRWp2QW5WcjdiRGVaT09qMDF5VzZLLXBnN00tV3FwVWlNMXpLZ0V0NXl0blVQQ2d0c2ZTZUdJa0NCcGdIVno3cmFabDVibWdyeUhZcFFUU0x3T2tOQ3lqdzF6N3hBMWluaHpfalZkMHI2MWhVZmhGQXE?oc=5,Black_Sea_Ukraine,google_rss,Black_Sea_Ukraine
Yemen separatists accuse Saudi Arabia of striking STC forces in Hadramout - Al Jazeera,2025-12-26 08:00:00+00:00,Al Jazeera,news.google.com,https://news.google.com/rss/articles/CBMitAFBVV95cUxPMHRzaXZsdWktMDNkZXpIZFhxampCRk53Q0poM0ltTW1ORVp3SDgwUXNtVVVzNXJZc0Y4ZUZMU1NWTHozZkxDaHYwUHBCZVU2X1NEelY4VjhuM2dVbTA5V2p3Qk5YUmRJbExUdkJDRm1HcTRtUmhqemxsaVFtNzNVWTNwdnFCakxla0diRlZVYzc2RUNCUnQ5OUtVVV9Gc1JJQXZyRnF3UzNrSG8wODhqdjRwZjnSAboBQVVfeXFMTXNnVS1GUk5rLVNZelBpekdPSzlwbUU1TklTVml1YjFPSGEyTzZ1LWlEdHVySFhUX05nY0VfNE9mNW9QYkh1QXlXSXZ0bmdsZXk4RkdqdXlvTjNvdjNkRTFWOWpma0ZCcUZuTVFmMWVHd3Vnc1NTa19uM0ozRlQ2RkYxbkJFeXZiekxYb05MZGMyWHVWSkU2bTkycWRPdkRlSEZiSi1lWDFoYWJyUGpNcXRQRmFKMjhXZFhR?oc=5,Red_Sea_Gulf_Aden,google_rss,Red_Sea_Gulf_Aden
"Ukraine, the U.S. Defense Industrial Base, and the Elusive Crisis-Era Munitions Production Surge - NDU Press",2025-12-22 08:00:00+00:00,NDU Press,news.google.com,https://news.google.com/rss/articles/CBMi5AFBVV95cUxPVG5qRHJVRFRnVmNsNklEQ2hKdkY5S1R4NjZ5c3BsZVVTaW54NmlldHdJa3BIX1hncDc2Z195WVVTSnhvQ0taaUk1c21kdFA2YzQ5dnJhU1ZWUEh6cC1TblVsYVY1N19mZ25DczRKeThSS09WZkV3WFdpcVlQWTR6T2dMSmk2N2xnZHpUNzVqdFRiWWNQYnhUSXU4S3h4WUlGTHRONjdpUWpHalA3R1FoNEx0R3lYa29HZnluVktqbGxRUjJ0VXBqcXZGU0lqQjV4QTN5a2dhZFpkaHBoSHEyVTFGSVc?oc=5,Black_Sea_Ukraine,google_rss,Black_Sea_Ukraine
"Russia-Ukraine war: List of key events, day 1,396 - Al Jazeera",2025-12-21 08:00:00+00:00,Al Jazeera,news.google.com,https://news.google.com/rss/articles/CBMikgFBVV95cUxQZHhkUUs0UHNvM1NXUTlMN0k1eUtfT2M4S0Q5a21nSHBNcVRZNTR2c1RuNl9Lb0dtcWJjSXNSci1VdFN3VUw2bW9vTFREcjdlZmJ0RWRfalZLcV9jQmtVU2hVTU9MNWtJWXdwSkE5MHRzdUVGWXVoVnlWbWg5bjVVZkgtS3pDVGVaTm5iUWRnQWJaZ9IBlwFBVV95cUxOaUdLN1VaV1FUY3pqTGZxdFRETTdIMUdLVHVlYkRwVXlsOUN2cWdqRWhjWjlwZEZFM3lhMFJ1d1BnaVJSMUQ2elZoY21jYnotRDRyNWJIdUxPc0Z4cXJBR1p4dWJ5cDdfT044ME1TMXdjbVVVLXR5Snk1cFZPNmlEekRzSW5vQXo0Ty0yU3hNYnU5NDE2LXAw?oc=5,Black_Sea_Ukraine,google_rss,Black_Sea_Ukraine
Ukraine strikes Russian submarine with ‘Sub Sea Baby’ drone - navalnews.com,2025-12-16 08:00:00+00:00,navalnews.com,news.google.com,https://news.google.com/rss/articles/CBMipgFBVV95cUxOaUFlNERWbkhUek10ejN1MV81cGt0V2lzWDBuQU1IRDJZQnczTmxUT1hjU0dPa2FzaXFLNW9XOFRmcUNBb0tGR3h3U01xa2NxY3dUVFBvWlZQYlREVTlHZkhKRTU5c2RvY051LUlwc2xWUG1YZG02QjdZVXBUWEdMYm1PQ1Y0ZHIzWmVPN2tUdFItTXI2THE2TXpwY1pYaEw2N0ZYb3l3?oc=5,Black_Sea_Ukraine,google_rss,Black_Sea_Ukraine
Images Show Russia Fortified Port Before Ukrainian Drone Attacked Sub - Business Insider,2025-12-16 08:00:00+00:00,Business Insider,news.google.com,https://news.google.com/rss/articles/CBMitgFBVV95cUxPZVBFeVR4S2kxRVpqUGlLajFXMVdpUE1MUlhqcnJnOHUyU21VZTVhYjdDSmJiT2VPZml2ZzhBeG03RHZxT2xfajBWdi15ZEQxOXJvTHdkWm9XQXBtM1FoV0UyODJkMnpWME9NazNaeDg2WXFmZmYtcE1DNzJkVlhSQjdzVzE0YVFnVmptRFhIWndrYklGQTJzSEF2VGFhd3lseXlBSHdwbmh4UlpDa0pTYVZjZC1NUQ?oc=5,Black_Sea_Ukraine,google_rss,Black_Sea_Ukraine
Ukraine says it just carried out the first-ever underwater drone strike on a Russian submarine - Business Insider,2025-12-15 08:00:00+00:00,Business Insider,news.google.com,https://news.google.com/rss/articles/CBMirwFBVV95cUxPcVlkOTV3RUFDeVFsX0cwY1JkMjB1Uk53dWhRaHZtcS1mM2hHZU9UU1JJTXBKVjdsQkFkTlZsdHBfYUZJeEx0ZG15aDVoZnVQd29RN0dTb3NKdlhaWVBDUy10akNEVE5LTXlsdEp3RFBCT1ZHM2x2RVU5Sy1TZHM2VVQ5MHd2MHB5RDdqU1hNbW9RdGxNcjAzNmJxaFRuQm1zbjk1SVhRWEljNXhreVpR?oc=5,Black_Sea_Ukraine,google_rss,Black_Sea_Ukraine
Ukraine Claims World’s First Underwater Drone Attack On Russian Submarine - The War Zone,2025-12-15 08:00:00+00:00,The War Zone,news.google.com,https://news.google.com/rss/articles/CBMinAFBVV95cUxPbG1QUFZEd3hIWURTdmY3WlFqTkxER1lxQk1WSzhpNkZ6WkVUUWFfOTRadHdIMmwtNzlwVXpmb1VjUzFDWEpOWVhzdVFxRzZUX1MyLVlwaDlpbFp5amlBQmtBY3B5dkZweFZNRC00a0NrekdEaWZrTmxUbVhZRjFqOWtvTVFJbWEzWGtlMThlLUY3N3RwVy1Ib3BnOXg?oc=5,Black_Sea_Ukraine,google_rss,Black_Sea_Ukraine
Regional power struggles fuel simmering tensions across the Red Sea - ACLED,2025-12-11 08:00:00+00:00,ACLED,news.google.com,https://news.google.com/rss/articles/CBMilwFBVV95cUxOYlZWRzg4aGpWeVJOUkVSTGhiVzJfSmVJMlpKS01zdURGMUtxdWlvajR5WFdBY2QzTUhEV05qNmhpY19IZ0QzRmNjV3cwRGR2MTB6TzIwTmhMQWNQZ1hBSkYtbDR4Z3hyLXk5alR6eFRxOVJoenpQNWcyYXFiQ3Q0QUFMdG1iWnpCVFNUMlYzdkNZaElyZXVn?oc=5,Red_Sea_Gulf_Aden,google_rss,Red_Sea_Gulf_Aden
Ukraine's sea drones force the Russian Black Sea fleet into retreat as Kyiv prepares for next stage of war - Milwaukee Independent,2025-12-08 08:00:00+00:00,Milwaukee Independent,news.google.com,https://news.google.com/rss/articles/CBMizgFBVV95cUxPejVsSkZEZFRudkNJTDJUZHJOWmZlQmdYeTBxVDVFdFhIN2VGU1JGTm1FNEZSSXRveDMwbFE4TFdBaXVMNTZHbDM4UTRlQWltelI3XzdDVFUxRHpBTGZDWjJjSTJHYnFud0QtdGo0WjFIb2ZOWmRPbnhVb0hoOHFvc0tlYm5qZ185VGdVTVdQX0xNc0VlZlVZcWNzSG5TTm1pZEZRQ2wtMDZLdlNRMHc4M0oxeTF5UFQ3N0gyMnBhYmEwak5rdGZNUFNKa2xJZw?oc=5,Black_Sea_Ukraine,google_rss,Black_Sea_Ukraine
Iran’s Maritime Power Play: Strategic Patterns and the 2024 Strait of Hormuz Crisis - Modern Diplomacy,2025-12-06 08:00:00+00:00,Modern Diplomacy,news.google.com,https://news.google.com/rss/articles/CBMivAFBVV95cUxQRXdVa2V1aG9xV29FbEpzUUtjclNUU1BpY0FtaEV5bkFhQmJTSC1iV3RvU01PUDRfWXZHLTN4LTZZSEVYMHZ3ZjAyaVRnN0Y1SlE5Y1ZydXdFN2R0NGdGd3duV3RzSlh2LWMxZEo1UXEtZV9tRURYN3gxLS1WanRPS1VsOW55SExDdER3TDF4ZlVfTVVOM0lfZTBkWG5JclNfYzdlM1VnU1dkYy05ZXM4U1lRVXpWX2VjdHRILQ?oc=5,Persian_Gulf,google_rss,Persian_Gulf
How A Ukrainian Drone Strike On Russia Has Crippled Kazakh Oil Exports - Radio Free Europe/Radio Liberty,2025-12-05 08:00:00+00:00,Radio Free Europe/Radio Liberty,news.google.com,https://news.google.com/rss/articles/CBMijwFBVV95cUxPUG41X3NCNzZwR29zMGZWc0s4LXMyNG5wcE01d0phT0JzX3k0U1lLVTRlNkJmYkdyeGdUd2JxNDNxQnF1ME54aUc4RGNIY3RfVFBoSmI5b2N4QkljR2VvZTJGcUZGVFphQWFySXNqWWdfQlhUX2JCdGZLc3JjOWFCcnE1MjVQOHlyblFKWkZzVdIBkgFBVV95cUxQeGVZV2owZjUyRmM0VF9rNzA4VW94RFYweGQyRlFjWWs5SFdFVGRWVmFrMElmZ1hua0p6N2pLeVJSdnZpb2ZOeGdOQUhnbzlWR1FuVDZidnZvM2l0Y21sSU5uY2xYd2Q4NHd6VkRsRGJYSFBBV0ZSZFlCSDc0aXlBaHQzd2ttVk1vTk9zRFU1Qy1Fdw?oc=5,Black_Sea_Ukraine,google_rss,Black_Sea_Ukraine
Romania Destroys Drone In Black Sea - Marine News Magazine,2025-12-03 08:00:00+00:00,Marine News Magazine,news.google.com,https://news.google.com/rss/articles/CBMie0FVX3lxTFB3Vjc4eEZZTGMwSUFsNkF4RkFKS1dBYlo3bk5sVzUyME04X3NTc2x4SW54ZVhlUWFvUDhaai1rMmVTdWVBSUNrNTBzTGJxOTM4TGVKT3JwTnlBeEljejZCZkdqcDl3Tno3Mzlxa2p0NHFlcXBsQjNQLWgwOA?oc=5,Black_Sea_Ukraine,google_rss,Black_Sea_Ukraine
Yemen’s Houthis release 9 mariners held since July ship attack - Al Jazeera,2025-12-03 08:00:00+00:00,Al Jazeera,news.google.com,https://news.google.com/rss/articles/CBMipAFBVV95cUxNSDQ2cjFHQzF5MU5NbXJKejM0N29pOXY3cS1IWU9Na3dVQ21Eb0JocGhSUXZ4cnpEZVBXZ3dmdF94ZE54VG5JM2dLQm9UVWpHSXVLUWtaRkJ3eTE2amFYYjRYaDdWR2JxNndrSXF1Z2k5c0FHc0tHU3BNd01GUEJ2bkxjbmxZUlR5R2kzNlVWTkFHc2taN0lnUl91d2RTZDAwWV9NV9IBqgFBVV95cUxNeGlBTnBWVzl5SUVOb29Yd0lvQV9mQzhfYlJsNFpyOEl2ZWxreVpBV0NOT2d2SV9qeWlueHl6ZnRpN0VfN184cDcwczV4aDd1NlkxeWlMaTZwUi1OSU8xV2Q2emtNeW92RWV0allOdUY2QnVGREJiV0huSkJCajNxWHQ4aHI1RjRHdE9zVTJZdGE3ZjNvUHhsc3JWTHk5NHFETklNUm0ydDJiQQ?oc=5,Red_Sea_Gulf_Aden,google_rss,Red_Sea_Gulf_Aden
Drone strikes in the Black Sea rattle global shipping - freightnews.co.za,2025-12-02 08:00:00+00:00,freightnews.co.za,news.google.com,https://news.google.com/rss/articles/CBMilgFBVV95cUxPT0hPRk9VR21oXzloZ1VkaUgzT3BTSlhwanYxa3ZiSk5FZ1Bfdmt5cmJaRG1OQkR6SVRCN1d1VzlPbUtzZFJBcGtlVC1pLWJwN0NTcmJBclNWYVptV0J3VlFWZE9NR1pheUFiT0U0X0hIdENaeC01RVJXLUVOYnV2cEw4YUlPUkt1VWJFRjdkYXBrN2pDOGc?oc=5,Black_Sea_Ukraine,google_rss,Black_Sea_Ukraine
War fatigue in the region: how perceptions of the conflict in Ukraine have changed - Central European Times,2025-11-28 08:00:00+00:00,Central European Times,news.google.com,https://news.google.com/rss/articles/CBMitgFBVV95cUxQZEthRVpwMjZuM2huMlJOQTRNa19JMW5oYTJOd1ZjR3RWWktCTTc1SDZ2cDAyNm42d3dlenU3MlU1bXFXQkItWEV4MUlaektRZGlNOFNfdEp5YVlFazlCYXdrY2tnV2tWbFRoUkIxUXZybGd4TDNEVHM4WUpfMTF6NDdWV2g4eVVzS3FHeGJmZmNQSFB2NHZIS2s0T0laOXVkX1h3bGZDQmUwRko4X1NqaURlLXZ5dw?oc=5,Black_Sea_Ukraine,google_rss,Black_Sea_Ukraine
"Year after ceasefire, peace eludes south Lebanon as Israeli strikes continue - BBC",2025-11-26 08:00:00+00:00,BBC,news.google.com,https://news.google.com/rss/articles/CBMiWkFVX3lxTFBrYjhOcl9OQ25OdlJtbTg3N2Z3d2p1RFdWVGw3MzhtNEQ4eHdOVU5IVDY2N2JfQWdWV1lJNDJTcFo5YU1qaHVhRFM4WERtNTQ5RzJWaW1ZZHE3QQ?oc=5,Levant_EastMed,google_rss,Levant_EastMed
Russia-Ukraine war - Frontline update as of November 23 - RBC-Ukraine,2025-11-23 08:00:00+00:00,RBC-Ukraine,news.google.com,https://news.google.com/rss/articles/CBMikwFBVV95cUxQM2Q5LXYydjJhOEgwSHdwLWJldVlNUW9wQlZsZjZSNUtsX2stR2E2MlhFanRzNDMtTi16ZmtuVC1XaW4zRk5xc09TbGlMRC1tc0JNTlFFUFgzU1ZpUkNidkFSV2dfbHJOUTduTnd0U0VER21IQUFTbUYtLXFEUjBLcFJWYXk1Z2IxVDFVeXlkSTkwR00?oc=5,Black_Sea_Ukraine,google_rss,Black_Sea_Ukraine
Israel kills top Hezbollah commander in attack on Lebanon’s capital - Al Jazeera,2025-11-23 08:00:00+00:00,Al Jazeera,news.google.com,https://news.google.com/rss/articles/CBMiiAFBVV95cUxQNkdTWkROaTdfc2x6VkJ6aFNuQXhLTW90VUJZU2tMWTVxM3dvU3dma2ZCcklCanl2MlQwdmRQcklCaHJJckp4MWpMTWFQcENva1Y1NzhJaXF0WWFQeDAxa0lqc2pIT1VwNnV2VnNjbkFfcnR5MGdxOUhFS09DMEcyMU1BeTlURFhK0gGOAUFVX3lxTE4zSGo4a3J1QkYxdUN6ZV9UdV8xdExmSVlfb2pGYTI4VktpMUJTR3JrR2xXR0RYREdYRlNJaWpmb2FCT3NiRmJRQzlPcjNUR0NmSV9hMmJ4eklEdGtWZlljaWhxSHFMWFlFb0p3X0E0SXU1SHNaUVdtMkpHeThDV1FRV3NnNWF2MThqZmx4V1E?oc=5,Levant_EastMed,google_rss,Levant_EastMed
Israeli airstrike on a Palestinian refugee camp in Lebanon kills 13 people - NPR,2025-11-19 08:00:00+00:00,NPR,news.google.com,https://news.google.com/rss/articles/CBMilwFBVV95cUxQWFdhNk9hTVFEYnBwQnRES1YyNkJuU2plMlk2V3N1bXJVNThBQ1VxNGp1ZTgxT3BqWF9HbGlZQy1XdmdXd0ZEOHZpZnRDOVdFY0JtbjFOVWt0VlBnU0o5WGN6NFJNWjhkZjJoeUpjbkhheXd0elUxck5SMkJmX3pacnE2bjUxUnpwUC1xcEhCdmNsLWE3bVp3?oc=5,Levant_EastMed,google_rss,Levant_EastMed
Israeli attack on Palestinian refugee camp in Lebanon kills at least 13 - Al Jazeera,2025-11-18 08:00:00+00:00,Al Jazeera,news.google.com,https://news.google.com/rss/articles/CBMiswFBVV95cUxQS0NzS1VGNHdXeF92SHdiRm1lSTMzdENwV1EtVWdWV1F5VTNWV2tfVi1SS1dYMExydThvU09DNV9YRmFyM0J1eTNxZmQ5RWNWeWRmM1ZqRy02NXM3NXZCVmc0QjJubmVHWmF4ZURnZjRnX1hrMldNMkpBeXMwMlAyMUdoZ0c4ZUlSUE1MeUctUEs0LV9WLVJCaHd3c2RXQWN5cmJzbjJWclVucFhfeFRMNVJaTdIBuAFBVV95cUxObjNmQ2pNVEdlRzZlWFl1Yk56V1k0S0w2bzJjek1ibFE3bFVMSC1kbVUwLU81MzIxOG1vVU5Nb2d3dGVyVnFJOWdkcHRuYW44RDBkSHFtNUcwYmVKYnZuNnV2ZkdCRDU2Ml94eHI3Z2ZDWWJoQmZQN2xaWmItNkd6c2NMeDZCWFJGQU00TUdEN3hOOGN3ZHNHTW9MR0ROV0RhMDkybU5Rem1nMV9acU5TSWs2Yi1jaG9D?oc=5,Levant_EastMed,google_rss,Levant_EastMed
Russia-Ukraine war - Frontline update as of November 16 - RBC-Ukraine,2025-11-16 08:00:00+00:00,RBC-Ukraine,news.google.com,https://news.google.com/rss/articles/CBMikwFBVV95cUxPUjRmdndONnlUbmt1eXpQcGJsMmIzNHRzSWNqMGtHdEo3NlI5RDVrczdPRHVsTjF0aV96N19pWXRlT1JJNXFSTVNMTVdJUy01R0c1SXBVQjNRUWxVMEJSWThBUVRiR3daX21JdUlHaFVWNUVnZlZBNnAxaHYtTWxfOUNpc0kxdkNWbWdCenN0clRVMWc?oc=5,Black_Sea_Ukraine,google_rss,Black_Sea_Ukraine
"Ukraine Hits Russian Black Sea Gas Platforms With Underwater Torpedo Drones, Video - UNITED24 Media",2025-11-16 08:00:00+00:00,UNITED24 Media,news.google.com,https://news.google.com/rss/articles/CBMiwwFBVV95cUxPQjNrTGwzazlFNzdhX096OU5DamFGT2FqcnRPWlBabEwyT3dPVkRVYXdZUW56cHYwS25DLVVqMEVqMFBVQkFGZ0NLdXJHZXpORXVMeC1kbjhPUU04eml0UnBvU3VvUU5XQjFJSHR3akJMSU90RWsxcDdhYjBwY01KN1N0eWZlcXVjR3Z0OFVQN3NKdm5hYVY5TWszRjJqSTFfWmRnajFZTS1aVktfREkwNWx3N0J4d3hRbXg0bFZJYUpfQU0?oc=5,Black_Sea_Ukraine,google_rss,Black_Sea_Ukraine
'Wicked' Russian attack fuels anger in Kyiv amid front-line setbacks and corruption scandal - NBC News,2025-11-14 08:00:00+00:00,NBC News,news.google.com,https://news.google.com/rss/articles/CBMirAFBVV95cUxOVjM0bnRsRnlZMFQ4TGNsR0M1TVBFYXV5ZHRLcW1LaVdDQnFlY1kycnJZbUwzem9pV25pQ3g3M2VpeFFjdlpzaGdGV2lBdng5cmlWZEhVYlVXNmd4MEZYNVNBam90a0JtWEliNTdSby1PR3pQNXRDZGxmTDlHcllLTXJSSFEyZmt5SXVtVGladDhGYWExUTJEaWsxY01fZWZQM3N0RFdQUXc0YkM1?oc=5,Black_Sea_Ukraine,google_rss,Black_Sea_Ukraine
Ukrainian forces pull back under fierce Russian pressure in Zaporizhia - Al Jazeera,2025-11-12 08:00:00+00:00,Al Jazeera,news.google.com,https://news.google.com/rss/articles/CBMisgFBVV95cUxOWEVjbnBRVmd5MWJvUDRld05hWTgxZ1hEenRfVmJQcmxkZWt4Q01uc1d4Tkh6OS1wQW9PRHMwVmM0VU90MmFEMDlEb1M3d1NyemtuQU1SOEtlVWNReUs4c1N1bEh3OXVLTzRsdGZkckR6RGpZTEZKTGNBQmVaZEdWSXd1R3BSU2dsR2ZnYnRIUVNHSTdsYlRWaFUwU09DQTlMZjNqcnBWVEZubnlicG1iUEt30gG3AUFVX3lxTE5UeWJSb0V4cG1oS3BfcERGX1VsUTV5TjJxOFVXWVFLNko2SUtIZG9mclhrdmVvaFZoVDVDLWt0aVBYendVWldLMFpzY3ZFWTJhWFZ0SUJ3Nk1yRnZnTVpISHVOZmxtcnlBT2hnMkY5YWF0Y1F3QnllTjlkYXdSOWo4Vjh4d3NWZ3Y0OS1aS2sxeTQxaFc1djUydmFvb1YyM2Ewd3FPdFdOd20wcnlWakd2bnM0Tkdfcw?oc=5,Black_Sea_Ukraine,google_rss,Black_Sea_Ukraine
Yemen’s Houthis appear to pull back from Red Sea shipping attacks - Al Jazeera,2025-11-11 08:00:00+00:00,Al Jazeera,news.google.com,https://news.google.com/rss/articles/CBMiqgFBVV95cUxPZnFiT2JZTXI1a0QxT2VQR2xmR0dMUkFqck1SNXdSRXNpVkhlTy1NNEV3Q29uak4zQzBCbGlCX1lqT3ZPNXdnOUl6ZE1hR2xyTWh3QlBUc1ZIX1paQnJfaU0tMEU2Z1RVY19FeUlaMVNhbEpKbWFRYlBsYUpxQnJqX1FsSXh6LWM2elY2RXNHb2hLTkR1T0RKZml0VzJyQ1lNc2FJRFBBdjRDd9IBrwFBVV95cUxOdy1mLTJ2TTJua1JYTnJCZ0lGd0kxNUlZN0ctVGlQb250SzN2YWo4QW1GTVAwYlRseXBrdXBRT252bUJTeGJ4VWgydktHSEN1bnpYZU44dnE5YnpiVXp6cDhocWFQSHIwcG00cThGQXRRVTl4YV9hemotZlRjLWNzX3k2YkZQSld5d2V2cXIwUzNfZkxtZmhESlZWc2ZUSGd1Ri1HNGltbDJBNDRLLVJF?oc=5,Red_Sea_Gulf_Aden,google_rss,Red_Sea_Gulf_Aden
"Israeli air strike kills four in Lebanon, straining fragile ceasefire - Al Jazeera",2025-11-02 07:00:00+00:00,Al Jazeera,news.google.com,https://news.google.com/rss/articles/CBMirgFBVV95cUxOQ0VEWWVqeWxVendkb0NCTEhZZEliRVZUeE9RSXZpekFzTERCaUxzNy0wTzBDdm9BbHE0TFpPcm00MnE3RlNRZ05ZRHYzc1F6d1VJbmR4ekhGZDhuWGMxLU8xeGJPVk9TVUN4Sjh4Z3FKRnU3RHF3QmdmcnMybGF0X2xfQ2REOXBhR3ZrbFhGc2xodTViaGQwTVhYZ0xBMWtfSzNVY0YwWDV3dldaUlHSAbMBQVVfeXFMTklZdXViZ1JWZkdoaWR6OFNhTUdNU1NpNDVrUFhWUmxXNXg4c3BNSG9oZzlRNWthVFN6ZGJOUDRiZmg4SWpqVWY0aXVUcW4tY3pZMEJ3enFpTjUtcmYyZTdzYlVJUzhHamdaNDR4NXJTYTV3bVFycWhNWXJCb3JnYnNQREdEUmFWdmViOU5QcTFVRmdwaVAtcHVJelJ2TjFQeTRMVDVmV1RnS2lySnY1dkV3Qm8?oc=5,Levant_EastMed,google_rss,Levant_EastMed
Frontline report: How Ukraine's precision strikes are saving Pokrovsk from Russia's artillery fury - Euromaidan Press,2025-10-30 07:00:00+00:00,Euromaidan Press,news.google.com,https://news.google.com/rss/articles/CBMidkFVX3lxTE9rTnFrdy1vRER1UUswdUItTzNES1MtQk90S3RZT1F2S2kyRE51NXYyMTVQb0poWFVHXzU4Y3FyRGxobmVCMUljM2lGUnFCZzdMU2p4bkNBS0wxT0FyMllyekhCcW1QMlhTOXhjNnF4cWlLTjV2MHc?oc=5,Black_Sea_Ukraine,google_rss,Black_Sea_Ukraine
"Why did Israel launch air strikes on Gaza, then ‘resume’ truce? - Al Jazeera",2025-10-29 07:00:00+00:00,Al Jazeera,news.google.com,https://news.google.com/rss/articles/CBMiowFBVV95cUxPNVJaYzBTTkZmOW9ESDNjUC1GOE4wRGkzNFYyeGlCa2NJZjFWeHZvbkUwUWRoUjJNRWxEd3hwNkZQeXh5Zk0tNnBiei16MlBqOFZIUzAyNWlmTmRZSWZqMnBRSHNoQW1qUnpHMEc1d3Z5TVZyYWpqRzc3djhCcUI2bERQaFBIa19IcW01eTRIS3A1YXFNZEgwOGZMcGNpaW5GVE9n0gGoAUFVX3lxTE9iMzNIdW1hN3ZpN0hjTXVsU2NsUUpXUFlMR25qSHlVOW82UUFtSXg1VXVrZExNMjdkU2ZNV2FjNVZ6OEFseW1saVNUcFpwM1ZiQkJicUgyQnFxVmFMbGs3Z2tyRlVPNVJ6Qk9xV3MxMHBWVTNQSDMxQWd4M3pkRDAxd2tFOWY3clhtUERHbXpYRjZ5RUV1d2tNT3NPNU90WXgwRjhBdUxPbw?oc=5,Levant_EastMed,google_rss,Levant_EastMed
U.S. deploys aircraft carrier to waters off South America in major military escalation - PBS,2025-10-24 07:00:00+00:00,PBS,news.google.com,https://news.google.com/rss/articles/CBMivgFBVV95cUxOcC0zNm9NNjd3dHYwbU9hNHlYSl95cDhRRU1pbk54aVhHc0lKa0o3VnJLT1B6WTVROUFvdWZnR0ZrRFlWWEhkU3ZIRUdaRFZrNE4ydk5xNzRwckFUMkhvMjlFNDJZczFraHU0alVnMXRmVzNodkFQWWFnZUNsUENOb1NoYlFKbERPbVlneldkMVJ2aWw5YWhuY01WMWlLeFNhc1VmZWlIQm5mdmZ6UGQtem0wdEJfVFZBNXhTRURB?oc=5,Red_Sea_Gulf_Aden,google_rss,Red_Sea_Gulf_Aden
"Despite the Gaza ceasefire, the Israel–Houthi conflict may resume - Chatham House",2025-10-24 07:00:00+00:00,Chatham House,news.google.com,https://news.google.com/rss/articles/CBMivwFBVV95cUxPRl9WQXl5bWFobGFEQmk0Q2VqdmZRek5jM2lUU3k5RUplTVZZdHJyVWk3dnNvUjNCclBIN0VRTWg2Uk1wcll5TjNaa0FyaUVHUUNIbVNhVGxGU3FHX0NZbFp4ZW9xVFEtNFZoaXZrdDNsbTlLUUhLVF9sakV2bExvN3N2eVliNUdoRU1WNEU5eFlhWXBzdUdMRkQyQVpfX3plM3ZBZklLRVlGU2xKTGdIOGdXallpWjlibDBHNG04OA?oc=5,Red_Sea_Gulf_Aden,google_rss,Red_Sea_Gulf_Aden
Ukraine unveils upgraded 'Sea Baby' drone it says can strike anywhere in the Black Sea - Euronews.com,2025-10-23 07:00:00+00:00,Euronews.com,news.google.com,https://news.google.com/rss/articles/CBMivAFBVV95cUxNdzI3WnB2YUpDbmpGd0tDWnpGSWdQY0djTGlDYVQ3aXhvYWpXVzFWd2ZDY3JteVgzYkIzUWdiRi04b0ppRnJDTl9uZ0U0ZGFZMkY3cXB0d0RvamNzN29KTE9KLUhFR25UR0lZMFgteUg0WTRJbU9OcUk2MTRZRnRNcHkzZU1fSGlLMU9yNndmdnF6YmQ1bjlmVGVUODdHaDZ1bTliUU1McG1SLXlkSTh2VDBXaXMybEJaUi1rWQ?oc=5,Black_Sea_Ukraine,google_rss,Black_Sea_Ukraine
"Russia launches deadly wave of drone, missile attacks across Ukraine - Al Jazeera",2025-10-22 07:00:00+00:00,Al Jazeera,news.google.com,https://news.google.com/rss/articles/CBMirgFBVV95cUxOTy16SFpuYUxZUlAtc3hCRE1uZXdzU25JSzQySHJHNnU2azNvZFQ1ZjR1MjNDOWJhX3JqbTVKQ2l3Qk0xS3RuakdMNGNYR0J1R3JtZk9vQmxnR1dRQkdBVms5YXEtUWdwZ3gwVmFMakpveWMyeWlaNTkzUUF3OUhJenhacE9Kd2JTdlNISHpvNGlzWkkwdDJxRXg3MHFId3pDVHQyZ2ZtMDZNSFJBMGfSAbMBQVVfeXFMTnpnUzBDck1lTEdrZW1SZmZrYmFjSVhUREhDc0tIcWRiZFd2WUFKWjRhZ2I3d2FncmNSckpZT0lHZUpmSUdFLU0wSy1JNDVZTEthM0hWakpYaDFGYXI3XzIycExSNG16aExGR0FLelBoRUYybk04MXpqcV84aWRxMjIwT0xCMUpydUZmOWxjUjJGQ3Y4OUVWU01kMlRhWnl4M0N2ZmhZdURVeE5kQWFGR0YzX3M?oc=5,Black_Sea_Ukraine,google_rss,Black_Sea_Ukraine
Israel says ceasefire and aid to resume after airstrikes kill 26 in Gaza - Reuters,2025-10-19 07:00:00+00:00,Reuters,news.google.com,https://news.google.com/rss/articles/CBMinAFBVV95cUxNTlhzSnlVR3BvQlBzbE9OY0dGQkdlbi1lblhQTW4wa3RncWRuSHRONVJwTk5rUUZIUnkxWTlQSlpOQWxWSDItVDQtSlFFWmtCVk01Y0JvZ0dvbnhTS0pWVGNVYjBXaGR5M0Y2R3ZKbDNRR2pqLUZtX2YxUG92UG5hNVlYR2YxdlRFSnZKSmtXODB3VjVfT2RLQ3h5bUw?oc=5,Levant_EastMed,google_rss,Levant_EastMed
Will the Tomahawks Save Ukraine? - CSIS | Center for Strategic and International Studies,2025-10-17 07:00:00+00:00,CSIS | Center for Strategic and International Studies,news.google.com,https://news.google.com/rss/articles/CBMiaEFVX3lxTE5SWlFiLXo4OXpGSVFpdXZxUmZlTEtqRVJ4eWgyaTM3VHFfWm5TWXgyY2kxbzBzVDB6ZVlHOE5ITy04MUdTLUYtT0Q0S0ZwV2ZKVmF6amY4RFdaYVZYenZtOXNFaGhzOFR1?oc=5,Black_Sea_Ukraine,google_rss,Black_Sea_Ukraine
"After the Gaza cease-fire, what’s next for the Houthis? - Atlantic Council",2025-10-16 07:00:00+00:00,Atlantic Council,news.google.com,https://news.google.com/rss/articles/CBMipAFBVV95cUxNU1lHREJKc0RidjdINnRCUDJuZDBRVTlxVkhWZU85ZVVwX0Rsei01dVAwa2RxaU5mYWNQdHpwRzlYV215VlRjZEJ5NHpxQUFfcllsVlJZVjVBRkRPQTNYb2FjS0pGQU9JeF81d2Q2YW5OSlRmeHhOY2ZmQ2lvSkxLb3hpSmotdDZPbE5wWVBHMXNuMGU4b0szeFV6QWVNeXpPU2dsNQ?oc=5,Red_Sea_Gulf_Aden,google_rss,Red_Sea_Gulf_Aden
Yemen’s Houthis say military chief killed as Israel claims responsibility - Al Jazeera,2025-10-16 07:00:00+00:00,Al Jazeera,news.google.com,https://news.google.com/rss/articles/CBMitAFBVV95cUxQT1p5cnoyVk9QU1BFbXZGcVBkVnZ6d0g1a25pUUNyeUdoOVBSa2NxazRvQ2R2bVZlandrbzk0SWZSa2R5NVdzRHBPWmdBUkhQaWN5elRsbnlULWR3Ni1OYnJpS0tKeFFGcHNGSHk4OTlGLWRMTWlkLTI1TEtRcE5uX3lMamhZRldsa3pBb0hTV2VGa0RwOURicDc4ZDZuMk8tUVQzVzduTzE4WFgwajJBOHNycU7SAboBQVVfeXFMUHlaZDBuNlk5NkpaRTA3OVgxYzBBN3I2R1NaMTU4LW1jNFlrUzdPMTVSSGxyLWhKUHhWNS01QndySGxSdXBWRy10YlNSOVpyNGMwT1dYcmxJYjBvUWIzTEdUZDNUNDRhUVNtaWpCY19RVnlnbDhSZ24yRGVQQlFUUWpqbmMxVy1sa25HZXU4MkZGQmtlZVNteUtyNWJfeEVLQUh2aUluTUxLWl9uZ3ZQT0xnSGdVMkpZM2dB?oc=5,Red_Sea_Gulf_Aden,google_rss,Red_Sea_Gulf_Aden
Yemen's Houthis say military chief of staff Mohammed al-Ghamari killed - BBC,2025-10-16 07:00:00+00:00,BBC,news.google.com,https://news.google.com/rss/articles/CBMiWkFVX3lxTE9KQ1lFZjg5NlozSlJmMFRsR19yWUdSQldldmh4QjR0ZmZIRlZmTEdReDFUTnBXV193eTZNMXp3Qmd2R3FienRaOG04OXRiaVVZSmhUTDJ3dmZDZw?oc=5,Red_Sea_Gulf_Aden,google_rss,Red_Sea_Gulf_Aden
Russian barrage causes blackouts in Ukraine as Zelenskyy seeks Trump's help - PBS,2025-10-16 07:00:00+00:00,PBS,news.google.com,https://news.google.com/rss/articles/CBMirgFBVV95cUxNb3NCMHMtTGgwYUhEcnVZLXJtb1FkTEN4X3RjX0VTTTBHLVR6Nlp6bUJwXzRURUhVSVZHMlZYUXlud3lLWmVmWS13YWlyYmxxeFdBSll1VjhmWnh3WjlFaFcyekNpdmgwLVExVTlDTjRjcnZKRTBvV3RSelZFcXpyUnFBUjc1YlVCLTFiMGx2QWxZUTRDTnU3ZGQ4cVJBTnlCX2lFLVBWUy1jcGZ5X1HSAbMBQVVfeXFMTngyR0VFcFYtMHM5V0ZBdUpOOThCeWVwazBFMzBsQm5iMkhwX0xWdmNzR2h6aEZtOHM0N3lFT0RYUnhmMGFQZ3ZYQ0ZVc1R1ajJmc2RqT3laNXh1WjBkUXRKc0dBS2s3MlFGeEhOMVF3V05IbDBLTS1VdDBTY1FpdmF0cW9vNFptU0trY04zRHNLemRyd3ZZSldyNkFkamEyZTFmMm9NVW1NOHJoMWQxUzU4dkU?oc=5,Black_Sea_Ukraine,google_rss,Black_Sea_Ukraine
Ukraine’s Drone War Over the Black Sea Is Heating Up - The National Interest,2025-10-14 07:00:00+00:00,The National Interest,news.google.com,https://news.google.com/rss/articles/CBMikgFBVV95cUxOMDRiYk94bTZnSGJTVGdZeU5EZW8wT0xaQWpxWlRfcDBTWGJqemtZS09fTGJKS0lfakhVd3REWTk2TWhTLWVkRUM3NEp4ZFk2aDkzc2NXcTVGVUZubUQ0R28wdmk5ZnRob0hFeDh1WjM5a0oxTk5JdjVPZGJhS0dDVHV2TEFWdjltOEZWWmh5cnBmZw?oc=5,Black_Sea_Ukraine,google_rss,Black_Sea_Ukraine
Israel-Hamas ceasefire will not bring global freight fleet back to Red Sea quickly - CNBC,2025-10-13 07:00:00+00:00,CNBC,news.google.com,https://news.google.com/rss/articles/CBMikwFBVV95cUxQcUVyU3RxTHA1dWQwREdVZFlONHliTlg3R3lCNXBkRnIwRFRyN203Ui01d2tTaWxsWldhZVdlZmFjbXB2NzBzdG1HeGxqZTlWT3lMTFNyTS1qOVVKUE1nRWZEU1dlMHpxemxfWXFrYjZlSlVaUnJrM1FFRkI5ZUFZOTR4T3pOZksyUGZXNDlSLUpubzjSAZgBQVVfeXFMUGl2Yk1wQUFSUVQ0R1hqOXRpcUdEaUJRNFB4ak5abHZpbnNjbm9Nb1BpWnY4cWR5WGh2c1JMT3dnRTlPdnpSZDBCQm9tOUZwejNoYjRTMGg0RjFMdkhVQWM4S1NrNTA5alVpbU43QUwxZ2d0UHFEek50SzM3VVVNMlVVRUVXWGZIN0pNcHpOOTZsM183eWdHT2k?oc=5,Red_Sea_Gulf_Aden,google_rss,Red_Sea_Gulf_Aden
"Intensive Israeli air strikes kill one, injure seven in southern Lebanon - Al Jazeera",2025-10-11 07:00:00+00:00,Al Jazeera,news.google.com,https://news.google.com/rss/articles/CBMiswFBVV95cUxPQ2hZV3FJMVJpYUFZbHpXSUJkbkJka1JBNmZVRnd0MENkZDZ0UjVUTl9RdnFDOUx4cTBoLXJ4cjBpSjdPenNjSDQ0cEM4Z1o5THNsc29WWXFaQm5IMDFza1F0Q3B1WjFoYTZlTmp1VklETmxJSzRSTHpQb1ZOUy15RktYV3o3UlkzaEo2UFRTUkVZQnhIQWRpMVg4d2dhaDA0UXJVSmFUaVZ3SzJWSllINmh5MNIBuAFBVV95cUxQU0F3akpDcDkzN2xrWFdHa05ZbEUyTlloVEx4OURIUEhiNlFxNnFwc2tyZjZ0ckZNdUhRNDNtQUxfdHd2ODU1NmZfeWg3akZlNXhzY082cmFHQnpwT1RFUGpYWXNZX0JDYklfc0h6RE5HNXVpNzAwU3lwZm1tLVY3MzRlYzdlUFVVdnR6VUJwSEctSUhGSG43eFBCXzk1SFY4SlZfcW94aHRPZU1Ga1kxd3lJSHI4eE81?oc=5,Levant_EastMed,google_rss,Levant_EastMed
'Qatar was the turning point': How Israel's bombing of Doha ignited a peace process - Politico,2025-10-10 07:00:00+00:00,Politico,news.google.com,https://news.google.com/rss/articles/CBMiyAFBVV95cUxPUUctbllKSkk1TWoyYTNJYlZSVGVCT2NqbVZyT1pTbjg0MThlWVozZm9Tdml3ek52QVJqc3QzRl9hb1FKbXhLUFdvVlVyUTM3dmg4TXpVcDN4YlZOb2xCTm50dG9FaWphVVI5amxxaXJtNm0xUTg2MlloWFBXRUNmaVN3R0FNNzhjaTdESk1wNVdDcWI4SWkyOWROb2RVdmU3ZHI2RlNLS3M4N2VvdmpLcm1jM2YyVmFSczF4V0x1UlNaY01jVl9FVg?oc=5,Levant_EastMed,google_rss,Levant_EastMed
"Russia-Ukraine war: List of key events, day 1,321 - Al Jazeera",2025-10-07 07:00:00+00:00,Al Jazeera,news.google.com,https://news.google.com/rss/articles/CBMikAFBVV95cUxNN25GZTBGRUdENTlaNnhGMGgxdkdvTHFIdmJwTUNCUkVFUC1LUFpZeXBqMVVsUEV3NzlMbk51Mjd6WWh1T3pFMmlhWFBDLWFTMkVpQktVMVVWc1loVDgyckU2WUlsajNsT29mOG42Y0V5UUt6SzlEcURVOFlOd0E2N0NRM3FubEh3Y0dtTkdhRFDSAZYBQVVfeXFMUDRCbzRocnNZdmM3UnAyNm16YWNmdkNsUHlNZWhLMzRzSVBsS0RHRnBFbUlWdVJXbEhxTjdlcTgwcUdlNkJWZ0xuX2pRMGJFSjllM1JYdWFwaGp4dm4yMjNSNUJnSU1ZMHN2SDNRX1pZVDdDNmZIREhzTzJqOWVnQ3BhYndsTm41MUFUUGtBbUpuTFFsaU1B?oc=5,Black_Sea_Ukraine,google_rss,Black_Sea_Ukraine
Israeli air strikes hit Gaza despite Trump’s ‘stop bombing’ demand - Al Jazeera,2025-10-04 07:00:00+00:00,Al Jazeera,news.google.com,https://news.google.com/rss/articles/CBMiqwFBVV95cUxQbklRZWlzOEdtNldCZUlWMmxnMkRGcHJzRWlOT3lpS29QX01PQktFQjhXVjNjSkJJRk5mM1Z5VlRteWU5NlVkRHFWeUIybzM5djd6RTVIaHpuNXF1bmQ1Vzh0RXY3TGNUakxlakdMcE00elVfU01BN3JBRmNPbVJGME1TLXlWcWVRVDJrVkVmOHBKZzlXYW9RaEFiall2Ml9hbmIxc2VaSFlYb1HSAbABQVVfeXFMUE8wLXUwUkJJZjlfSUlCU0g4eU1lalhqcG5iV2ZQVlppMUZHYXhUeTlmZTRmLXlpekxNaDcyekhHWlF4LVdUd1JIdEZSRWY2V2hjb0d1djFFTDNWckM3TXZscVRkc0ZjLTNfZ2pZQ092REktOGJqNG0zLVRRalU1akxuUkdBSTJodzJoRGdwQWRSbFBsUFFUdGJtNXZZOFdxR1hlOFllRUtKWDNtMTJDeGg?oc=5,Levant_EastMed,google_rss,Levant_EastMed
Russia and the Red Sea since 2022: Militarised Foreign Policy or Strategy of Conflict? - International Centre for Defence and Security,2025-09-29 07:00:00+00:00,International Centre for Defence and Security,news.google.com,https://news.google.com/rss/articles/CBMipwFBVV95cUxQN3lfdXAtcnpFSTdKMVAzakVSSlZjeUlJSjAwY2JqcU9tQVVpeFptajlWcmliNV9sTkx3THRwRWxWOVFwd0FUQzllYzZYWFMwY0RBNDBkTHpFdE9WWU01U3pnSGZuY2RCRm1kRUhTMENWU3lIaWh4UHVLd0JEMkxET0NIdWhwM2NCb0xvV0ptVVhHSzNWU05tdDBWeVNacmw3SGl5ZTQ4cw?oc=5,Red_Sea_Gulf_Aden,google_rss,Red_Sea_Gulf_Aden
Drone warfare in Ukraine: long-range strikes and naval drone export - Ukraine's Arms Monitor,2025-09-25 07:00:00+00:00,Ukraine's Arms Monitor,news.google.com,https://news.google.com/rss/articles/CBMihAFBVV95cUxNWWhRU3hlZjhEOW9fc000M1kyMVpnNTFFeVVpWmMySnd3WkRrb3ZzczdBRlkta1FTVnY2bnN5eGgtdUtwS2hRV2lzN2s3NUZ2czF0dE1oVzBndjRLZ25yQ08wd29LMUo1TmNJcUQtQy1idmFJSjNuaXZiWGZnRGFSUi1hVXo?oc=5,Black_Sea_Ukraine,google_rss,Black_Sea_Ukraine
Israeli strike on Yemen's Houthis reportedly kills eight - BBC,2025-09-25 07:00:00+00:00,BBC,news.google.com,https://news.google.com/rss/articles/CBMiWkFVX3lxTFA4cTNmS3VoR09RUUxiM3JaNDU3STV5SUF2T2FpcE1UTW9CRURTOTdJTnBpWFhVLWtLQXRiNEtrbk55dW9URXRrdEFsc2t4TVFNYmF2RVdld3poQQ?oc=5,Red_Sea_Gulf_Aden,google_rss,Red_Sea_Gulf_Aden
"Twenty injured in Yemen drone attack on Israel, rescuers and military say - BBC",2025-09-24 07:00:00+00:00,BBC,news.google.com,https://news.google.com/rss/articles/CBMiWkFVX3lxTE4xYlRyVWotRTFxWEp0cTVLMWJUV2xyTF9zUTRFa25kS0FKVUNHMFpJSkdTdjU4NDNEYi1GM0VKSUR5ektGMUw5ZFF4bHZoRmdTUTVTOGVQRzdQdw?oc=5,Red_Sea_Gulf_Aden,google_rss,Red_Sea_Gulf_Aden
"Russia Sends 20,000 Artillery Shells to Belarus as War Supply Chain Expands - UNITED24 Media",2025-09-24 07:00:00+00:00,UNITED24 Media,news.google.com,https://news.google.com/rss/articles/CBMiugFBVV95cUxPZTdoalFIZFFjcFY1Q1hoQUNaWVV6Y1UtTHlubTFpU3lZbUJyTEJkU2d3ekUybXVGdm1hbHh0a254VjNxVWxtZG5uX0wyS19FUXM0VUhoRm9kVXBLR3g1dkJYN1FEbGdlcDN5T3RhY1hMUVVnUzI2X3JYcEpFNHhESGZNaC16UjhMZ1VIOFpLTTNnX3RscVdWQ09XVngzNFVXbzNqZVI5MkpmenRiamdtblB2cEEwMkFwNFE?oc=5,Black_Sea_Ukraine,google_rss,Black_Sea_Ukraine
Ukrainian Drones Strike Russia’s Rare Be-12 Flying Boats - The War Zone,2025-09-22 07:00:00+00:00,The War Zone,news.google.com,https://news.google.com/rss/articles/CBMihgFBVV95cUxNOWJhWFNiU0t4SURWSGlQUUZnc3ZJMmZnSDI3eTBsZ0FFeUk4Q0NENWV3NV9FV3VBRHpRWVBEdWxRT0tPX2FNOVZtbzU2OTdvbTNCNTRpMnJOV0sxVGw1bVZTazE5VjlaenpzSmZscGNDdF9VbGlmeWNiaXlKQ0RrZ1RweWlqUQ?oc=5,Black_Sea_Ukraine,google_rss,Black_Sea_Ukraine
Israeli airstrikes hit southern Lebanon - BBC,2025-09-18 07:00:00+00:00,BBC,news.google.com,https://news.google.com/rss/articles/CBMiWkFVX3lxTFBpRXVzemQ4MDU0bVFnaG5EV21mWkdLMi1obktJMDNuUW9JT29zLTczN3hNVDh0YkQtWDloelF1WUpWRjg3Zm5wM0FpMWcxUGdkMEljakxocXNfUQ?oc=5,Levant_EastMed,google_rss,Levant_EastMed
"The Houthis, Explained: Why Iran-Backed Terror Group Are Striking Israel and Threatening Global Trade - American Jewish Committee (AJC)",2025-09-17 07:00:00+00:00,American Jewish Committee (AJC),news.google.com,https://news.google.com/rss/articles/CBMia0FVX3lxTFBpY253bWNhNTZlQ2pnbGx6UUhsVkZwOTZBUVFnZ09xVXpwMmVKanZTeVhhcGJoTnVUek5TaTlYd1RGNk9vc050Um9hQ0VEQTlIQ010U1V5SE5MYm1WaWl1UkIxejlEYktCT3lB?oc=5,Red_Sea_Gulf_Aden,google_rss,Red_Sea_Gulf_Aden
Israel launches series of strikes on Yemen’s Red Sea port of Hodeidah - Al Jazeera,2025-09-16 07:00:00+00:00,Al Jazeera,news.google.com,https://news.google.com/rss/articles/CBMisAFBVV95cUxNWWZmSXVia3pfNnF4TTM5U3g1aEhtalNIUEwwUnZLb2FwYlpqclRNcnl0OGNkbEk4eDdTWG5tc2R2TEpnenFxM1NTdzNadDczbi00bFpkSS1TazNwZk9fd2xHVEQxYUtxN1prMm9QM21PT2Y4alZzVm5LdTFaWnlsb0FzbWJZVTMycjk4c08wdzZ2cG9xX1RXSEstS2tDVWRfMFVVQ0hpZThfSEt1Qk1QNNIBtgFBVV95cUxQanhnNnpMSXdTcjVEWDBfdDJkaWo5cnl0YnctUEtSTF85SjdsTm5JeWt1UGhYV0xON2RLcFVSYkJ0UktuT1RUd2ZGZWJxMTZEcVlRTXFYS3FzaTB4ekYxZ3VEa09qYXk3UFlhMU5WVDFvcDhfQTY3ODNjVjFEb2pYWF8tTDdOZjVkLUQ5Q05XMHVqajM0VWp6eHlFZDNyZUxsSUhVbmI4WUprZDVXNVFGN1dJM1hPdw?oc=5,Red_Sea_Gulf_Aden,google_rss,Red_Sea_Gulf_Aden
Russia-Ukraine war - Frontline update as of September 14 - RBC-Ukraine,2025-09-14 07:00:00+00:00,RBC-Ukraine,news.google.com,https://news.google.com/rss/articles/CBMikwFBVV95cUxOM1E1UFRXSUE3SGdteGxnSzJwTUNtUmsxWDVCc3ItRURub2Z4T3U1YUUxaDd2UnN6Wld4YkZ1c0hldFc4eDA0ZHlPSGtVN3kxU2hERjM2dW56a3dOWFRFVWdacS1CT1RoOGJ5WkszUGZLdjR2OU5aOFdDN0NGd01nY3lLTTNYYWsyWXFSc3VfQ2c3S1k?oc=5,Black_Sea_Ukraine,google_rss,Black_Sea_Ukraine
"Israel kills 53 in Gaza, flattens more towers as toll from famine rises - Al Jazeera",2025-09-14 07:00:00+00:00,Al Jazeera,news.google.com,https://news.google.com/rss/articles/CBMiwAFBVV95cUxNZU9HSVNmQkxxQVhEYlFZeEkwMG9wVENCbGpHbFZ2aDZDZlFtTnFXYmpoWG94MjJreWJhbzRhbDctREhnQndNMG9ZSWJXRWgwSzBKcDlNVUlBbXJhVzhXQkh6czl2Q0RGbjRnQlhMQzVhelo2bGJrY2xQNHNZandUcHM5elFOZlUtOC1Jc2VuUVZ4QnppcDlZUXhmSVhjRGVlaF9UcWlFdnR6aTZUUm5uOFhkR0VCNHNkLXFJeDl4NGzSAcYBQVVfeXFMUG0yRjFCV0ROeU1jZXVzSG9BTV91eDRvZldqZEZuOXdldXZ6elZ1dENrZTM4TWtLaXZ3a0lNZlNyRVpHRUpIanBBRV9nUDJKNFZvWUUwTUNDYUNaY1F0V0VLc2Vmd0xNNUs3T2J3eEtwSGNYYkpvdU52b3NFd0xWRzhvWkZmaVRUUkhEeGVxVUFoNWJHdUYtYUM4LUdqbHdYZGgwdEVjXzVoLVVKaWpRaTFYb3gxVDhneG1Wc1FzaE5MaHZIazVR?oc=5,Levant_EastMed,google_rss,Levant_EastMed
"Ukrainian drone disables rare Russian vessel patrolling Black Sea, intelligence says, shows footage - The Kyiv Independent",2025-09-11 07:00:00+00:00,The Kyiv Independent,news.google.com,https://news.google.com/rss/articles/CBMizAFBVV95cUxQVDRMVktydVllOURTN3hwbUhHZGcxczJVcVp0RGM2QWh4eHdhYkFSTDVFbmN6UjF6VjBsQ3FrbXY1TGNJd01qcVpIdFBrLWhlYWZBTTJpd09kTlNJWGhsaVNmQXY2N2kyT2VDNWp6NC11aHpybkFISDY4Q3RuRTNmUFNmNUY5NUFOUWljX04tQm85T1pDN2pJVDVXTjZjUmNHSEptOHFOMXNDNFF2S1J6bWZZVFp6UFNsdEhIa3F1MVdlR1ljdjZRLUxuZzU?oc=5,Black_Sea_Ukraine,google_rss,Black_Sea_Ukraine
Maps: Israel has attacked six countries in the past 72 hours - Al Jazeera,2025-09-10 07:00:00+00:00,Al Jazeera,news.google.com,https://news.google.com/rss/articles/CBMiogFBVV95cUxNY21KUm93bjN5OWs2VGhadU0yN2J3dFVPQmJvX3dGSnpMc1BUTlRpSkZzd2VDWUhnVXFnVkE0VWw1b2FSdEhuM1N3NHFHNEhQalQ5YjUtTGZnOHQzVVp6amdPek5CVk9mXzVNdEZyNlAwZFh5WGoyTzMzdmxfR1pkSkk3SUlBNUFpMDhzbU9rUnBCNFZ1VkNFRFJLd0Nhd0JDamfSAacBQVVfeXFMTkdpUHVmaXRDa05hejcxSW9aQnZkdWJtLVg2SGxQWjZvSHAtZzIxWk16SXVQM2VaY3V6Zm9TVVpHU1FVSE1kaTR5R1Jva29UM0N0RWQ0TVlmc2s2NTNLd3hGeVgxa0ZGWS1fdHp6SS1jOHhpRDdpYkxaVHBYU3VfdW11NWZ3WjBiU3Z1eTY5a2c2dTZtellpLUlDS1QwUm5zci1yU0NhMFE?oc=5,Levant_EastMed,google_rss,Levant_EastMed
Poland shoots down Russian drones: Will NATO enter war in Ukraine? - Al Jazeera,2025-09-10 07:00:00+00:00,Al Jazeera,news.google.com,https://news.google.com/rss/articles/CBMiqAFBVV95cUxOU2pvaWU2UnBuc3F4V1hocmdxS1VWNWtfU29SUWppSnpiTmNIRzdlY0I1S3gxeGpNcGEyTFlmd2hNLU0tNWxzYWRSbW43QmVNLUNocXZwaV9ESWJIOHcxeUdISnJub2FXanFvQXFWYXRiakhoYXpPWVI4eHpOalItTWV5R21LbHlEbTY0RFRkdXk2Y0xZemxBNFUwcTJteHRPM1A5TmkzUGjSAa4BQVVfeXFMUFFPYmpaUUE5U2FobUxuYW1PRG92WU5mYm5ONVQxRHFXNjBkZ0ZuWWRSM3RLS2lSM25qOFM2U3VNS254RXAyallGOWNyU202cHRJdmc3eFMzcnlQNmlPcjNocVlYSU1GbDRkeHYwUWR4YjlUM2N6LWxDMG1sZThPMU9aLWRXZzRueGRHeXZ2N0sxbDZMcnhuNFNGMWM5UGZCVmRoQXZqQmM1T2IzeEJR?oc=5,Black_Sea_Ukraine,google_rss,Black_Sea_Ukraine
Syria condemns attacks by Israeli warplanes on cities of Homs and Latakia - Al Jazeera,2025-09-09 07:00:00+00:00,Al Jazeera,news.google.com,https://news.google.com/rss/articles/CBMitAFBVV95cUxQdGtoNWphQXFhRksxdER0SHY3dGhyN1Z1SGhyNG14UWdVcDVadVo2LUpnaEhxWjBsblVUVHFVb0Q3dFdHY2oyb2Q4M18wZ2NmR0x0QkZiTzdpeDNJLVk0WEpvbEg2NnV6R2tVcmlzQzE4OTNNQ19JaE1NYlVRQWEyX3hhVm15NV9neDNRdTFZUTNKcGI0RHc1SERyRThrY2tYaUhPZ1lzVFBOYzJDZ2pVNUZUTUjSAboBQVVfeXFMT2dXOXd3dnZ1UHpMMDJiSURfTFFfWWliN09ENXV5TTB5WVMzb3Nxb2c3NGRwM1Y5YmRqSlpCUS01YTNBNmdKaHg4NXhweDMya0RSS1Y1cTJSUUkzWE94OU9VY3M3dkFmVG1LblF3M3c5NE9LNjY3VnhLVmVpRWpvTkZrYmhUVFhFby1VTlNJM2tURG9fSVM0cGdKUHFPVWxMd0liTnBYTVRJdGhQS2hjT0JDQ3ZpRUVFN3p3?oc=5,Levant_EastMed,google_rss,Levant_EastMed
"Israel Attempts to Kill Hamas Leadership in Airstrike on Qatar, a Gaza War Mediator - The New York Times",2025-09-09 07:00:00+00:00,The New York Times,news.google.com,https://news.google.com/rss/articles/CBMikAFBVV95cUxNZ3ZEWUtqZkEyVlpRQWN2aHhpRlBMNmNuWHJEekRaQkY0c3NQa3E3bmpXOHdSU2tBZG9qVmRSVHd2ZWFBRnB6ZXJMbThab3lzVmxoWWlGVUtwWE9XdnAxWDRBZmEwRXVfNG5pX3FvREwySjhnWEN1UTFVRmpGRW1icUNFdEYwcmhCNTJDY0hYenE?oc=5,Levant_EastMed,google_rss,Levant_EastMed
"Russia/Ukraine: Conflict Moving Towards Escalation, Not Resolution - Teneo",2025-09-09 07:00:00+00:00,Teneo,news.google.com,https://news.google.com/rss/articles/CBMiqAFBVV95cUxOU244NmF5MWl0NDRXYXpGRmhEc3V2UVlQRUhud0h2VW9ZNkdrSzktVVlSVm9vWURzcGtGVkFQLXhvckRLZUdHQ2xLT3cxV3ktUDd6aEkwdTBWQ0JzMk5RcW1xaVB3SlBFZUJ2T0pHMGVTbk1yUEdQQktjUF9qblhBd1lBR0pFWlp3Z0xsczdPLWVDQ0k1b1ZtVWZIdG40enlGcTV4eW4wRmQ?oc=5,Black_Sea_Ukraine,google_rss,Black_Sea_Ukraine
Syria accuses Israel of carrying out air strikes - BBC,2025-09-08 07:00:00+00:00,BBC,news.google.com,https://news.google.com/rss/articles/CBMiWkFVX3lxTE4ycFF1a3FmTEtiS1o2Y09DYUpBRmVxVFRDNVI3M3A4WU5hUXRTNlpLSk9ERFh1R2ZFZnR1YkFuVFlzVDByaC1sQ19nOW9sUGtYTzRqZnczX0pRZw?oc=5,Levant_EastMed,google_rss,Levant_EastMed
Yemen’s Houthis claim responsibility for drone attack on Israeli airport - Al Jazeera,2025-09-07 07:00:00+00:00,Al Jazeera,news.google.com,https://news.google.com/rss/articles/CBMitAFBVV95cUxOTFVrQjlrc2dKY2lWcG0zTC1oSlVJamM3QlJ2MVBKRVk5R1lhQzV1MVV3ckQtbXlKY0t1NWgzTEtyNVFqMjB1eGh6MW9GZTRDb0pXSGtRV2xSaE5vLWNJZlFicVVtQnB0aThUcFl1Wksyc0p1amo4UnlRWk8zUXpvSzRuRzNTUGQ1T2JzdlMtSXVsMDl3U3lIWEJWem9odDd3OEpGZjE2TnZteHRHWVlUb1ZZQVbSAboBQVVfeXFMUFJ6WEdxYkVNZkdwdHQ5LWVnT2pRYTdjNWstN0ZFVXNELWVHRWVPV2tWYVdWZE8xNGc3M1BHY0UzZzNpTmV3cFREUzQ3cHo3N1pBckpHb3VqNXdneGRHTFdNSDJRYkttSi01djEyb0VNYXctODNPMFBnRHRkU0xGc18tYUJuSmN3OVNJaXljRWFaLWl0QjczWHYtSjRaSURvc0k0cUFNQ3dJd0N6eEVGeHhEUTl2WTFqRTZB?oc=5,Red_Sea_Gulf_Aden,google_rss,Red_Sea_Gulf_Aden
"Russia pounds Ukraine with largest air attack, hits key government building - Al Jazeera",2025-09-07 07:00:00+00:00,Al Jazeera,news.google.com,https://news.google.com/rss/articles/CBMirgFBVV95cUxPZXRtZUtrTklBZENTRlh4VHZCRTFoR2ZIaEk3UmJUamRBdzJTbkZ0c25aNXM1QTdTMW9SemJ3UlJoY1JUdnRmZFBuRXJGeHVlSURkWW5TQ2k2RWxGc1g5RmUzUnBVWmZwWTJfQmE0UVAwdDMybnI5cGZXQ0daR0lVZzkwbnlMRDVCM0c3eVg0SHFaX0hQellRQUFfTS0xY3R1akNDT2FQVER6YmtBemfSAbMBQVVfeXFMTnc5SV9WWjA1VmU5ZGZZRjFHQ0lyVHVwcGVBR2RleXc2Wng2QWRZRUJZRUhvSmFEeE11ZG5ocWN2NElvTmZrOVFjMmNNZTh5U3UyZnJla2ZSMkVwRi03MFpqNUg5dzJKTDJTQTBGU3dtdGVjNmNUV3RsQVpPWktmTVROc09WYXUzc2JYS2wxVjRHcTZiMmlfYW42QzUtMngyYURuc195b2k2UmRIelZDNDBEY1U?oc=5,Black_Sea_Ukraine,google_rss,Black_Sea_Ukraine
"Russia hits Ukraine with biggest air attack of war, sets government building ablaze - Reuters",2025-09-07 07:00:00+00:00,Reuters,news.google.com,https://news.google.com/rss/articles/CBMixwFBVV95cUxNYlF3NGFyX0Mzb2I3Njcxck41ZlVYbjQ0aWpjc1dsUnVzRk5wU2ktOWk4Sm9kOHRPTUlaQWUxYWJYS1l5Z1JyWHlXMkFXSWtVbHp2bW1GVDBiRjVIS19wRzFFOHpEcjlqalFWa3VjRWVhWGdCSHZMM3h4WkFOQ0hmVVNoVjg0UXg3TjE4S1ZWZTh4TEI3blplczk2NmtXeTRqREdRNzlBNm1kMGdCZDUxa2FiaFNBT0tDUmdKYUd4QUtuS0N6YkdJ?oc=5,Black_Sea_Ukraine,google_rss,Black_Sea_Ukraine
"Israel news today: In a rare hit, a drone fired by Yemen's Houthi rebels strikes Ramon International Airport near Eilat - ABC7 Chicago",2025-09-07 07:00:00+00:00,ABC7 Chicago,news.google.com,https://news.google.com/rss/articles/CBMi1wFBVV95cUxORXZReGxZYUlBQ2xjRUxWdDhuZ00wS2lrTzRtZThzeGFCX1RpNXdpcUF2VE84TU1OMU1UZ2ppVVZCN2QwbUpLd216RGQ1eFhMRDZNQWY5aHhnTWRCOExIZUJhMmtPV3FoNWp4aDFMWjJxWFVMX1FqbzItbmtSOWI2Rk9uWEZMYTFpU25yX3dMVXRrR0NCbFp6dS1qbUJ3MHpXemwzSUFrdTNRa0Facmo5MThxV3d0QmZqaUZpNWxPaHJ3alFEOGZCaHBodlE2NVdYVWlKaTZxNNIB3AFBVV95cUxNWkw4bWhDUTlGWTE5bi04Q0tyUDNfa2dYeEVLbnc0MGNMWXRKVFBwa1JJSG1ZTUVPcjR5QWx0Mk5CUFdCVWZ3RzVwMk9yS2xzeThGaXI1WVZsR1I5N0RzdGYzakd2bG55ZXU1WXMzNUxZRjRrdW5WTldseW9zTmJsUWs1cnBqTzRCdDdZRE1fSFpGQTVIVXhYeWxYcERPVFhEUVJNckU4eUZtVkw2dDlmXzdkSVBHS0duSUtNeWozRnc3WjllaWVKVWxERlZCVXNMUElkWHNOVkQxUnBf?oc=5,Red_Sea_Gulf_Aden,google_rss,Red_Sea_Gulf_Aden
SECURITY COUNCIL LIVE: Push for peace in Ukraine could rapidly fade if large-scale Russian attacks continue - UN News,2025-08-29 07:00:00+00:00,UN News,news.google.com,https://news.google.com/rss/articles/CBMiV0FVX3lxTE1xdlB3Q1kxdVZQUzI5NVRTNkEyakI3SkhsZmM5UEdFcXNvejFvNnhXTGplNi1PWXNVT0xMbE5DdXBmTmVXc09WQTBnTVpsalljVDd2X0U0Yw?oc=5,Black_Sea_Ukraine,google_rss,Black_Sea_Ukraine
Israel launches latest attacks against Houthis in Yemen’s Sanaa - Al Jazeera,2025-08-28 07:00:00+00:00,Al Jazeera,news.google.com,https://news.google.com/rss/articles/CBMipgFBVV95cUxPNl9sYTVVQjloajlFVHQxam9KcEI4Vk9BX1I2Y1Z5c0FSeGFvUDdPbzl1eFZaMHZ0U2Vsb2NTR3Y3cUJVc1N3MDgxTUhfVUJoaTFJNGdWbjZDSThYZlVrbE5wVFUtXzMzMFJiaWQxM2Y4elk0UnlnWEc0YU9RbTh6OENyMXlQUDRoemlLdFVKbkZnWWNHbi1fVFl1eW42ZWpxZE9JRER30gGrAUFVX3lxTFA4elVVN2lDNlQxSWVuVjg5MEJ3UVR2RWhWZlhVZkJIdEFjOXBkR3QtTzB5bWFMZ3BPTGpuTmtxMDg3ZG1hU2RlUWhqWnRxZzRNSmZha0w2cDROMlAtVFl1aGdvVEduQlZheWI4c2NkaWlNRkpLSU1zUHlWdm16ZU9aZmJQaEU1Rnl2UkU4cnllTEJOMmJhSm9HeHNDMGhMa2RtR0k3eXdZUGZvaw?oc=5,Red_Sea_Gulf_Aden,google_rss,Red_Sea_Gulf_Aden
Yemen: Hostilities escalate between Israel and the Houthis - DW.com,2025-08-27 07:00:00+00:00,DW.com,news.google.com,https://news.google.com/rss/articles/CBMimwFBVV95cUxNWUFtRHRjOXFGZkRieDJaSnJYbTA3cXFoYVFNU1ItNmZTNGpFQXFGd05hSzlHdmZNSUlGamd5QkZnd0tVdmxLRVN6cEp1NE5SM2gtdGUyZkxBT3NJUHY5S3Q5Tm5adjA5MDh1YjN1ZHFvRlFzOG9CZWlNcVM3QWo2Ty1kY0xVNEF3MF9hWnU0SkI3LWdHYm9XcWxBUdIBmwFBVV95cUxQVERnaEdpSEowX0RfM05rbklUZVZ2MG8wbGllWVdtZ0lleGg5djQ3cm9iRy1hUHRpdjhLVXlRUExKRENieVJfWmtsRC0yWU52YVFtdHNDZzUtRG90S1I2OXNZM1RiNEhmUE9UenBBU1lCSDlLUjUydEdWQUJ4Q292MDJZeVpSZmhZSkM0SEEtLVRFRy1lNTRQSUtoUQ?oc=5,Red_Sea_Gulf_Aden,google_rss,Red_Sea_Gulf_Aden
"Israeli strikes hit Yemen's capital, days after Houthi rebels fired cluster munitions at Israel - PBS",2025-08-24 07:00:00+00:00,PBS,news.google.com,https://news.google.com/rss/articles/CBMixwFBVV95cUxON0dDWGtBMVJQR3U1eXJvWUthamVCSDR4TVdIbXptOFRtOVYwRFJ2cjRfU1REaDZBRWVrcXc5NEhPYy1xRUdOWk1ublIwUEM4cnpPQzgyVmRHdFByeUZjSVUzY2N6WWNDc1g3SDZEUkFpN1JyX3ZRY0VHcTRya1VTZUV5WkxLcWF1Tld6UVVrMEd0c0pnUDRuTC02LU5nMjhSX3ZYdWw1Y19FbXJ6YnBGNnc1Ull0Z09SZ1BRWUFrdXIyaDVDVkZV0gHMAUFVX3lxTE1nckg3M1JhRWxtdndtakNvY2VvM2Y5OF9UcllYalp5UzdFcm9xS3k1NHFGYWhRcWpGTE1Kd2hER1dwYWp6WlFUdXROSTI5a0FkbE42eUI1SlVmUmRQMDJQMUh5TnU3UWRXWGpLaTlrV19PTkJPRkNINTBxNUhEamxscU93cWJ2YzE5LXc2NVk1YW9GQVpfOFpUTGZ4YndwTW8zSVFHd0ZOSDZjZzJfUmtmLVI2RERZRVVRU1lQRTllcl8wa1pIRWFOeWg5Rw?oc=5,Levant_EastMed,google_rss,Levant_EastMed
Putin is facing a fuel crisis as Ukraine escalates attacks on Russian refineries - Atlantic Council,2025-08-21 07:00:00+00:00,Atlantic Council,news.google.com,https://news.google.com/rss/articles/CBMizAFBVV95cUxOR2VTMmE0b05GLW4tV1lQYkR5VzJ1YXVJZW1ieXlaVk5POXl5cV9GS2I1dlIyaFVHY0hkSHRWSTFSUjB1STdIS00wVm9FLVM0ZjFQRlBoVkRqbkU3VlpzRzdNMXhFeEZXV3NqTzJ3VFFzU3A5Z0E0dnBqcGpRTUpMV2dBQVZqZk9LTFRpYy1EcnJVTlBKbG01Q3Z3TVBnZmhjcTBHYXN3UlA3blZveWU1TXhYdzU1MXhxTnFOb2N6VC1nU0YzVmpxNlBibU8?oc=5,Black_Sea_Ukraine,google_rss,Black_Sea_Ukraine
The Houthis want to punish Israel. Filipino seafarers are bearing the cost. - The Washington Post,2025-08-10 07:00:00+00:00,The Washington Post,news.google.com,https://news.google.com/rss/articles/CBMiwgFBVV95cUxPSnhRRVo1amk3U2RScmhGU0hzT3JjWVROVl8xSC1IRDNyOTlOQ2NKR1YxSk9yMk94SUJTT1hfVkNkQm5HeWwtMVF0OHl5NlA4cFoyNTZfR3hwWnlqZkJqNDc5NXhVV1FEbXJTRkRIZzV6aVVQSzRMX29Rd0FrMS1DeUF1SmpSV0U4ZnZjU0R1OU1kaFhxc1RyNl94Q0RzYUNtdjNNeWlmeU1MV2JVaHc5N2ZuRXJXZjFQWl90d1ZaRndOZw?oc=5,Red_Sea_Gulf_Aden,google_rss,Red_Sea_Gulf_Aden
"Russia-Ukraine war: List of key events, day 1,263 - Al Jazeera",2025-08-10 07:00:00+00:00,Al Jazeera,news.google.com,https://news.google.com/rss/articles/CBMikAFBVV95cUxPTFJJZjRWdDFUWEVVUnRSMVNfU2tNRVhCR0pMSEh1NUpDR3NHd1h1X0VoOF9yVWJYU01DbDVDR2dFNVhpLUVwLXJnY0NVOXU2cS1HTTNsWEFMM1BhRDF3Q1VrRDZqM3pzNmpSYVpYRTQ4Z01SYWd3ME9fYm1PbWg1aFRUMVEtNXFOeVFHRFVrSkvSAZYBQVVfeXFMTTFjTHFMLTNucGFzRVl1UEV4RUR5V1lhUjRhZ2RaWVhGNE9LQ0p5aTlHRUpPX3RuUGRYU0RBVVhQZERxN3F2bGZIc1dxZEhYX0xmTnd1ZE5JYVBBdEZ3RlIyX1UwUk9HUDluZkZhckFkYk8xTG9wa2s1TG9USlNNMVVvdVNSc3NXQmxEaWMxS3AxRkNQeVF3?oc=5,Black_Sea_Ukraine,google_rss,Black_Sea_Ukraine
"Ukraine drone attack causes fire at Sochi oil depot, Russia says - BBC",2025-08-03 07:00:00+00:00,BBC,news.google.com,https://news.google.com/rss/articles/CBMiWkFVX3lxTE9EenBmckVDTmtSdGhqSzRZdHJ3WkNaRkFEVnYwZHI3VWwzaF80Z1A0dDU2dUNkV3NVRFFHVVdralY3SndGbDhEMXRpZ3pxNUp1WUpQT0NMblRNUQ?oc=5,Black_Sea_Ukraine,google_rss,Black_Sea_Ukraine
Russia-Ukraine war - Frontline update as of August 3 - RBC-Ukraine,2025-08-03 07:00:00+00:00,RBC-Ukraine,news.google.com,https://news.google.com/rss/articles/CBMikwFBVV95cUxPRzh3alRIMndQUUJEU196TTdQWmhleG9GbEVUaVkxdnc4d1hIOWhIWjRWMUFrNS1SUGJlLTBtMno5bGZJRTVBLWZVeERBLU5PNE12N3F3ZXZoQVM5RGVTQXAycV9TZTk4Ujk2NzhEbUFkR2RqekF0ZHJPeC1YbWN2WTZfNE9yNC00dzZmak5KV1UwcFk?oc=5,Black_Sea_Ukraine,google_rss,Black_Sea_Ukraine
Yemen Situation Update: April 2024 - ACLED,2025-08-02 13:59:47+00:00,ACLED,news.google.com,https://news.google.com/rss/articles/CBMib0FVX3lxTE9qb2o4UGp2WW9CZkMxZDNTNlpadmFKZVZtaV9HZVdOS1VzbW83SlV0ZHlaajljXzJtbXIzTWpIMjNweHhwMnVKczFUbEVOODctWTJZSlgxUzBFX3A5VnAtNGUtMlBwbGptczdLcmZ2QQ?oc=5,Red_Sea_Gulf_Aden,google_rss,Red_Sea_Gulf_Aden
Escalating Houthi attacks in Red Sea trigger new global supply chain and insurance challenges - Insurance Business,2025-08-01 07:00:00+00:00,Insurance Business,news.google.com,https://news.google.com/rss/articles/CBMi7gFBVV95cUxOOEgyMmxGR1FwcTJGaHBaWEgyeEZhNU9ValQyMERlSzNfQVJXVXZHdV8takdNd1JRTXVNTHlYUGFkY0NNSkVTOXEyT3F1Z1cyUjhPVnVZdUF2VFFhQ2g5MmNndlVudWdTU0VzOUJpU2tqY3BwZVJDRlZJMTRxMktkaXpiZzIxcDZVbU9sbWo5NlI3aGp0QS1fWDRjYjR1ZHRDeE44TFBBaVJ2ZU55WFI2QnVrRjJhU3RHcWM0UzFWTDNrWlZTSzR1S2lNUnlHV3ZTNWhfNkVOdk1lVlViNUJqdVZMYTBDejlvdlBXeUJR?oc=5,Red_Sea_Gulf_Aden,google_rss,Red_Sea_Gulf_Aden
"Israel bombs multiple areas in Lebanon, including Bekaa Valley, Baalbek - Al Jazeera",2025-07-31 07:00:00+00:00,Al Jazeera,news.google.com,https://news.google.com/rss/articles/CBMipwFBVV95cUxONlZLbUNFQVB1WExtZHM3SEFhVkZubzd5RTlyaDBNZDExNW1ERklrN2ZjZjNUN3lHbTFhT2tobkh6ZE95MEdQQWFiWkpWMUxFRF9qVjA5ek9uR2hJWXM5TWYyUS1zVzd6NDQyMngwYVI1VmxBRHFZUVd5OFN4SjhybVB4QmUwTG1vR1VzSDJ2bTJuRjg5S1VYbmJ0LUoyemlvczBieEtNc9IBrAFBVV95cUxNNnUyM0ZHV3hLQVN5Uk8zaVVWTnkzQkhHdHpBNzEyRGVCVTFnYVMwTVRLTWhEb1V5QTN2UGZ6YnZNU09NZC13OWMwRTA1cGtUUjNjOWQ1VEdSdXlMblZSR2EwMmhiQl9HYXFyNC1ROEoyQ3RicHlYSkVHMkhTdnZQQXQxSzNWanFtcWphVno1aU5xNWVUUTJ1VFhJbGZYQjlqYUU2ZVdKd0xrd1M4?oc=5,Levant_EastMed,google_rss,Levant_EastMed
Russia’s protracted war on Ukraine may be reaching a turning point - ACLED,2025-07-30 11:35:46+00:00,ACLED,news.google.com,https://news.google.com/rss/articles/CBMikwFBVV95cUxORXl6WlZNcG9zdXczUU5PSVJVbnMxYi1XWGtiLTZfWUhzNDhTQWJMV0psM2NSMHZoRUxWdXE0Q2xxU3dVcWM5QWxIc1Z6OTl1VC1ySm5fZ2lSMXFZSGFJRzZNLS1rOG4teXEtQ2VfUjFXc0ZBWE5mMzZSczVYd2xkMHRiOUlJQjJlczU3MUduX21BMEU?oc=5,Black_Sea_Ukraine,google_rss,Black_Sea_Ukraine
A Red Sea hall of mirrors: US and Houthi statements vs. actions - ACLED,2025-07-30 11:06:09+00:00,ACLED,news.google.com,https://news.google.com/rss/articles/CBMijgFBVV95cUxOUGlmR1Vzam1rT3RCZ2J0RU1GdXhlcXRwMGRVSG10azFMa1dMR0lSNnJZV29WU1l6R2ctYmxyak8yQ0xRS3V0UEpDU0x3LXBZYV9EYkEwaFhyTEt5UE45QmxoS1JYMXhJOE9uc1ZpWVc2Z21wQl9jd2Q5Z1VUaXRoOHFrLWNXTlZzenJCY3hR?oc=5,Red_Sea_Gulf_Aden,google_rss,Red_Sea_Gulf_Aden
Bombing into submission: Russian targeting of civilians and infrastructure in Ukraine - ACLED,2025-07-30 09:09:25+00:00,ACLED,news.google.com,https://news.google.com/rss/articles/CBMipAFBVV95cUxNNERRdXJJYmg5NU5UVWJTeHY0YmMwaTBWTjRrWWNvY0hFekZ6SzZSb2RlcWhZOXZZc2NhUzNRQVczTzRGVHpHRnNvT0pYX0ZrSGIxRkdDenRFUzdBbzFjSWpVX2dWM2t4ZFJmVktUZEhta1Vzak1KSXJ4WlNpRlBncVlzUG56NzU2TE0wNkZmbUVsQjNQLVQzTmRLV3EwUzhyd3U2Sg?oc=5,Black_Sea_Ukraine,google_rss,Black_Sea_Ukraine
Ukraine Conflict Monitor: Russia-Ukraine war map - ACLED,2025-07-30 09:09:07+00:00,ACLED,news.google.com,https://news.google.com/rss/articles/CBMiZEFVX3lxTE1Za0VQZmFBSV9pQjFtZjBvUVNXSTFIQk94RUdFWTJMREdDRHZMaGRoZGFPU2pkVVItU1A5Y1Y0cnhhRGtybnV4c0xkSmk5Q2kxYkdaQVR0aGR1TGQ0VlNQcTUxWmc?oc=5,Black_Sea_Ukraine,google_rss,Black_Sea_Ukraine
Houthi attacks on Red Sea shipping condemned as war crimes - Jurist.org,2025-07-24 07:00:00+00:00,Jurist.org,news.google.com,https://news.google.com/rss/articles/CBMilwFBVV95cUxNTlhMNTNPQkRHOE5yYkJoR3BhVl8xcFJVcmk3cnB6a2ZwQjRkZUZ6Qm9ZR2pMalVCVldYMWk4MGV4aWxuTTI3M3lKS2g5VHdUQ2FiY2xnc29UTE9IY3I3WWtac2tRQjBBVHZseDJUWlZIMk1Yb3Vyc1JiekhEdHU1SEZFTUtSN1ktekkybkNVUXk1dG83UEZJ?oc=5,Red_Sea_Gulf_Aden,google_rss,Red_Sea_Gulf_Aden
"Iran, China, Russia, and the collapse of deterrence in the Red Sea - Atlantic Council",2025-07-23 07:00:00+00:00,Atlantic Council,news.google.com,https://news.google.com/rss/articles/CBMiswFBVV95cUxNSVZxZUo0X3NIQmxZaGFEdXVSbWE1RExzNjMwSmMzQzdLVG9jNy1aMGlIY1ZoUjhHOFZNTzdCOS00MlVzdUFxM2N5TWFmNHRrdl9TNXRkT1Y2MUt2SURCT0NBS21qVC1oa0JSV2dwd1FhR0tPZHlFYy1KRHQwVElpZ3ZYZVpsY2FHVGVxQVY4WGVVcTFhRGNmMUtlSDVUZ3B3N1ZUN0JZVUNHTzFzMEtia0RCSQ?oc=5,Red_Sea_Gulf_Aden,google_rss,Red_Sea_Gulf_Aden
Yemen: Houthis' Attacks on Cargo Ships Apparent War Crimes - Human Rights Watch,2025-07-23 07:00:00+00:00,Human Rights Watch,news.google.com,https://news.google.com/rss/articles/CBMilwFBVV95cUxPLTNBVURPS3EzbnhtTUgtbTBwYnlVZVVNMXZlTGNIU2htM20yUl9Gd21ybndjLXdKMExDMElMMFI5Y2J1M3Y4eTdGajAzV05LaEdHRHVXWGY5bWVOc1FxSEt2R0Y5bGJqUmlSNzFyZGRyYmN3dV9KMHpCUk9yRi1qYlpRSWZaU2wyM251VmNhNmtGMXhPX2Iw?oc=5,Red_Sea_Gulf_Aden,google_rss,Red_Sea_Gulf_Aden
Houthi attacks take toll on Israel’s Red Sea port - The Washington Post,2025-07-21 07:00:00+00:00,The Washington Post,news.google.com,https://news.google.com/rss/articles/CBMingFBVV95cUxOTl93TzNobHpFeXdiRl90eVhiYkxBRnBGQmxUeDA0RE54VWNfQmsxNjZ0MzJGR05YWWpFQlJIbUJVZzA1anZtR2lFaE1pTFQtdmdLQXM3Z1d6SnhLRzJhOUpmcGQtcUVWZDNIcjJFam9jU0h4WGFZUXNnaG9majNrUUFZUndpQm9uS0ZrT1pOOGZIcE05SkNzb0gxeGg1UQ?oc=5,Red_Sea_Gulf_Aden,google_rss,Red_Sea_Gulf_Aden
What to Know About the Fighting in Syria - The New York Times,2025-07-21 07:00:00+00:00,The New York Times,news.google.com,https://news.google.com/rss/articles/CBMilwFBVV95cUxNYXVfUHlfdDRGWmk5RnFvekhhT1cxal9TQ1p1VUcyZGNXNzZNcTF6T051VjNfNHpENXdZaTJiRER6UGhfSzItQk8zbi1fcUMwRFFxVWk0NlpZQ0hLNTFBajRWRmx4ZUp6OF95QTY0c0IybXllbldpN2g3NVZDWVpncHM3c0FCenJ3ZWlDRmF1RGwzaTVfZkww?oc=5,Levant_EastMed,google_rss,Levant_EastMed
Handshakes or Airstrikes: What Does Israel Want in Syria? - The New York Times,2025-07-17 07:00:00+00:00,The New York Times,news.google.com,https://news.google.com/rss/articles/CBMijgFBVV95cUxPbTJCQjRwNXU3M243cXRSZEpldThZWXBsYl8wUVZfdk1nX0pCX1pOMmhZT2xneDExejNFVnJwMmJuT1ZoUXlrZGRYdnREMGZNWVpPb0J0emlaTFFYZlIyc3VveEpSLWRsbllQNDdsSzR3eFR6WmF5bmdSall0V19UdWZoVms5VjZRSkpabWVR?oc=5,Levant_EastMed,google_rss,Levant_EastMed
Israel launches airstrike on Syrian Defense Ministry in heart of Damascus - PBS,2025-07-16 07:00:00+00:00,PBS,news.google.com,https://news.google.com/rss/articles/CBMirAFBVV95cUxPQ0cwRnpBRFQxUC1fcWFmSmVmdFdYTDBQUWtjbTFfaEk0QmMxYmdjOE04UHVqMV8xSlpoYjBKMGhTTXM4alhpVEVPdXN2M0xRbWR1UkVpYWZ2YWd4aFR6U3BuTUhWRjNZU1RPUXIyd1FXZmVGLXcwdFhXTFNGSlYzS01xaHJpdERGSkVaYWUtT180cHFTVlpBcGlMSFhIYTYwdHYtWFY2UkZOQVVI0gGyAUFVX3lxTFBlOGJfQzJFNGdWQVZPZm1vc2VJdXRMb1IwcG1SZXk4Q0diSExsYUhpOU1mT3I2X0dzYnhjMVBxT3JjNjFYVTBSazJZMXlnZnktdlItcXAteU5ScVRpS3YtQ3JjQ3ZmUlpJTlZ5X2ticU1zUFhwUWpSVU1kLXhVV1poQXhZcWNRUmY1dHNJWkhhcG5qRk5YdVpkNFFPQmVPeFhoUm9ScFZxcjNRQmNfQUhVdkE?oc=5,Levant_EastMed,google_rss,Levant_EastMed
Why did Israel bomb Syria? A look at the Druze and the violence in Suwayda - Al Jazeera,2025-07-16 07:00:00+00:00,Al Jazeera,news.google.com,https://news.google.com/rss/articles/CBMitAFBVV95cUxNYjFMTm9iTlpXMEE3U3pVY2o4ZlZqZExhLWpORWcwdk9rbzRWMU10R2NDUHNNU1B5UEZCYzEtU0JKUF9VNWpreVNMYWpOeWF4dU1MXzVjWDRZM1NwVHZTNUd0VDNlbFY1Vjd1SkJPM0NOaFlvQ1QwM1pFOXRtQXlzWl9WV0V5SVhTMDJEalNFUG5jbDFET0Q5Q19kWXoxQUpCVVYtbmM2RlFGOGlxN3hRM2luYULSAboBQVVfeXFMTjMxZURxOWlHMGR6VTVTWHNfMkxaTlhPdUt3UnYzR1pIbVFnbUF2OTk4d0xzUUswOG1ZLVFoT2tIR2dsSENIczhicEFvdjd0RzRNZTJ5QUp0TmhYZzZLdHdDX2xPR0tRaXpqMVZ6ZnowT280X3hFVjR1eWtGbHBGWjNXanp3UC1LcUxnc0JvazdDOVF3eW1fZlp0M0xNZW84ajMxblRaYm1wTllEY1VkZW00YncwcmFyNEtR?oc=5,Levant_EastMed,google_rss,Levant_EastMed
"Israel strikes Syria's capital, Damascus, pledging to defend Druze minorities - NPR",2025-07-16 07:00:00+00:00,NPR,news.google.com,https://news.google.com/rss/articles/CBMif0FVX3lxTFBxV0F1cmczVW9QNXZqTWM1Nl9kbWZDZmxPX25kQmE3OFR6X0xnN1dvT0lSYTg2VlJOb25fcVlhMUxQUW1qTkdVRllMWHhZZjBWcXU5SkFTQjUzTHczWm9kV3hFM3NMNlZvLUpQNXREVmdLem0zem5USGcyVEM1YmM?oc=5,Levant_EastMed,google_rss,Levant_EastMed
Israel Stages Rare Attack on Syrian Government Forces - The New York Times,2025-07-15 07:00:00+00:00,The New York Times,news.google.com,https://news.google.com/rss/articles/CBMikgFBVV95cUxOQlktODVGMVNleXdXQjFWU004ZGJ3dEdFSG9BZDJ5RGUyM0hIR2VROVFNd1pPaWN6RkNGT0hGdFVybmJES05oUFdaMnZuYnN5TVJyQUJ3Zk1uMmgtcnJFSG5ITzI4YXZPU1F4UkFlWjVDcm5NSFI2WS0wWVdFa0xTTTFnTXlxRUZSdmdBQThsSWlMZw?oc=5,Levant_EastMed,google_rss,Levant_EastMed
Ukraine suffers most civilian casualties in 3 years as Russia ramps up aerial attacks - NBC News,2025-07-11 07:00:00+00:00,NBC News,news.google.com,https://news.google.com/rss/articles/CBMiugFBVV95cUxNbW53bHBkN1AyVWFINXNvUTU5RERwejU2b2NnSkxSeE5QSklFYVMtUWdxNzMtUWFTLVN4WW5Hd2tjNGdxT1dURkZiZXZXdWxQSVFCb0JJM1AtY1A2WnJNM2FpeFl0aXQwdTQ1VEdRMzBMUks2TkdsdVhLdldJcndCeUZLc3R0MXNuRjZYUlR5b0N2d20yVHZDMGYzQjdHWXYxS3l5RWVLNnlFUUpPYmNsNFh3c3MwN0QyZkE?oc=5,Black_Sea_Ukraine,google_rss,Black_Sea_Ukraine
UN chief condemns latest Houthi attacks on Red Sea shipping - UN News,2025-07-11 07:00:00+00:00,UN News,news.google.com,https://news.google.com/rss/articles/CBMiV0FVX3lxTE95YmcwWGpNTWhSQzVCYzlDYkMtN3gwZThkWGxCeE1JV0o1YzRfWG40Zml0eS1rQ1ktRXREX0l0X0FzM2Z4bnNDVWtCZ3ZVVHJzNkNXY2lHcw?oc=5,Red_Sea_Gulf_Aden,google_rss,Red_Sea_Gulf_Aden
"US Airstrikes on Yemen: Tactical Wins, Strategic Setbacks - Stimson Center",2025-07-11 07:00:00+00:00,Stimson Center,news.google.com,https://news.google.com/rss/articles/CBMijgFBVV95cUxOY25Kc0pyUHJsZy1KREFJUTdIRUdsNzJrT2UtYlVwaWZiWFZPNXhiQkVRLU5wNzhhMWdFQ0c5UHJHbW90OFpWelFqazlrM2w0ejJfeHBFVW92S1FnRGFNNjEzNUg4cjQzNXQybUppSUpnQ1VSMTF3VUtTbW05LUNYdnplaXZJcUVpX2dJc0lB?oc=5,Red_Sea_Gulf_Aden,google_rss,Red_Sea_Gulf_Aden
Red Sea update: Resumption of Houthi campaign - Gard.no,2025-07-11 07:00:00+00:00,Gard.no,news.google.com,https://news.google.com/rss/articles/CBMifkFVX3lxTFA4SFA4MHpjLVBISmhoNXdEN0lVYnBHQ3Z6SlpYeHI5cGJDa3lqd3BTR0lFMk5FUzJyY3NaR3E1OXlqa2ozamx1WmU2RGtrWDJVWUtCVTctRVlXNTQxbkRqLUM5RDZmT0FQWXl3M1pvbllQSDVnRFRUOWx3OFhUdw?oc=5,Red_Sea_Gulf_Aden,google_rss,Red_Sea_Gulf_Aden
Yemen’s Houthis fire at Israel airport amid search for Red Sea ship crew - Al Jazeera,2025-07-10 07:00:00+00:00,Al Jazeera,news.google.com,https://news.google.com/rss/articles/CBMiswFBVV95cUxNUFBBTDgydlUyTWJkaDM2V1ctOElmckxHNUdVU2FHTlZYLTcxa243NmI2R0VaZ1o2MWFnUjVtSEV6TEI5T05sa3h1M2p5ZFVEV183dmhERU84UGVwZ3JXTi1HTHlyT181YUtOc29IMk14cHFSTzdNZW00YjJWaW1LZ3RmX1E4OWVGRjluVXZIWjlTV2tGdENYNWF1c2kxTHJtVVFIYWZyYnBLS2pveTJQNHFMc9IBuAFBVV95cUxPV3ppOGo1Wm5LVHJwbHhoZ3NjUzBnSnk1XzZod0dPVTVkV01TM2VzNFZta3p6aUhmbXZQVWFGVnJaaVpEcngzNWNTMTBmUFVGVWUyNXFYNGtiZXhFNmcxc3E5dktEWkhfcTBfZUNNbTNQWG14RjVZUWRyTjRvQnN3NFhSMW1wTFhSajdJSjZiRnQ4cTUzOVh2cmxIZkZIU3g1cWhnWENoZWpPd1cxZ250Skc4clBrMGk1?oc=5,Red_Sea_Gulf_Aden,google_rss,Red_Sea_Gulf_Aden
Middle East: Houthis claim deadly Red Sea attack on ship - DW.com,2025-07-09 07:00:00+00:00,DW.com,news.google.com,https://news.google.com/rss/articles/CBMilgFBVV95cUxOcEcxRkFaeXczTWZmUFpoZHdmem9sbHEyOVlZMUNrWFBOdExXOXFFWFBNQ2ZudHdfMUpxd1F1a0lZVUpROEhZQkdkSmpaRjRLNkg4M0NHUE5acGdiWGNGR3JqODFHRUgxdUt3UnhjX3lDek5ZV05LZjFfdFd3WFFyTXdaWTZRaFdaS1IyRG03NXRLWWJ0YUE?oc=5,Red_Sea_Gulf_Aden,google_rss,Red_Sea_Gulf_Aden
"Six rescued, 15 missing after Houthi attack on cargo ship in Red Sea - Al Jazeera",2025-07-09 07:00:00+00:00,Al Jazeera,news.google.com,https://news.google.com/rss/articles/CBMisAFBVV95cUxQQ05hU2NTQkZIWnZKZllheTJKS0dQMnNnZEdRenpnOFVkWUx5U185cEtrc1BpZEVhREpGNENKWXloVDBLNnRKOFlhalR0Z19iN29fczF2X3RjeXloSlcydGJxdEE3M0hYWV9MUktkVjJfckhqbGhNaXd6bTNQcjNyTXlxS1hoeEFPbHZ1Sm1iOGVFMTBjdi1KZXUtV190Nm9UU1Y3M2NidDFtZ3cwbDIxQdIBtgFBVV95cUxONzBueFd1N3QtOGZaczRwQkVfXzkyaS1JZ3lIUElKckFGM0dMdVJ4cEhiV0NyNVBWcXBkQ0gtbWhzS00tSDk2eFhFc3A3SU40ak54d1pvTjFNeFlGbDZ0ZXdCaDE5VHA2M282MDh5SGNHSzlyMXdORXZna0htblRJQ1BTQmYzZ1NLa2dURWN2UTJ6bDFOakNIbnM0Um1nQm5WS21vMm9ZaFNkd21nZzlrQVdmbzIyQQ?oc=5,Red_Sea_Gulf_Aden,google_rss,Red_Sea_Gulf_Aden
Ship attacked in the Red Sea after a bulk carrier sinking claimed by Yemen's Houthi rebels - NBC News,2025-07-09 07:00:00+00:00,NBC News,news.google.com,https://news.google.com/rss/articles/CBMimgFBVV95cUxPaXF4cC1vMXNhaTZMaW9VLUFqLUZvNmFoSGM0Ul84eVhQeTFVUXZwT1lsM3B5VmxVQ1VKY3pwcEpCNzhyUHZBOEU2bkFEa2dUemFGVjR2bG1VZkUwTmZqN1BVSFVKMUxyUjlxMld1VTVBMGRaZGlQRVEtemVWdWMzQ2VJQndhQ0tEUThNcDB1THpfUHRMU3RheGVB?oc=5,Red_Sea_Gulf_Aden,google_rss,Red_Sea_Gulf_Aden
"Yemen’s Houthi Militia Took Sailors Hostage After Red Sea Attack, U.S. Says - The New York Times",2025-07-09 07:00:00+00:00,The New York Times,news.google.com,https://news.google.com/rss/articles/CBMiiAFBVV95cUxORFZwV0puUkRJNE4wQU9QN0dQVVExVkg5MmRvNWJrbTgyT0dITk1xQnhNX09GejJmbGJWbkFSNU9MUDN2WFhvZHFzWHJMbW9DNVBuczYyR0pndjI2RmFmaG9EaDdVamxJc3J3MnhBVEwwMVEzYU1YWVMxZEpkSHRMeUVMQkZtTHN5?oc=5,Red_Sea_Gulf_Aden,google_rss,Red_Sea_Gulf_Aden
Houthis Violate U.S.-Houthi Ceasefire With Deadly Attacks in Red Sea - Foundation for Defense of Democracies,2025-07-09 07:00:00+00:00,Foundation for Defense of Democracies,news.google.com,https://news.google.com/rss/articles/CBMirAFBVV95cUxOM2FTSUFSd0hSREt3N3RKREJDUW5ZY0tQaUJmYWttWGxpQmlHTmFhQlltUVlydWhWc2hoSzlzUjBYOWFIakxXZ0EyNUN4YnA5V20zWjJQbDMwOS10R0FfbUJYZGxlUkRuTThfR2ROTFJtMUdyeTBTWElLZVpNdkJ5UHdLVkZSQ0FXOFVrUzhvUTNaLXQ3bHhiYUNqREFHZHdIc0QwY09QVEI2WWJG?oc=5,Red_Sea_Gulf_Aden,google_rss,Red_Sea_Gulf_Aden
"Russia launches huge attack on Ukraine as Kremlin says it's ""quite calm"" about Trump's mounting criticism - CBS News",2025-07-09 07:00:00+00:00,CBS News,news.google.com,https://news.google.com/rss/articles/CBMilAFBVV95cUxNUzY5Z1h3UDZmdS1pWDY4SnlnQ2xrUkptLWJmWk5zNUlIYmRHR0ZhcGxFZG1xYVE1aFh3OC1YQUMtQ2dZZ0JwN0F5NjlZaDVIcFcwdmlqTHhVOGFWNzNqMDN2UVRQNTJyTWJ2M2ZqR1hlTXo0QllWVHQ1RkRCOE1vbFRVNVM2U3l3SS1QRWpyQW5xMWtD0gGaAUFVX3lxTFBLN2hyeGZuRDY0bV9IM3drV0F3TUNTdTA0ejdyUTU2amNraUhPX0dVSE9UNEV2Q2RDSFZTVWdQXzBNSzdnMFlHU09SZkZfUHUyRlFxM2l1SGU3OTNyb1RIQ0V4OE5za0YtWGJWLUhwTk1QZU9uQVFqQWRRU1F1emMyX19iTjFaQldpVXZpMkpJemR1ZjNnWHlPV3c?oc=5,Black_Sea_Ukraine,google_rss,Black_Sea_Ukraine
Muted US response to new Houthi strike after lull contrasts with previous firepower display - Stars and Stripes,2025-07-09 07:00:00+00:00,Stars and Stripes,news.google.com,https://news.google.com/rss/articles/CBMilgFBVV95cUxPTUQzZUl2aEZzdWR2dkpoQktjTTJjVlM1VUFJME9GSl9fWlhtSnhLWEs0NkNTYm9Nc3VmR0RTbFNrZ3lHYWVPUWI3d2hGUk0xelNjcTQ2LUlZa052ZzR1amt1ckFRNzFnbmdGQllmVkhFSmZSdVluZ09sZGU5eV8xamxzbjNyWFJMLVUzNHpLa3RiYUctVlE?oc=5,Red_Sea_Gulf_Aden,google_rss,Red_Sea_Gulf_Aden
Red Sea cargo ship strike kills two sailors as Yemen’s Houthis resume attacks - The Washington Post,2025-07-08 07:00:00+00:00,The Washington Post,news.google.com,https://news.google.com/rss/articles/CBMiigFBVV95cUxQUld5ZzloRWppdmxhcF9jMXI3SWQ0VkVvOFVrUkdUSm9Ld1JYenFscE5YcDI0cGtmdF9EQmIzdTE5ekQ5bXZCeWp2UVNENmw0MjJWUmM0V2NKc1pLRTFsLUZHWmFpUzBaZVNja25jbGlyRXVUYUJ0S0Z6NzFKalVXdHpueFZ6bzRtUVE?oc=5,Red_Sea_Gulf_Aden,google_rss,Red_Sea_Gulf_Aden
Three killed in suspected attack by Yemen’s Houthis on Red Sea vessel - Al Jazeera,2025-07-08 07:00:00+00:00,Al Jazeera,news.google.com,https://news.google.com/rss/articles/CBMiqgFBVV95cUxPMFlFSTQ2ZC03Zlp6VVRWd3JTUE9rQ21SUnIzSTlWTUUzeFNUV3dnQzZGaEREdVpJQW1yQ3VrWDhMZDZQdDdDc2tobmJxaFpYUk8tb1FDT0lpbmdXdG4zUHdoMHRhNnN1NUpUWVdVU1N3dHNYN1NtQ3VGVHF5Qll5ZEtxLWNLeGRNek82QnVVbXFkRGtjdXBQNzlZWVc0eEZGSnNtSGU1aFQ2UdIBrwFBVV95cUxQTjBjNDRCdW9rb1JOeGJFZnZMdEQ3UHdCazk4ZktzaGE5RExueWx3QTdKSE95RHR4QWtkNjhhcURIX2d4dC0tWUNNeEgwSDQwclFCVWdMVUZTUEE1cXFIa0xKOFhXNW9raktCT05pd1hsb2VadE5OV19MY0hFNUZQWUlYRDNPNmxTeTMtRjI0a3FINjZwN0VaMmJrWTFtZnhiMjQ2VkRNQUoxSmQ4Ny1j?oc=5,Red_Sea_Gulf_Aden,google_rss,Red_Sea_Gulf_Aden
Putin is winning the drone war as Russia overwhelms Ukraine’s defenses - Atlantic Council,2025-07-08 07:00:00+00:00,Atlantic Council,news.google.com,https://news.google.com/rss/articles/CBMivgFBVV95cUxPMG95RklQaXJzaEFWUWw1alBuYXltQmR4c1VBUm9QTlpEdnFtZ1NFMXNSU25wRUVrUXVNUVhpVkh3YzN2N2RSaHlKOUhoTTZvX054Y3lMS3BUdzZEQnhvNDkxbWdTZ1hpN0dfVlhLX1RlRjlsVnFINk1wWEVqS2QxYXo2cGJlV1lLRjNNb0pPc0l1cnlyMUE4Zloyb29aZHowYnFEQVNONUV6WlVXaEViRHQtSElrbXRrTnZLWWxB?oc=5,Black_Sea_Ukraine,google_rss,Black_Sea_Ukraine
Red Sea attacks are back. The Houthis are again sinking ships and killing crews. - Business Insider,2025-07-08 07:00:00+00:00,Business Insider,news.google.com,https://news.google.com/rss/articles/CBMikgFBVV95cUxQOENJMlU5WF9USWNoakw0TE1nQWRVLXd6aXFaY2tsdTFZMEs0Y19makphMHFlZk4wZkdLTlI2bGJ1LXNTbnZIbnVmbGZoMEFPTmxBblFESVUwcW16STI2RUFFNDduQktFeVlZSnFjSDNhdWc2blJiMXpVSFBLRTNKT09YY3g4a1d0dzRxZkNWWDV3Zw?oc=5,Red_Sea_Gulf_Aden,google_rss,Red_Sea_Gulf_Aden
Houthis Resume Red Sea Ship Attacks - The Soufan Center,2025-07-08 07:00:00+00:00,The Soufan Center,news.google.com,https://news.google.com/rss/articles/CBMiYEFVX3lxTE5KaF9XQTl5aGdDZUNBQWpIczlZdnY2NGpucHFRd21nQk1TSUtPLVFXcTVUaEZwd21mRTBBZ2p1MjB3dWVhZUh1SG5FNDlsRVpZZ1lBOFF2RGdteXZUQWN3ZQ?oc=5,Red_Sea_Gulf_Aden,google_rss,Red_Sea_Gulf_Aden
"Yemen’s Houthi rebels attack another ship in the Red Sea, killing 3 - Boston Herald",2025-07-08 07:00:00+00:00,Boston Herald,news.google.com,https://news.google.com/rss/articles/CBMie0FVX3lxTFAwTzZRYUZGb2J2SlM0UEQ4cG5XeGVXblZQbG5EaHVlemJmOU9KeHhoRnVzZUEydmNkRHZXMF9IVWdBUFA5Y3JyZ1lvdjk5ZWVXRXNyelI1bzRWak1OMTVqZTRhTEk4X1oyeXd5alNJRzVTeWYwaEg2LURkcw?oc=5,Red_Sea_Gulf_Aden,google_rss,Red_Sea_Gulf_Aden
"Facing conflicting pressures, Iran tolerates Houthi proxies’ Red Sea attacks - The Arab Weekly",2025-07-08 07:00:00+00:00,The Arab Weekly,news.google.com,https://news.google.com/rss/articles/CBMipwFBVV95cUxNWk5zZS1QN3htSk9sMXBEekhaa0lMZ0JEUHQzQUxiNURDYVpBOGVLdVRzbUQ5QXE0NDdGcVc0RzBkTHRtOVNQckxuRmlpUXZwQ3dsaGNacWozTElpRmVscUo5d21TMVdZNU1nSnk0MEJBT2E2Z2loa0p5LUhrNTNpdFRXMFRuUnk2RGdneEljRER5RGFGdkMySllZOUpPS0RqdlNkREpxbw?oc=5,Red_Sea_Gulf_Aden,google_rss,Red_Sea_Gulf_Aden
Israel says it struck Houthi ports and seized cargo ship in Yemen - BBC,2025-07-07 07:00:00+00:00,BBC,news.google.com,https://news.google.com/rss/articles/CBMiWkFVX3lxTE5hWEt3NVA0SFNuU3h6RFdyeEFUdXVCbXJRc29DZzRIakdjeFFDSEhQTkMxd1NpOEZ2OEZKRWdxcl9TdlBPT0JZUHJEZ204WTduVEFSSlhNRk9lZw?oc=5,Red_Sea_Gulf_Aden,google_rss,Red_Sea_Gulf_Aden
Red Sea Ship Attack Threatens New War With Houthis - Newsweek,2025-07-07 07:00:00+00:00,Newsweek,news.google.com,https://news.google.com/rss/articles/CBMiiwFBVV95cUxNTTZ4ZGFkVkM0d3ctRWRNRzFvZ0x4djMzSFVpR2tPZ0FnU0lQWWJCRGFmcDZTeUM1VjdxMGwxdklvXzB3VmMxV3R1RDRscWlWenh2OTNJeElCalRFWFBLT1Fvbm45Z3RHNmM3aFlLemVxakpocWxteUVUWGJ0bmRhaHRQblVBZnhOZkcw?oc=5,Red_Sea_Gulf_Aden,google_rss,Red_Sea_Gulf_Aden
Yemen's Houthi rebels claim attack on bulk carrier that is now sinking in the Red Sea - NBC News,2025-07-07 07:00:00+00:00,NBC News,news.google.com,https://news.google.com/rss/articles/CBMirgFBVV95cUxPRjNUY085N3VrRV81Vm5ZdFNUU05qQTFWU0I0WGFnXzlXNkFEcnozeHNjQ3M1UTZmaUdfYXZwM2F1UFFidkxJZXVmRXV0VS03R3VPZW1iSnE1WUdpdFRrUzJkX19iWnp0Vkx3VkFfUEVrY1lkV0QyaU9Vem40WUNrckRoU1JER0FjWDE0d0N4NFRLV1lMVFJmZ1ZsRE1DRU5fSURKNURZdXBfdHUtUUE?oc=5,Red_Sea_Gulf_Aden,google_rss,Red_Sea_Gulf_Aden
Houthis Attack Ship in Red Sea for First Time Since Trump Announced a Truce - WSJ,2025-07-07 07:00:00+00:00,WSJ,news.google.com,https://news.google.com/rss/articles/CBMivwFBVV95cUxQaUI0NjIzdnZETG5OWGFzMS1JbkVxdnppX2JRVnNnb2xLTWVldWxBTnBsRTc0TV9TSFBBYTJCcGVLNTBCdWFpMFZNRmgxV2c4RkJ6Y05jcWFXM2EzazZ4S1FvaEoweEJuWnRodlZrTm1HazIwT3lQalA2WlhJMzFwVV9zRHV0TGxlazNYT1ZXQ1RTTW8tN25ud0hGQVBfb0hrSXhEQXdGUFhhWU9Da2tSeDk1VTBPai1wT3dYZ2lZQQ?oc=5,Red_Sea_Gulf_Aden,google_rss,Red_Sea_Gulf_Aden
Drones reportedly attack Russia's Black Sea fleet - The Kyiv Independent,2025-07-06 07:00:00+00:00,The Kyiv Independent,news.google.com,https://news.google.com/rss/articles/CBMipwFBVV95cUxPdG1mTnZWRUw5bUJqbkU3ZTF1YTIzOXNXZ0Q0cThzNTRSdjJDWHB2SFJsbTYwZFNPYUtSNklMMjJPbnJtaUJyWnRSV0o4ZTZraUFvU3ExN1E2TFZ3Q196d3FUaE12aWZ4MmpxUlNJelFJUWp1SERFQ1VDaHRYZHVQODdtaFlLemJ3OFZlMmlLOFFUTkM2dmRiTXRqWXlZOEdFTWtxSlJsRQ?oc=5,Black_Sea_Ukraine,google_rss,Black_Sea_Ukraine
"Israeli airstrikes kill 14 Palestinians in Gaza, another 10 killed in attack at food aid site - PBS",2025-07-05 07:00:00+00:00,PBS,news.google.com,https://news.google.com/rss/articles/CBMixgFBVV95cUxQN1o0YkFnSTg5VERjdWxEbm40UmZyNGlnWEJJOWRQajhSYlMtUUwtcU05c2g1ejZ5QmFzbXpYdWdOeWpQZEcxLVBpRm1YREkwRkdZMzJKSjcybGFEMXZiQUN1aXh5Z1FoWXlTOS1TUk9TR09Fd1ZyRlV4TU8tNUpZRW0tY2xvWEtTOWdjNmt6cXJlRS1kMm13NTQ0bFZLemV3b2tXNmlPWHYwWGJxeTF5WlNOLURZdjZ6d2NMejd5M2pNRGQtZ2fSAcsBQVVfeXFMUDNyVE1Yd2RnWXNWa0l5WW1VYXl1TE5NX0pwRG53bTdVcGowQTRkSXRjZFo3cGVTcF9oNTZHd3ZxRkdtRkQtUTQ4TFJjYlVaNk5JLTNxVTBCSmh0OWRMeGJtTmdpTXVGcHpjeWpVT3dIMG9VTC1oZGVfUE01bUlhZjBCRnRONF84aHAxTEt5V1dYTFo5X2piVERCdVRxdlFHZzBpTGNDOVU1aXEwS2NHLU8zR1ZoZnF1SGlHenJ6MEV5Q0lLcGV6emFGNDA?oc=5,Levant_EastMed,google_rss,Levant_EastMed
A Pact Between Al-Shabab and the Houthis Threatens Red Sea Shipping - New Lines Magazine,2025-07-01 07:00:00+00:00,New Lines Magazine,news.google.com,https://news.google.com/rss/articles/CBMipAFBVV95cUxNRml6S24tcVZMVFRKUzJrNkdReHc4UUxLaFRFMTVJUDh5MEJBZ0M1TUxyUG4zWFYxbjBja0FDV3VmX2VPMGl1Q0F4TmRCQnhlejd1RGlDNzZHdk9JQUR4bzBkNGZxOFBXcGR0cTdFUXE0ekM5cUxrcnNwLWJ4d0dQVUw2akdmM0xaRC1JQU45Y2dqUlcyRElPQUc5YUxmNWhuQUt0MA?oc=5,Red_Sea_Gulf_Aden,google_rss,Red_Sea_Gulf_Aden
74 killed in Gaza as Israeli forces strike a cafe and fire on people seeking food - NPR,2025-07-01 07:00:00+00:00,NPR,news.google.com,https://news.google.com/rss/articles/CBMiiAFBVV95cUxNXzY0ZGoyVDJnaU9YVkhxR0EyMnJtMTdlR1pXMTRFa05LRnNYRVQxQW03UXJaNC05VTAwQzNjYTRUSjdSSXhkTG5sRVRBM1lQWGtUdHlJbUdWcXdzaWxpREcycFNsS1htRXZ4YnRJN193em1HQ2c2dlV6VW5GZkJDc3puQVNzWEhN?oc=5,Levant_EastMed,google_rss,Levant_EastMed
Putin’s escalating air offensive is overwhelming Ukraine’s defenses - Atlantic Council,2025-07-01 07:00:00+00:00,Atlantic Council,news.google.com,https://news.google.com/rss/articles/CBMiuAFBVV95cUxOd2t5RXZMNmtjSGZSQ0JwWTNTNTNhdlNSNHE5MVVMSXUxaURWSjNyYjdhcllWT1VMMXB6UDVBTjJlanNOVUQ2cFJCT3ZhWWNiNTlfbzdQRkN3ZVI4Q3c1WXJDYUNqYXNWU2g2ejhoRThfOFpVTk9vUVVkajlhcGVxY0xsSDNnWW52MC1NR1g0Y0xSSFd5cTh3Zzl3dHJoc2FpSG9UUUxVaU9NU1kyYTFwQjFEaUdBWkZF?oc=5,Black_Sea_Ukraine,google_rss,Black_Sea_Ukraine
"Israeli strikes kill at least 72 people in Gaza, including children in tents, relatives say - PBS",2025-06-28 07:00:00+00:00,PBS,news.google.com,https://news.google.com/rss/articles/CBMiwgFBVV95cUxQV1ZTQkQzZGt5Y2RHcXEyWF9sMzlSZVRnbXFWeURQVmtSYU9aanl5RXJLLVJHNTdRUGthclFZVEFuNkdsek80aTQ3RVY1U3lNY3FvN3NUd3pwTDAydDMtMG1UUm80OHRLMlAtS3JYcThSNlBESTNzajdwVkxWaHh5dWJFQW5jdm84TnVmMEJWdnU1MnU2RTdOT0VmbVd6eHFYT1FUd1RmNVYyX1dBRGo2bFdJOEJxakFCOU9Wa0g2c0N2d9IBxwFBVV95cUxQakwzSE1HZTlpS0RLWGotUEpyb3lzS0ltSXFPUjVnNlhJd1FTTzZDOWppaDZrLUlyRnNROU1FTERNNHNJc0Jtaks5Y2lmcFk5UVhpaUhPLXdraExTd3JXdDFqbVVRY3l1TUZlc0VSUEp2c21jX0JYX0Y3X0syT0RUbnJNQVh4RGVxZXhzYjlGSUdON3ZDbFh2ZEZHeENWTFNFSmszV2NwZnVLRHh6SGluYU1keW5ubXMzSU5wemdTemRBNVZvWmJj?oc=5,Levant_EastMed,google_rss,Levant_EastMed
"Drone Revolution, or Prudent Military Action? It’s Important Not to Overstate the Effects of New Technology - Center for Maritime Strategy",2025-06-26 07:00:00+00:00,Center for Maritime Strategy,news.google.com,https://news.google.com/rss/articles/CBMi7AFBVV95cUxQU0VGQ0ZJNXAyTUZEZ0Y5aU5pM3llTHlyaUQ2ZVVxblFGRlozOWFKMXFmUWE3RXZUU1A5YlJvRVZBYi1sT1RsWXdzbWQtRUk3bXBwcXBfTzJsSHNvLXNZZENFVkJFWkRmTVhjOHloeGlIckRXaEprZjN3SmNuUlFZMENzMjdXQjdQUXBtdTk4QlFBOHdlbEQ3Qll2LTlzR3gydmdkVXlyS21iMnp1OHNQYkI2SkpZMGo2VWhTd0Q2NkY4dGljWExmYlpMbXp4REtqOTJEOXoycVdoNmljYUFSUVMwRVZiNEZNaUJqYQ?oc=5,Black_Sea_Ukraine,google_rss,Black_Sea_Ukraine
What Happens If Iran Closes the Strait of Hormuz? - Modern Diplomacy,2025-06-24 07:00:00+00:00,Modern Diplomacy,news.google.com,https://news.google.com/rss/articles/CBMikAFBVV95cUxNVzNKNnBJcXh6cTZvdTNrZG9TTTUxQ253Y184cmtYNjFZWkVoa3pJX2hJaG9tQ0lSNURrbk9OU3A3Q2N4c2hnQW4zVldQWlRoa1ltMDlGbkEzbG9HeUlsX0lTY0x3U0ZxTXNrSFBmOFhHbmhQUG5XWnFhLXB6LVhRaXhvYk5JNkdCYkNKSXVuNHk?oc=5,Persian_Gulf,google_rss,Persian_Gulf
"Strait of Hormuz Tensions: Law, Security & Global Trade - Diplomacy and Law",2025-06-24 07:00:00+00:00,Diplomacy and Law,news.google.com,https://news.google.com/rss/articles/CBMikgFBVV95cUxNbXhxTEFGV29oX3FjVUs2cHBYZWNlY1Q2djJJOWV1T3NxMURaMzloYjhYNF9lYjBraUlHTFp3anlsdzdPdkREYTYweXFDc096OXlhdC1MZm9wbWliUlVfVHotTU5NN2d5TWxsc0VJX3pfdnJubllqUTMxbEd0bXY5RllCUk1OQVdjN0ZJOWFSdnFkZw?oc=5,Persian_Gulf,google_rss,Persian_Gulf
What we know about US strikes on three Iranian nuclear sites - BBC,2025-06-23 07:00:00+00:00,BBC,news.google.com,https://news.google.com/rss/articles/CBMiWkFVX3lxTE1PUWJYVVo2NjlhVklhRE12dVRrbnRmaVQ2bkNoczVfN2luS2U1THhNLWQzVnhVeWlsaUVobVBKZXFfdVBSbTVxN2VRdW5iMmxpbFdla3ktN1puQQ?oc=5,Levant_EastMed,google_rss,Levant_EastMed
"The Bigger Picture in the Iran-Israel Conflict: Russia, Missiles, Militias, and More - The Washington Institute",2025-06-23 07:00:00+00:00,The Washington Institute,news.google.com,https://news.google.com/rss/articles/CBMivgFBVV95cUxPdFRzZnM0MWt5SlRRN2J3b3pmMkJaeU5VS0s2eGlQV1oxRWFTdFVtMEZuZjhDS3JQMjhBWkFxd2tvUVI1ekg4ZUdSVVhJN3M5UW5vRndYc3ZHUDNySHd0cjJGenBJUy1nQ3M3WnVUV3RoVVA4SzZveTB5WTBLWV9xVk5fSDcwbXdqTHNaRS1hVkY1cjBuLWNpcWcyRGMyUWd0bW9NdkZvdlhzNUpqTE9LbEZyc3JLWVF6SG1VS1V3?oc=5,Black_Sea_Ukraine,google_rss,Black_Sea_Ukraine
"Iran retaliates for U.S. air strikes, launches missile attack on American military base in Qatar - PBS",2025-06-23 07:00:00+00:00,PBS,news.google.com,https://news.google.com/rss/articles/CBMi2gFBVV95cUxNaEVBRWZ6UU1iZjhaT0hQUEpER2RtUzZPTUw3S0gybkIta3FrUHNtZUZ5UV9BOFl2TF9pX3dPWmE4UWZNNkFqR09QQnpBVExaSlBPZWVnU0hXcHB2Q1hoclhfOXQ2R1E1bTlnYXNWT2dxTDdtcDhtY0M1MF9HWTNUNllrdE85TnBuaHQxVkh0dDRuQjE2bHdQMUswV0laTE5YTWJESWZKNGE0cDZzTDZ3c01IbWhuQ3dabFZmNkc3bnV0TmRCX0cyak9QT2tZX0RJbzZaODhyejBjZ9IB3wFBVV95cUxPb2N2WEZXLW5xNDF2ZUdlMjRwUHZXUEdaczdCcEdaZ2xRTzNVYlliT3p1Qmd0OHc0b3gzMkxRaHpVX0ZldWlNRGZHaHNDRmNaZEVKWVQxU3pLeV9OeGdSTl80VHdtNGJNYjR3NVNJNWxLaFQ0UDZETmFITHoxVlRCcmpCd3JMYnpvaFdOVllKMzBlWVJtRi1DYWw5cGdLR2haN3VnOUNWanp0SHJabTc0M1ZxRWdFYWYwbDVZMmEwcWYwSklHa3owM1ptRGJZV3BxMWJ6Nm5kLXFDVjM5NFJ3?oc=5,Levant_EastMed,google_rss,Levant_EastMed
U.S. Forces in the Middle East: Mapping the Military Presence - Council on Foreign Relations,2025-06-23 07:00:00+00:00,Council on Foreign Relations,news.google.com,https://news.google.com/rss/articles/CBMiggFBVV95cUxOb2hONmVaaW0zdE5VM0hGSWg1Y3A5TDhKR19uZTZHUW5OLVJZTEFoNTZCT0hRaGUxMENQb0MwZGw2NGlSZld1Z2EzbWg3NWpJakhZcXg2WWNtcWo0THpWRWRpYWVSMlI1TUFyaEI0UU93dC1EdUlCQ0VsQWgxcjltYVhB?oc=5,Red_Sea_Gulf_Aden,google_rss,Red_Sea_Gulf_Aden
Houthis repeat threats against US over strikes against Iran - Long War Journal,2025-06-22 07:00:00+00:00,Long War Journal,news.google.com,https://news.google.com/rss/articles/CBMisAFBVV95cUxNV252dGFsMlFySTVEbHZMdXhITTVlNWZxdC1kVUgtQ1RfcTFXR28xTWVUeF84Zng5RFNBal92VDRkaUl4TGFqUFpqS20wS1phNUN4c1p0Q1NZNmRDZlhvUWZTRHdVcl90dWtkNlFxWlE2bXN4WmRqcnAwNzZYbTcwSEhtNENPdW5BaGFpR2pVWFhEYU9BSF9sbXBQRXlRdzNPamVTeXZWY1VWVTJxaFdCTA?oc=5,Red_Sea_Gulf_Aden,google_rss,Red_Sea_Gulf_Aden
Yemen’s Houthis mull how they can help ally Iran against Israel - Al Jazeera,2025-06-20 07:00:00+00:00,Al Jazeera,news.google.com,https://news.google.com/rss/articles/CBMijwFBVV95cUxPWVJLcFVfZFB2ZHNSWE9pdWlNRUdXNTkwQ1FBSS1wSlRiNVk5QTZIbGFVWVdJRHFvYnY5WmQyYkpFa2RGNTE5b00wVVVDZG9SeUpBWUtpMXAxekxSNU80bTg0TTNza1c3cVVscHdFMnFqMnFZRjJWTGQtbzdKVUhuSlRWSXBRSHVqZXBTVzRiONIBlAFBVV95cUxPV3A0ODdfTG45Vkk5cUVWR21NaV84bndJVmgtMnpuQmFKRk1tYWNtSkd0aC11d0psLTNxOGV1NkVxR2hhQ3pJQ3RJVF9CMzdYdGhXeFk2RHBvb3V1QXNBZnFnQ2p0enBWelNzZGREa3pXSmlpWGtVd09JTU4xXzdJNlFRdGt2ek5DOUdCMU5qOVAtVGN2?oc=5,Red_Sea_Gulf_Aden,google_rss,Red_Sea_Gulf_Aden
Oil Tanker Collision Near Strait of Hormuz Raises Security Fears - The New York Times,2025-06-19 07:00:00+00:00,The New York Times,news.google.com,https://news.google.com/rss/articles/CBMijAFBVV95cUxNR1pHQUdWc2VxOEx3TWJhRUpIdUVXX2FiZThGNGN6eDVrMk83dml2RHBwVXJIN3g5MkhpY0dQSGZBelFDOTRYTGEyOHFYUUFrSFR4bVF5V1B2OEhNczdDNmVnbTBXQm51QnpJSjhJbWotVlZUb0laZ0lJZDRhaXMwVHR2V18yNThHc2E2eg?oc=5,Persian_Gulf,google_rss,Persian_Gulf
Israel bombs Iran state TV during live broadcast - BBC,2025-06-16 07:00:00+00:00,BBC,news.google.com,https://news.google.com/rss/articles/CBMiWkFVX3lxTFBCeGJlbDRtYm0xWklJTzY4Q0EzRmE1cnBDVUZOOHBnTHlIOFdIb2ZPY2pRb1JUVzI0NW83RUxGcUpUYTY2YUxXRlBhSjVCX3ZPcmtHX25yUDJRdw?oc=5,Levant_EastMed,google_rss,Levant_EastMed
Israel strikes Iranian state TV during live broadcast on the fourth day of conflict - NPR,2025-06-16 07:00:00+00:00,NPR,news.google.com,https://news.google.com/rss/articles/CBMic0FVX3lxTE1JeVF2dThxUHlWSlowaExGM1d3SmEwNlJpbkd5ZDI5SFQ0M3VEcU9NYVlaVWhaUm9Xd0xlTUhEVlA2NktwRElZc29wNFBzSjFWZE5JS0ZMZVhENjdqbFBoUjduU20zQ1dMdHFCNWtFYXV3alk?oc=5,Levant_EastMed,google_rss,Levant_EastMed
محلل فلسطينى لـ  الدستور : إسرائيل لا تسعى لتحرير الأسرى وتستهدف تهجير سكان غزة,2025-06-14 10:45:00+00:00,Egypt,dostor.org,https://www.dostor.org/5105278,Levant_EastMed,gdelt,Levant_EastMed
הפרשן הערבי מהלל את ישראל ונתניהו : יש מזרח תיכון חדש,2025-06-14 10:15:00+00:00,Israel,maariv.co.il,https://www.maariv.co.il/news/world/article-1205345,Levant_EastMed,gdelt,Levant_EastMed
"What is the Strait of Hormuz, could it factor into Israel-Iran conflict? - Al Jazeera",2025-06-14 07:00:00+00:00,Al Jazeera,news.google.com,https://news.google.com/rss/articles/CBMisAFBVV95cUxPT2k5UHg4em5DZjUxUXhGbVh4ZHJwbHJ3OG1qMGkxTWlBVXVWTmlHUVhPNTE4eW43a2VHSmJyQU5JWk5sRDdsY3U0cEJnREw1ck80bTMxc016ejBMLTc2WXlkdVFTd3V4Y09ReDhaaVRncnNCb0RJZGdkcFNuSnE5Yzd5WW92Wm53Nnd2bkdXTDBSdTJoOEtvUnoxVWc1eno1blVGSUVUeGxZRE5tQjdwcNIBtgFBVV95cUxON2ItZjNGTmEtczM1R0JWcGNDejNQN05IRE1ZSGpfT3ZTeE1mbFAwZ2hIbWlUOHUzZi11WmkyUUZyUWUzTTdDME5wbUx5QzdVNy1PQ1Q0RTdTVC1DZ0ZqbTRmZlNLQkZqYkxXbmMwN2xaYk96UXNBZXBsUDRRWUoxdjZwNHlRY0s1RzNQcVBNb3RlT1RoTGVfRTRLdEtFeE5SYmNwczFYN0Y4ZzFKTl9GM0lYVVZhQQ?oc=5,Red_Sea_Gulf_Aden,google_rss,Red_Sea_Gulf_Aden
Shipping fears over the Strait of Hormuz closure - Seatrade Maritime News,2025-06-14 07:00:00+00:00,Seatrade Maritime News,news.google.com,https://news.google.com/rss/articles/CBMiogFBVV95cUxOVGNGSml2cktEa3lWY0xubGZ1cjdHMEtwT1pJaGpZUVdLSVhKNmtOaXdZNmItMFo0QmVkcWlWeXhRZHR6ZGVtWmdQbXRydXRqd3BIVzNhVGlHYlVHdzdwZFUwd29UeE5BaFRqODA0dmZwN3dBa2pOT0VTT0MxNHVMc3luQ3U2enZfSnNKdVlhYklSZVVLNnN6Mm1mZ2ZEX0JXLXc?oc=5,Persian_Gulf,google_rss,Persian_Gulf
Feature Commentary: An Assessment of Operation Rough Rider - Combating Terrorism Center at West Point,2025-06-14 07:00:00+00:00,Combating Terrorism Center at West Point,news.google.com,https://news.google.com/rss/articles/CBMijAFBVV95cUxQUGJEZjFfdUlWRDRyTVRDQnJfY2VlSVd6T2lNOE1oS2ZZcHYyN0k1WEg0T09sc0M0eUJWM1UzejB4NUVxdjBhWDFFREFONXAwWk45YzdieDF0NlhVYzlKbEJQTFQ0cmRpRlVKZXlQREljblItSzExY1hsbWFEa2pHSWh3MTk5SkcyTnk5cw?oc=5,Red_Sea_Gulf_Aden,google_rss,Red_Sea_Gulf_Aden
"Donald Trump nadal zapewnia , że negocjacje mogą przynieść efekt .  Myślę , że osiągniemy to  - Super Express",2025-06-13 19:15:00+00:00,Poland,se.pl,https://www.se.pl/wiadomosci/swiat/spytali-trumpa-o-koniec-wojny-na-ukrainie-odpowiedzial-krotko-aa-TeLE-DPed-WSvv.html,Black_Sea_Ukraine,gdelt,Black_Sea_Ukraine
The Illegal Attack on Iran,2025-06-13 16:30:00+00:00,United States,counterpunch.org,https://www.counterpunch.org/2025/06/13/the-illegal-attack-on-iran/,Levant_EastMed,gdelt,Levant_EastMed
"Atac masiv cu drone , sunt morţi şi răniţi . NATO va consolida apărarea antirachetă",2025-06-13 16:00:00+00:00,Romania,romaniatv.net,https://www.romaniatv.net/atac-masiv-cu-drone-sunt-morti-si-raniti-nato-va-consolida-apararea-antiracheta_8979013.html,Black_Sea_Ukraine,gdelt,Black_Sea_Ukraine
Timeline of tensions and hostilities between Israel and Iran,2025-06-13 14:45:00+00:00,United Kingdom,belfasttelegraph.co.uk,https://www.belfasttelegraph.co.uk/news/world-news/timeline-of-tensions-and-hostilities-between-israel-and-iran/a1325279732.html,Levant_EastMed,gdelt,Levant_EastMed
"İsrailin İrana Saldırısı … Namık Tan :  İran , ABD Üslerine Saldırırsa ve ABD Fiilen İsrailin Yanında Yer Alırsa Bu İşten En Fazla İran Zarar Görür  ",2025-06-13 11:45:00+00:00,Turkey,haberler.com,https://www.haberler.com/guncel/israil-in-iran-a-saldirisi-namik-tan-iran-abd-18740785-haberi/,Levant_EastMed,gdelt,Levant_EastMed
"Global freight ships set defensive plans for Israel-Iran conflict, Strait of Hormuz risks - CNBC",2025-06-13 07:00:00+00:00,CNBC,news.google.com,https://news.google.com/rss/articles/CBMipgFBVV95cUxQc1hKbkt6enM3QVJIRW5qZi1CX3JTYnZlbk91SFp5ZG9FbmFWV1BYOEh2RXkzdEJKNkxIb2YzZDY3LUNqSDB2MjRKajItcFBJZF85OUc3djRzT3RrODA3UlUzQnMycFdPRVpEcHphdVAxa3JmRjBwUUFNVC0xQUVIR2RJOGwxTTdUZnpubExtWFo3d3hfQmt2QU9kSnJoTGpJdnUzcHR30gGrAUFVX3lxTFBhRzZ3UEw5Y3RDNERTeENMb3YyeVI5b3lXRzhsVlloZmNDZ2lGUGhOcHdkc1lnTUVrVDZxQ0lNMVlGd1kyakhfVi1oT2EzdW1WQktNRDFaWDh5dFBDOWZZWE56eG5lZUlvNkFzdVFoV0lWd1RRaEFST2ltcWJ3T2xnRjNTRjVsSm9SdVJIdXRZc251ZldZOXVOVXh4MVlfdm1VMFZTeWRxajBJMA?oc=5,Persian_Gulf,google_rss,Persian_Gulf
Ukraine is shaping the future of drone warfare at sea as well as on land - Atlantic Council,2025-06-12 07:00:00+00:00,Atlantic Council,news.google.com,https://news.google.com/rss/articles/CBMiwgFBVV95cUxPRWFPX2JnVEFXYjlQcTgyNDJHWElWOHJjemxwa2IySTBsVTE3NDFJV0RLNVpYXzMtMHQ4bmw5WWY1eEdpSFo3b0tPVUZUeEwzZzZVZWx1a3dvWXV5WDgxM0RqMW12YWFaclM4VlF2Uy1DYVktZ1FrZzRmVWNHNVN3R05ELXBkdllYZzBRSEpDWWV3MEoxRTB6YVZQMVdMX3RNRzJYWUhJdktJZ2xrTFItWThwejQtbDJMSnZ4czBxMnhRZw?oc=5,Black_Sea_Ukraine,google_rss,Black_Sea_Ukraine
"Malí zelení mužíčci znovu v akci . Rusko otestuje NATO v Estonsku , varuje šéf německé rozvědky",2025-06-11 05:15:00+00:00,Czech Republic,novinky.cz,https://www.novinky.cz/clanek/zahranicni-evropa-mali-zeleni-muzicci-znovu-v-akci-rusko-otestuje-nato-v-estonsku-varuje-sef-nemecke-rozvedky-40525068,Black_Sea_Ukraine,gdelt,Black_Sea_Ukraine
Ostatnia ofensywa Putina . To będzie gorące lato na Ukrainie,2025-06-11 02:15:00+00:00,Poland,niezalezna.pl,https://niezalezna.pl/swiat/ostatnia-ofensywa-putina-to-bedzie-gorace-lato-na-ukrainie/545445,Black_Sea_Ukraine,gdelt,Black_Sea_Ukraine
Russian Cruise Missile Strikes Ukrainian - Controlled Black Sea Drilling Platform,2025-06-10 22:30:00+00:00,United States,yahoo.com,https://www.yahoo.com/news/russian-cruise-missile-strikes-ukrainian-211007576.html,Black_Sea_Ukraine,gdelt,Black_Sea_Ukraine
俄罗斯全面报复之战一触即发 ， 乌克兰或将面临持续高强度轰炸 _ 军事频道 _ 中华网,2025-06-10 14:45:00+00:00,China,military.china.com,https://military.china.com/news/13004177/20250610/48449475.html,Black_Sea_Ukraine,gdelt,Black_Sea_Ukraine
普京打算如何报复乌克兰 誓言强力回应袭击 _ 军事频道 _ 中华网,2025-06-10 10:15:00+00:00,China,military.china.com,https://military.china.com/news/13004177/20250610/48448776.html,Black_Sea_Ukraine,gdelt,Black_Sea_Ukraine
俄乌互攻行动是否陷入恶性循环 局势升级引关注 _ 新闻频道 _ 中华网,2025-06-10 08:15:00+00:00,China,news.china.com,https://news.china.com/socialgd/10000169/20250610/48448519.html,Black_Sea_Ukraine,gdelt,Black_Sea_Ukraine
Ukrainian innovations are redefining the role of drones in modern war - Atlantic Council,2025-06-10 07:00:00+00:00,Atlantic Council,news.google.com,https://news.google.com/rss/articles/CBMivgFBVV95cUxQekRvMDF2dy1QbmFxdG5RM0V4bjZoNG1zSjloMHV1RDl6aURTMndFaVNfckJ1cFN4emljam5TMW5QWFJ0YVViamdXRDh1b2E0S0U4WXJUSHhNQmZsTElqN1lUT1FuaEN4QTBraS11dDV4RU1oX1JXS3N4TjVWTV9uY2s2SVNESFlYOE16NnpHU2c2SWN3RnVwUFZVTC12b0p4YkV1OThaOGR0dG1XazNmcDVfM3g0SnVlNmZPUExB?oc=5,Black_Sea_Ukraine,google_rss,Black_Sea_Ukraine
"Crimea was once a crossroads of civilisations , now it stuck in a wartime cul - de - sac – The Irish Times",2025-06-09 21:45:00+00:00,Ireland,irishtimes.com,https://www.irishtimes.com/world/europe/2025/06/09/crimea-was-once-a-crossroads-of-civilisations-now-its-stuck-in-a-wartime-cul-de-sac/,Black_Sea_Ukraine,gdelt,Black_Sea_Ukraine
Record Russian drone assault strikes Ukraine as peace negotiations stall,2025-06-09 18:00:00+00:00,United States,wtkr.com,https://www.wtkr.com/investigations/russia-ukraine-war-on-the-ground/record-russian-drone-assault-strikes-ukraine-as-peace-negotiations-stall,Black_Sea_Ukraine,gdelt,Black_Sea_Ukraine
Record Russian drone assault strikes Ukraine as peace negotiations stall,2025-06-09 16:15:00+00:00,United States,kshb.com,https://www.kshb.com/investigations/russia-ukraine-war-on-the-ground/record-russian-drone-assault-strikes-ukraine-as-peace-negotiations-stall,Black_Sea_Ukraine,gdelt,Black_Sea_Ukraine
"Rusija pred ključnom ljetnom ofenzivom , na vidiku nema kraja rata",2025-06-09 16:15:00+00:00,Croatia,telegram.hr,https://www.telegram.hr/politika-kriminal/pregovori-su-farsa-dva-najnovija-poteza-kijeva-i-moskve-uvod-su-u-jos-brutalniju-fazu-rata/,Black_Sea_Ukraine,gdelt,Black_Sea_Ukraine
"Лавров : Запад од Србије  откинуо Косово , то је исто што и узимање са менија - ЈМУ Радио - телевизија Војводине",2025-06-09 15:00:00+00:00,Serbia,rtv.rs,https://www.rtv.rs/sr_ci/politika/lavrov-zapad-od-srbije-otkinuo-kosovo-to-je-isto-sto-i-uzimanje-sa-menija_1634464.html,Black_Sea_Ukraine,gdelt,Black_Sea_Ukraine
俄导弹击穿地下基地 ， 暴击训练中心 ， 对乌高官动真格吓退北约援军 俄军报复全面升级 _ 军事频道 _ 中华网,2025-06-09 06:15:00+00:00,China,military.china.com,https://military.china.com/news/13004177/20250609/48442356.html,Black_Sea_Ukraine,gdelt,Black_Sea_Ukraine
乌军无人机突袭俄轰炸机基地 ， 美军为何紧张 ？ ,2025-06-09 01:45:00+00:00,China,news.ifeng.com,https://news.ifeng.com/c/8k0rrH1h8iD,Black_Sea_Ukraine,gdelt,Black_Sea_Ukraine
Rusové údajně poprvé pronikli do centrální části Ukrajiny,2025-06-08 16:30:00+00:00,Czech Republic,eurozpravy.cz,https://eurozpravy.cz/zahranicni/rusove-udajne-poprve-pronikli-do-centralni-casti-ukrajiny.8zcnlkgv,Black_Sea_Ukraine,gdelt,Black_Sea_Ukraine
Атака по Україні 8 червня 2025 року Укрaїнa,2025-06-08 09:00:00+00:00,Ukraine,tsn.ua,https://tsn.ua/ukrayina/nichna-ataka-po-ukrayini-iaki-rehiony-pryynialy-vorozyy-udar-2844971.html,Black_Sea_Ukraine,gdelt,Black_Sea_Ukraine
"Обстріл України 8 червня - РФ випустила 49 дронів і три ракети , є влучання",2025-06-08 08:00:00+00:00,Ukraine,rbc.ua,https://www.rbc.ua/rus/news/rosiyani-vnochi-atakuvali-ukrayinu-raketami-1749363846.html,Black_Sea_Ukraine,gdelt,Black_Sea_Ukraine
Drone Strike Ignites Russian Chemical Plant Supplying Explosives for Army Artillery Shells - UNITED24 Media,2025-06-08 07:00:00+00:00,UNITED24 Media,news.google.com,https://news.google.com/rss/articles/CBMizgFBVV95cUxOVWxENGpmYkJfakplc2U4QlBMUXg0QWpCbVJQZkNhUS1nWmU0Z0hLWlowTGY3TGRiZHZQQ0JBOG5WQW50RlRjN2RNOHZMeTM1QWlKMTBkeEhsem81RXRGV05tbzF0c2NtckYtNmY4QjlTRkVmX0ZCVURVV0tXOVVzNlJtUkZUWWQxblJpeF84ejRNVmdQWnFpSE5fcUdldkt3WU1Jd0x1NG9SejdTTkZLTl9qZElhM05leTV1T1NGWVBVVXp1bzg3dWs2QjlTQQ?oc=5,Black_Sea_Ukraine,google_rss,Black_Sea_Ukraine
俄乌冲突进入关键阶段 战争新模式显现 _ 军事频道 _ 中华网,2025-06-08 04:00:00+00:00,China,military.china.com,https://military.china.com/news/13004177/20250608/48437282.html,Black_Sea_Ukraine,gdelt,Black_Sea_Ukraine
"Perché Kharkiv è sotto attacco ? Non solo riserve di gas e importanza strategica , Putin vuole vendicare il 2022",2025-06-07 17:15:00+00:00,Italy,ilmessaggero.it,https://www.ilmessaggero.it/mondo/kharkiv_guerra_attacco_russia_perche_e_importante_citta_strategica-8884558.html,Black_Sea_Ukraine,gdelt,Black_Sea_Ukraine
"Perché Kharkiv è sotto attacco ? Non solo riserve di gas e importanza strategica , Putin vuole vendicare il 2022",2025-06-07 17:15:00+00:00,Italy,ilmessaggero.it,https://www.ilmessaggero.it:443/mondo/kharkiv_guerra_attacco_russia_perche_e_importante_citta_strategica-8884558.html,Black_Sea_Ukraine,gdelt,Black_Sea_Ukraine
"Rusya , Ukraynanın ikinci büyük kentine şimdiye kadarki en büyük İHA saldırısını düzenledi",2025-06-07 13:30:00+00:00,Cyprus,detaykibris.com,http://www.detaykibris.com/rusya-ukraynanin-ikinci-buyuk-kentine-simdiye-kadarki-en-buyuk-iha-saldirisini-duzen-350397h.htm,Black_Sea_Ukraine,gdelt,Black_Sea_Ukraine
"为报复乌军  蛛网  行动 , 俄罗斯对乌发起  最猛烈  空袭",2025-06-07 11:45:00+00:00,China,wenxuecity.com,https://www.wenxuecity.com/news/2025/06/07/126196217.html,Black_Sea_Ukraine,gdelt,Black_Sea_Ukraine
Обстріл України 7 червня - РФ випустила 206 дронів та 9 ракет,2025-06-07 09:15:00+00:00,Ukraine,rbc.ua,https://www.rbc.ua/rus/news/rosiyani-nich-vipustili-ukrayini-dvi-sotni-1749277459.html,Black_Sea_Ukraine,gdelt,Black_Sea_Ukraine
"Rusya , Ukraynanın ikinci büyük kentine şimdiye kadarki en büyük İHA saldırısını düzenledi",2025-06-07 09:15:00+00:00,Turkey,t24.com.tr,"https://t24.com.tr/haber/rusya-ukrayna-nin-ikinci-buyuk-kentine-simdiye-kadarki-en-buyuk-iha-saldirisini-duzenledi,1243531",Black_Sea_Ukraine,gdelt,Black_Sea_Ukraine
俄罗斯为何不轰炸乌克兰决策中心 避免不确定性增加 _ 军事频道 _ 中华网,2025-06-07 08:15:00+00:00,China,military.china.com,https://military.china.com/news/13004177/20250607/48435830.html,Black_Sea_Ukraine,gdelt,Black_Sea_Ukraine
РФ атакувала Україну більш як 200 дронами та дев  ятьма ракетами – Повітряні сили,2025-06-07 07:15:00+00:00,Ukraine,radiosvoboda.org,https://www.radiosvoboda.org/a/news-drony-rakety-povitrjani-syly/33436496.html,Black_Sea_Ukraine,gdelt,Black_Sea_Ukraine
Росія атакувала дронами з усіх боків : ЗСУ знищили 174 цілі,2025-06-07 07:15:00+00:00,Ukraine,gazeta.ua,https://gazeta.ua/articles/np/_rosiya-atakuvala-dronami-z-usih-bokiv-zsu-znischili-174-cili/1220319,Black_Sea_Ukraine,gdelt,Black_Sea_Ukraine
The many ways that Ukraine carries out drone attacks never seen before - NPR,2025-06-07 07:00:00+00:00,NPR,news.google.com,https://news.google.com/rss/articles/CBMiqgFBVV95cUxPRnBRUlRWRWV0eTRBSklJd05vSWprbk51WTFSRTdqMUpCN04zQl9iSWpldUhPVENKeHhyRUFGQncxMEhoVFBxZUhVWW9BMTJZcnh5X1BrWFNhZ3FxV0ZaZnA5Q3p2NzJIN2lJV3JMZlZSdEVQUlhXNTF3Y1FZUDRZWlJPRlR2SkZFSGVRYUE1UlltVWtoaWlrbW5LN3hsLVl4REdESHNlU0ZBUQ?oc=5,Black_Sea_Ukraine,google_rss,Black_Sea_Ukraine
俄报复乌克兰  蛛网  行动 ： 大规模出动无人机和导弹 ， 攻击全境  致死伤,2025-06-07 06:15:00+00:00,China,yangtse.com,https://www.yangtse.com/news/txs/202506/t20250607_218046.html,Black_Sea_Ukraine,gdelt,Black_Sea_Ukraine
استمرار التصعيد بين موسكو وكييف ... وروسيا تعلن قتل شخص كان يستعد لشنّ هجوم بمسيّرات,2025-06-07 00:15:00+00:00,United States,arabic.euronews.com,https://arabic.euronews.com/2025/06/06/escalation-continues-between-moscow-and-kyiv-russia-announces-killing-of-suspect-prepar,Black_Sea_Ukraine,gdelt,Black_Sea_Ukraine
Lebanon accuses Israel of  flagrant  ceasefire violation,2025-06-06 11:45:00+00:00,Ireland,rte.ie,https://www.rte.ie/news/world/2025/0606/1517033-lebanon-beirut/,Levant_EastMed,gdelt,Levant_EastMed
"У Повітряних Силах розповіли , як сьогодні відпрацювала ППО",2025-06-06 11:00:00+00:00,Ukraine,uainfo.org,https://uainfo.org/blognews/1749197138-u-povitryanih-silah-rozpovili-yak-sogodni-vidpratsyuvala.html,Black_Sea_Ukraine,gdelt,Black_Sea_Ukraine
Цієї ночі ППО знешкодила над Україною 406 повітряних цілей | Новини Харкова та України,2025-06-06 10:15:00+00:00,Ukraine,atn.ua,https://atn.ua/ukraine/tsiiei-nochi-ppo-zneshkodyla-nad-ukrainoiu-406-povitrianykh-tsilej-476823/,Black_Sea_Ukraine,gdelt,Black_Sea_Ukraine
Війна в Україні : ППО знешкодила вночі 406 цілей - новини LB . ua,2025-06-06 09:30:00+00:00,Ukraine,lb.ua,https://lb.ua/society/2025/06/06/680359_unochi_ppo_zneshkodila_406_rosiyskih.html,Black_Sea_Ukraine,gdelt,Black_Sea_Ukraine
Zelensky : Η Ρωσία στόχευσε όλη την Ουκρανία με 407 drones και 45 πυραύλους,2025-06-06 09:15:00+00:00,Greece,bankingnews.gr,https://www.bankingnews.gr/diethni/articles/807102/zelensky-i-rosia-stoxefse-oli-tin-oukrania-me-pano-apo-400-drones-kai-40-pyraylous,Black_Sea_Ukraine,gdelt,Black_Sea_Ukraine
"İsrailden Lübnana saldırı tehdidi , İrandan Beyrut saldırısına kınama - Son Dakika Dünya Haberleri",2025-06-06 09:00:00+00:00,Turkey,ntv.com.tr,"https://www.ntv.com.tr/dunya/israilden-lubnana-saldiri-tehdidi-irandan-beyrut-saldirisina-kinama,F2FnrDI1GESJhjoDTngHZA",Levant_EastMed,gdelt,Levant_EastMed
İsrail ateşkese rağmen Lübnan  ı vurmaya devam ediyor,2025-06-06 07:30:00+00:00,Turkey,radikal.com.tr,https://www.radikal.com.tr/dunya/israil-ateskese-ragmen-lubnani-vurmaya-devam-ediyor-12188/,Levant_EastMed,gdelt,Levant_EastMed
"Guerre en Ukraine :  Une frappe majeure … Vexés par lopération Spider Web et lexplosion du pont de Crimée , Poutine et la Russie se vengent avec  une attaque à grande échelle  ",2025-06-06 06:30:00+00:00,France,lindependant.fr,https://www.lindependant.fr/2025/06/06/guerre-en-ukraine-une-frappe-majeure-vexes-par-loperation-spider-web-et-lexplosion-du-pont-de-crimee-poutine-et-la-russie-se-vengent-avec-une-attaque-12744545.php,Black_Sea_Ukraine,gdelt,Black_Sea_Ukraine
"İsrail , Lübnana hava saldırısı düzenledi",2025-06-06 00:45:00+00:00,Turkey,birgun.net,https://www.birgun.net/haber/israil-lubnana-hava-saldirisi-duzenledi-628680,Levant_EastMed,gdelt,Levant_EastMed
İsrailin Lübnana Hava Saldırıları ve G Hareketliliği,2025-06-05 23:45:00+00:00,Turkey,haberler.com,https://www.haberler.com/guncel/israil-in-lubnan-a-hava-saldirilari-ve-goc-hareketliligi-18716680-haberi/,Levant_EastMed,gdelt,Levant_EastMed
Вибухи в Криму - росіяни заявляють про масштабну атаку,2025-06-05 23:30:00+00:00,Ukraine,rbc.ua,https://www.rbc.ua/rus/news/krimu-lunayut-vibuhi-okupanti-skarzhatsya-1749162169.html,Black_Sea_Ukraine,gdelt,Black_Sea_Ukraine
"İsrail , Lübnana hava saldırısı düzenledi",2025-06-05 21:30:00+00:00,Turkey,birgun.net,https://www.birgun.net/haber/israil-lubnana-hava-saldirisi-duzenledi-628680%20target=_blank%20class=stretched-link,Levant_EastMed,gdelt,Levant_EastMed
İsrailden Lübnana Hava Saldırısı,2025-06-05 21:00:00+00:00,Turkey,haberler.com,https://www.haberler.com/guncel/israil-den-lubnan-a-hava-saldirisi-18716506-haberi/,Levant_EastMed,gdelt,Levant_EastMed
"10 Negara yang Pernah Diinvasi oleh Rusia , Ukraina Bukan yang Pertama",2025-06-05 12:45:00+00:00,Indonesia,tribunnews.com,https://www.tribunnews.com/internasional/2025/06/05/10-negara-yang-pernah-diinvasi-oleh-rusia-ukraina-bukan-yang-pertama,Black_Sea_Ukraine,gdelt,Black_Sea_Ukraine
"Guerre en Ukraine :  Nouvelle opération majeure  réalisée par les services secrets ukrainiens … 3 lance - missiles Iskander éliminés , ils sapprêtaient  à frapper Kyiv  ",2025-06-05 10:45:00+00:00,France,lindependant.fr,https://www.lindependant.fr/2025/06/05/guerre-en-ukraine-nouvelle-operation-majeure-realisee-par-les-services-secrets-ukrainiens-3-lance-missiles-iskander-elimines-ils-sappretaient-a-12742309.php,Black_Sea_Ukraine,gdelt,Black_Sea_Ukraine
Ukraine’s cheap robot drones extract a heavy price from Russia - Lowy Institute,2025-06-05 07:00:00+00:00,Lowy Institute,news.google.com,https://news.google.com/rss/articles/CBMiowFBVV95cUxQUmZGbTVjNEFxekl6Z3kyRDVjR2tvVDQxYUh5bWs2TnJnaTdWZ0lMeGlnSnUyanZuY3NrSWYwYm9QNjR0SGRReW1aMGR2Ym4wS21mZUdyay1PM19aOVd1VkpVZlktRDBUbkx3ZVNJY0d0TGJUNFBWXzlzRVZDTmRzODJFSHVydGszeWJYckticURDYnYwYWFucWh0cFp4RG1Hazdz?oc=5,Black_Sea_Ukraine,google_rss,Black_Sea_Ukraine
"Israel launches several attacks on Beirut’s southern suburbs, south Lebanon - Al Jazeera",2025-06-05 07:00:00+00:00,Al Jazeera,news.google.com,https://news.google.com/rss/articles/CBMioAFBVV95cUxQQWJrOTdrWjE4Z280YUpyRjR0MkJUWEplcE1OaFVEQXl3RU1sVjV4OXVyWkpXWVhjclQyeUEwcFVnN25lZktGbVFRLTRuakVsSFBXbnI1bkZiR0VyZTY2TVktNlU2UUJnenZMWkJETFBidmliUjhwQkVhRlVnYkxkSlVlYUZFSG1MaE16bW42a0RNSXFOOWRyak1IQ0FMVE050gGmAUFVX3lxTE9HLTY0akltVlRJYXFXcF9oVmtub2JURWxwWE1JalUzNnl6N2tLLVdXRTRfNllLdUlzYU5XclJXcEZPSnNnSGlMdndKTTlqTGt0VVliLWllQzg0anRmMV9LWUZ0NFo2eXFVWW1uRzhOeldIQkx2Y29DazBEX1FfNE44QjZ1SlJxaVBydTVaNXRrTnZWM1htV00xRWdTOFA4b3NkZWdfT3c?oc=5,Levant_EastMed,google_rss,Levant_EastMed
Red Sea Passage Remains a No-Go for Shipping Despite U.S. Action - The New York Times,2025-06-05 07:00:00+00:00,The New York Times,news.google.com,https://news.google.com/rss/articles/CBMifkFVX3lxTE10Q1NpemY0UHBFWnA3OU5wLWJSY0NOTTctVDJQVFZZelJjRk1uYzRIRk9heUgtVjMtZS13SEluVm9qOWFuTXYtaF84Ql9BZ2Rqc2RFMk1jaVNUek1TLXM1d0V5RUswOWZ1cUJyakJ6MktCTEk2S2N6am9Gc05FQQ?oc=5,Red_Sea_Gulf_Aden,google_rss,Red_Sea_Gulf_Aden
谈判话音刚落冲突又起 ， 双线博弈下俄乌和平难以  一蹴而就  前线战事胶着难解 _ 军事频道 _ 中华网,2025-06-05 04:45:00+00:00,China,military.china.com,https://military.china.com/news/13004177/20250605/48426149.html,Black_Sea_Ukraine,gdelt,Black_Sea_Ukraine
乌克兰  无人机木马 ： 动画演示袭击过程 ， 可能改变俄乌战局 _ 凤凰网,2025-06-05 02:30:00+00:00,China,news.ifeng.com,https://news.ifeng.com/c/8jvrFtjEdVX,Black_Sea_Ukraine,gdelt,Black_Sea_Ukraine
克里米亚大桥被炸对俄方影响有多大 关键补给线受威胁 _ 军事频道 _ 中华网,2025-06-05 02:00:00+00:00,China,military.china.com,https://military.china.com/news/13004177/20250605/48424017.html,Black_Sea_Ukraine,gdelt,Black_Sea_Ukraine
Guerra Rusia Ucrania día 1197 : Aliados de Kiev se reúnen sin Jefe de Pentágono ; Kremlin reconoce ataque a puente de Crimea y más,2025-06-04 16:45:00+00:00,Mexico,sdpnoticias.com,https://www.sdpnoticias.com/internacional/guerra-rusia-ucrania-dia-1197-aliados-de-kiev-se-reunen-sin-jefe-de-pentagono-kremlin-reconoce-ataque-a-puente-de-crimea-y-mas/,Black_Sea_Ukraine,gdelt,Black_Sea_Ukraine
الهدنة مع واشنطن .. الضغط العسكري ومؤشرات تخلي إيران عن الحوثيين,2025-06-04 14:45:00+00:00,Syria,alhurra.com,https://alhurra.com/371,Red_Sea_Gulf_Aden,gdelt,Red_Sea_Gulf_Aden
Ucrania golpea de nuevo a Putin : explosivos submarinos destruyen parte del puente que une Crimea con Rusia,2025-06-04 12:00:00+00:00,Spain,periodistadigital.com,https://www.periodistadigital.com/mundo/20250604/ucrania-golpea-nuevo-putin-explosivos-submarinos-destruyen-parte-puente-une-crimea-rusia-noticia-689405096747/,Black_Sea_Ukraine,gdelt,Black_Sea_Ukraine
绍伊古去朝鲜要讨论什么 探讨合作与乌克兰局势 _ 军事频道 _ 中华网,2025-06-04 10:30:00+00:00,China,military.china.com,https://military.china.com/news/13004177/20250604/48423120.html,Black_Sea_Ukraine,gdelt,Black_Sea_Ukraine
军事晚报AI速递 ： 今日军事热点一览 丨2025年6月4日,2025-06-04 09:45:00+00:00,China,news.sina.com.cn,https://news.sina.com.cn/zx/ds/2025-06-04/doc-ineyxccz0251325.shtml,Black_Sea_Ukraine,gdelt,Black_Sea_Ukraine
"Israel strikes Syria after projectiles fired, holds Sharaa responsible - Reuters",2025-06-04 07:00:00+00:00,Reuters,news.google.com,https://news.google.com/rss/articles/CBMivAFBVV95cUxNckdORzlDSnRNRnh1MlVKa01HSnhXNGlRVjdJNFdPZUpKaWpOT0FXVDFrUmIzZ2djVXB5N1VtbDVJcDhacEhLMWwtR0VLN3A5UWVfams3WExTQm51VmtrWC1qY25vWnZBZnV5T0ZSM3Vod3Y0WDVsUlZfSUE2ZmJFR1NhNS1kN2RST3o4eTM3Nl9kMmZKREgyeHJkdHduRTdXYjhuYmxadE4zd2ZlcG12ZER6YWpMNHhuOGZMbw?oc=5,Levant_EastMed,google_rss,Levant_EastMed
"Evropská spolupráce přináší užitek všem , řekla Merkelová | iROZHLAS",2025-06-03 23:30:00+00:00,Czech Republic,irozhlas.cz,https://www.irozhlas.cz/zpravy-domov/samotna-zeme-bude-slaba-evropska-spoluprace-prinasi-uzitek-vsem-rekla-merkelova_2506032230_ntu,Black_Sea_Ukraine,gdelt,Black_Sea_Ukraine
"Kiev attacca il ponte di Crimea , il vortice del conflitto si allarga",2025-06-03 23:00:00+00:00,Italy,ilmanifesto.it,https://ilmanifesto.it/kiev-attacca-il-ponte-di-crimea-il-vortice-del-conflitto-si-allarga,Black_Sea_Ukraine,gdelt,Black_Sea_Ukraine
Ucrania sacude a Rusia con ataques quirúrgicos mientras Putin intenta avanzar sobre más territorio,2025-06-03 19:00:00+00:00,Argentina,infobae.com,https://www.infobae.com/america/mundo/2025/06/03/ucrania-sacude-a-rusia-con-ataques-quirurgicos-mientras-putin-intenta-avanzar-sobre-mas-territorio/,Black_Sea_Ukraine,gdelt,Black_Sea_Ukraine
Ejército de Rusia libera Andréyevka y fortalece posiciones en la región ucraniana de Sumy,2025-06-03 18:30:00+00:00,United States,telesurtv.net,https://www.telesurtv.net/ejercito-rusia-libera-andreyevka-fortalece-posiciones-sumy/,Black_Sea_Ukraine,gdelt,Black_Sea_Ukraine
"Guerra Rusia Ucrania día 1196 : Acuerdan más canje de prisioneros en segunda ronda de negociaciones ; Kremlin descarta por el momento reunión entre Putin , Zelenski y Trump",2025-06-03 17:45:00+00:00,Mexico,sdpnoticias.com,https://www.sdpnoticias.com/internacional/guerra-rusia-ucrania-dia-1196-acuerdan-mas-canje-de-prisioneros-en-segunda-ronda-de-negociaciones-kremlin-descarta-por-el-momento-reunion-entre-putin-zelenski-y-trump-y-mas/,Black_Sea_Ukraine,gdelt,Black_Sea_Ukraine
Ucrania lanzó un ataque submarino contra el puente de Crimea y da su estructura,2025-06-03 16:00:00+00:00,Argentina,ellitoral.com,https://www.ellitoral.com/internacionales/ucrania-lanzo-ataque-submarino-puente-crimea-dano-estructura-nueva-ofensiva-operacion-encubierta_0_JUjwbSk3nd.html,Black_Sea_Ukraine,gdelt,Black_Sea_Ukraine
"Guerre en Ukraine : le pont de Crimée visé une nouvelle fois , 1 100 kg dexplosifs lendommagent fortement",2025-06-03 15:30:00+00:00,France,valeursactuelles.com,https://www.valeursactuelles.com/monde/guerre-en-ukraine-le-pont-de-crimee-vise-une-nouvelle-fois-1-100-kg-dexplosifs-lendommagent-fortement,Black_Sea_Ukraine,gdelt,Black_Sea_Ukraine
乌克兰袭击克里米亚大桥 画面曝光 大桥严重受损 _ 新闻频道 _ 中华网,2025-06-03 13:00:00+00:00,China,news.china.com,https://news.china.com/socialgd/10000169/20250603/48418120.html,Black_Sea_Ukraine,gdelt,Black_Sea_Ukraine
俄遭  特洛伊木马  式袭击背后 ： 无人机能否成为攻城槌|俄军|俄罗斯|乌克兰|克里米亚|战略轰炸机,2025-06-03 10:15:00+00:00,China,163.com,https://www.163.com/dy/article/K154S7B1053469M5.html,Black_Sea_Ukraine,gdelt,Black_Sea_Ukraine
Houthis say they attacked Tel Aviv Ben Gurion Airport - World,2025-06-02 22:45:00+00:00,,tass.com,https://tass.com/world/1967479,Red_Sea_Gulf_Aden,gdelt,Red_Sea_Gulf_Aden
Trump Message to Putin : You Blew It,2025-06-02 21:45:00+00:00,United States,dailysignal.com,https://www.dailysignal.com/2025/06/02/trumps-message-to-putin-you-blew-it/,Black_Sea_Ukraine,gdelt,Black_Sea_Ukraine
"Even if Putin and Zelenskyy do go face - to - face , dont expect wonders − their one meeting in 2019 ended in failure",2025-06-02 20:45:00+00:00,Australia,theconversation.com,https://theconversation.com/even-if-putin-and-zelenskyy-do-go-face-to-face-dont-expect-wonders-their-one-meeting-in-2019-ended-in-failure-257093,Black_Sea_Ukraine,gdelt,Black_Sea_Ukraine
"Serangan Drone Ukraina Guncang Pangkalan Udara Rusia , Kerugian Ratusan Triliun",2025-06-02 11:15:00+00:00,Indonesia,internasional.kontan.co.id,https://internasional.kontan.co.id/news/serangan-drone-ukraina-guncang-pangkalan-udara-rusia-kerugian-ratusan-triliun,Black_Sea_Ukraine,gdelt,Black_Sea_Ukraine
"With Russia Airfield Attacks, Ukraine Aims for Strategic and Symbolic Blow - The New York Times",2025-06-02 07:00:00+00:00,The New York Times,news.google.com,https://news.google.com/rss/articles/CBMiiAFBVV95cUxNYlFCTjBJeDhkSFVTZ3lielpXOUgxaUIxVTlBTWlnQk54cUJGcmNjcEZSNTgwWVZUcnhjY29LM1E0blVMeS1IaWJWcmRMeloxQ3BMakhZZEw3VzFYRkRPMGxmcGhZa1dLNDNENFA3TlFGcTNtbmdiMFhvd1VDSTI2azNzRzRWa2Jf?oc=5,Black_Sea_Ukraine,google_rss,Black_Sea_Ukraine
Jako s nacisty . Americký astronaut otevřeně promluvil o kosmické spolupráci s Ruskem,2025-06-02 04:30:00+00:00,Czech Republic,blesk.cz,https://www.blesk.cz/clanek/zpravy-valka-na-ukrajine/814442/jako-s-nacisty-americky-astronaut-otevrene-promluvil-o-kosmicke-spolupraci-s-ruskem.html,Black_Sea_Ukraine,gdelt,Black_Sea_Ukraine
Houthis claim attack on Tel Aviv Ben Gurion airport,2025-06-02 00:30:00+00:00,Azerbaijan,news.az,https://news.az/news/houthis-claim-attack-on-t-el-avivs-ben-gurion-airport,Red_Sea_Gulf_Aden,gdelt,Red_Sea_Gulf_Aden
Houthis say they attacked Tel Aviv Ben Gurion Airport - World,2025-06-01 18:45:00+00:00,,tass.com,https://tass.com/world/1966687,Red_Sea_Gulf_Aden,gdelt,Red_Sea_Gulf_Aden
"Co požaduje Rusko za mír s Ukrajinou ? Věci , které se Kyjeva vůbec netýkají | Názory",2025-06-01 10:30:00+00:00,Czech Republic,lidovky.cz,https://www.lidovky.cz/nazory/rusko-valka-na-ukrajine-nato-vladimir-putin-memorandum-primeri-mir.A250530_185129_ln_nazory_lgs,Black_Sea_Ukraine,gdelt,Black_Sea_Ukraine
IDF : Hamas Chief Mohammad Sinwar Eliminated,2025-05-31 21:00:00+00:00,United States,legalinsurrection.com,https://legalinsurrection.com/2025/05/idf-hamas-chief-mohammad-sinwar-eliminated/,Levant_EastMed,gdelt,Levant_EastMed
Cum a schimbat războiul hibrid cursul istoriei : trei cazuri cu impact major,2025-05-31 17:30:00+00:00,Romania,libertatea.ro,https://www.libertatea.ro/stiri/razboiul-hibrid-in-istorie-trei-cazuri-5327876,Black_Sea_Ukraine,gdelt,Black_Sea_Ukraine
"Крим - Чалий пояснив , чому визнання півострова російським буде великою помилкою США УНІАН",2025-05-31 11:00:00+00:00,Ukraine,unian.ua,https://www.unian.ua/world/krim-chaliy-poyasniv-chomu-viznannya-pivostrova-rosiyskim-bude-velikoyu-pomilkoyu-ssha-13024275.html,Black_Sea_Ukraine,gdelt,Black_Sea_Ukraine
Ισραήλ βομβαρδίζει τη δυτική Συρία,2025-05-31 04:45:00+00:00,Cyprus,philenews.com,https://www.philenews.com/kosmos/diethni/article/1589123/to-israil-vomvardizi-ti-ditiki-siria-enas-politis-nekros/,Levant_EastMed,gdelt,Levant_EastMed
Το Ισραήλ βομβαρδίζει τη δυτική Συρία - Τουλάχιστον ένας πολίτης νεκρός,2025-05-30 23:30:00+00:00,Greece,in.gr,https://www.in.gr/2025/05/31/world/israil-vomvardizei-ti-dytiki-syria-toulaxiston-enas-politis-nekros/,Levant_EastMed,gdelt,Levant_EastMed
Gerilim yükseliyor ! İsrail Suriyeye saldırdı : Can kaybı var ! - Son Dakika Dünya Haberleri,2025-05-30 21:45:00+00:00,Turkey,cnnturk.com,https://www.cnnturk.com/dunya/gerilim-yukseliyor-israil-suriyeye-saldirdi-can-kaybi-var-2292174,Levant_EastMed,gdelt,Levant_EastMed
CIA : n ex - johtaja : Tänne Putin saattaa hyökätä seuraavaksi,2025-05-30 10:00:00+00:00,Finland,iltalehti.fi,https://www.iltalehti.fi/ulkomaat/a/78a54693-d696-43b3-8cb5-b779378939b6,Black_Sea_Ukraine,gdelt,Black_Sea_Ukraine
Θα χτυπήσει η Ρωσία το Βερολίνο ; ,2025-05-30 08:45:00+00:00,Greece,naftemporiki.gr,https://www.naftemporiki.gr/kosmos/1962641/tha-chtypisei-i-rosia-to-verolino/,Black_Sea_Ukraine,gdelt,Black_Sea_Ukraine
هجوم صاروخي على خاركيف وزيلينسكي يتهم روسيا بالخداع,2025-05-30 06:30:00+00:00,Kuwait,alkhabarkw.com,https://www.alkhabarkw.com/uncategorized/109944.html,Black_Sea_Ukraine,gdelt,Black_Sea_Ukraine
إسرائيل تطبّق  هذه النصيحة  في لبنان ! ,2025-05-30 06:30:00+00:00,Lebanon,lebanondebate.com,https://www.lebanondebate.com/article/707109-%D8%A5%D8%B3%D8%B1%D8%A7%D8%A6%D9%8A%D9%84-%D8%AA%D8%B7%D8%A8%D9%82-%D9%87%D8%B0%D9%87-%D8%A7%D9%84%D9%86%D8%B5%D9%8A%D8%AD%D8%A9-%D9%81%D9%8A-%D9%84%D8%A8%D9%86%D8%A7%D9%86,Levant_EastMed,gdelt,Levant_EastMed
İsrail Lübnana hava saldırısı düzenledi ! Savaş uçakları havalandı ! Gazzeye saldırı,2025-05-30 05:15:00+00:00,Turkey,yeniakit.com.tr,https://www.yeniakit.com.tr/haber/israil-lubnana-hava-saldirisi-duzenledi-savas-ucaklari-havalandi-gazzeye-saldiri-1935908.html,Levant_EastMed,gdelt,Levant_EastMed
"5万俄军压境 , 德国导弹或援乌 , 普京还有  绝杀武器 ？ ",2025-05-30 04:15:00+00:00,China,wenxuecity.com,https://www.wenxuecity.com/news/2025/05/29/126184451.html,Black_Sea_Ukraine,gdelt,Black_Sea_Ukraine
德若援乌金牛座导弹会爆发三战吗 柏林恐引火烧身 _ 军事频道 _ 中华网,2025-05-30 03:45:00+00:00,China,military.china.com,https://military.china.com/news/13004177/20250530/48403211.html,Black_Sea_Ukraine,gdelt,Black_Sea_Ukraine
Russia appears to launch new offensive in Ukraine amid peace talks,2025-05-30 03:15:00+00:00,United States,bostonglobe.com,https://www.bostonglobe.com/2025/05/29/world/russia-appears-launch-new-offensive-ukraine-amid-peace-talks/,Black_Sea_Ukraine,gdelt,Black_Sea_Ukraine
胡塞称一周内打击以色列多地目标 ： 使用了14枚高超音速导弹 、 弹道导弹以及无人机 _ 新闻频道 _ 中华网,2025-05-30 02:45:00+00:00,China,news.china.com,https://news.china.com/socialgd/10000169/20250530/48402645.html,Red_Sea_Gulf_Aden,gdelt,Red_Sea_Gulf_Aden
Trump Is Frustrated With Putin . Doubling Down in Ukraine Would Be a Mistake | Opinion,2025-05-29 21:00:00+00:00,United States,newsweek.com,https://www.newsweek.com/trump-frustrated-putin-doubling-down-ukraine-would-mistake-opinion-2078223,Black_Sea_Ukraine,gdelt,Black_Sea_Ukraine
"Zelenskis : Ķīna bloķē dronu piegādes Ukrainai , bet apgādā Krieviju",2025-05-29 14:45:00+00:00,Latvia,delfi.lv,https://www.delfi.lv/46713439/arzemes/120074435/zelenskis-kina-bloke-dronu-piegades-ukrainai-bet-apgada-krieviju,Black_Sea_Ukraine,gdelt,Black_Sea_Ukraine
Προφητεία - βόμβα : Πόλεμο Ρωσίας - Γερμανίας τον Ιούνιο του 2025 « βλέπει » κορυφαίος επιστήμονας,2025-05-29 13:00:00+00:00,Greece,bankingnews.gr,https://www.bankingnews.gr/diethni/articles/805597/profiteia-vomva-polemo-metaksy-rosias-kai-germanias-apo-ton-ioynio-tou-2025-vlepei-koryfaios-epistimonas,Black_Sea_Ukraine,gdelt,Black_Sea_Ukraine
Yemen : Houthis threaten Israel with  hot summer  after strikes on Sanaa airport – Middle East Monitor,2025-05-29 12:30:00+00:00,Israel,middleeastmonitor.com,https://www.middleeastmonitor.com/20250529-yemen-houthis-threaten-israel-with-hot-summer-after-strikes-on-sanaa-airport/,Red_Sea_Gulf_Aden,gdelt,Red_Sea_Gulf_Aden
俄媒威胁打击柏林 警告德国参战后果 _ 新闻频道 _ 中华网,2025-05-29 12:30:00+00:00,China,news.china.com,https://news.china.com/socialgd/10000169/20250529/48400207.html,Black_Sea_Ukraine,gdelt,Black_Sea_Ukraine
西方取消援乌远程武器射程限制风险有多大 ？ ,2025-05-29 09:00:00+00:00,China,world.qianlong.com,https://world.qianlong.com/2025/0529/8496274.shtml,Black_Sea_Ukraine,gdelt,Black_Sea_Ukraine
Israel launches wave of strikes across south Lebanon - Al Jazeera,2025-05-29 07:00:00+00:00,Al Jazeera,news.google.com,https://news.google.com/rss/articles/CBMiqwFBVV95cUxQRDNCWVNVMFV4eTVXWjhVTUR2ZEJTc3N3czNzNUhDa0tmWWdydjdSMzV4R0Nxbmd2MVo1NlpoOXhwQV9BVlptRHR0R0R0UVhjd3F1dGlQX09tM0VIUEN4cGNOQmpzd3pJYUFfWWFzb0tmeVU3a0xwZTZqWi13LTI3RjlxanQza0NYUU9KdEZWTjNTVTBJcnVkNWViZ2RORnc0dldpU09tWldvNmvSAbABQVVfeXFMTmhSWGNickI0MEJyd3NtbjNYd3VHMnc0eG5NdkNRXzZJNS1STDlJaGFITkd1NngzUUduUThQV0VsUFkxT3lxamd3dGZMX1lkOWtYU185RVpIbFNldThnRmJ1Z2RUaXM4UWRsVkhtVlBTbm5OZFk2UXZhMjcwNGZ1MFJGZTRpWTJUMjVmWWJkOWxveV9EODdQVmhWaEV6LUJoUjJiNnRtdkotNnRrQXVFck8?oc=5,Levant_EastMed,google_rss,Levant_EastMed
俄罗斯警告 ： 德国已再次成为俄敌人,2025-05-29 04:45:00+00:00,China,finance.sina.com.cn,https://finance.sina.com.cn/roll/2025-05-29/doc-ineyexsc5133578.shtml,Black_Sea_Ukraine,gdelt,Black_Sea_Ukraine
Israeli strikes destroy last plane at airport run by Houthis - Newspaper,2025-05-29 03:45:00+00:00,Pakistan,dawn.com,https://www.dawn.com/news/1913973/israeli-strikes-destroy-last-plane-at-airport-run-by-houthis,Red_Sea_Gulf_Aden,gdelt,Red_Sea_Gulf_Aden
"Husiler , İsrailin Saldırılarına Rağmen Gazzeye Desteği Sürdüreceğini Vurguladı",2025-05-28 20:45:00+00:00,Turkey,haberler.com,https://www.haberler.com/guncel/husiler-israil-in-saldirilarina-ragmen-gazze-ye-destegi-surdurecegini-vurguladi-18682361-haberi/,Levant_EastMed,gdelt,Levant_EastMed
Israeli strikes destroy last plane at Yemen rebel airport,2025-05-28 14:45:00+00:00,Israel,al-monitor.com,https://www.al-monitor.com/originals/2025/05/israeli-strikes-destroy-last-plane-yemen-rebels-airport,Red_Sea_Gulf_Aden,gdelt,Red_Sea_Gulf_Aden
  Bild : Vācija palīdzēs Ukrainai izstrādāt raķeti ar 2500 kilometru sniedzamību,2025-05-28 12:30:00+00:00,Latvia,delfi.lv,https://www.delfi.lv/46713439/arzemes/120074232/bild-vacija-palidzes-ukrainai-izstradat-raketi-ar-2500-kilometru-sniedzamibu,Black_Sea_Ukraine,gdelt,Black_Sea_Ukraine
Israeli air strikes target Sanaa airport in Yemen - World,2025-05-28 10:45:00+00:00,Pakistan,brecorder.com,https://www.brecorder.com/news/40365126/israeli-air-strikes-target-sanaa-airport-in-yemen,Red_Sea_Gulf_Aden,gdelt,Red_Sea_Gulf_Aden
مسلسل المحامي يفضح إسرائيل .. دراما تمنح غزة الكلمة في ساحة العدالة,2025-05-28 10:45:00+00:00,Egypt,shorouknews.com,https://www.shorouknews.com/news/view.aspx?cdate=28052025&id=19a652bf-26be-42a3-a7ee-21456eb3fa08,Levant_EastMed,gdelt,Levant_EastMed
Обстріл України 28 травня - Росія вночі запустила шість ракети та 88 дронів,2025-05-28 08:45:00+00:00,Ukraine,rbc.ua,https://www.rbc.ua/rus/news/rosiya-vnochi-zapustila-shist-raket-ta-mayzhe-1748413509.html,Black_Sea_Ukraine,gdelt,Black_Sea_Ukraine
西方取消援乌远程武器射程限制风险有多大 ？ ,2025-05-28 06:45:00+00:00,China,china.com.cn,http://www.china.com.cn/opinion2020/2025-05/28/content_117899409.shtml,Black_Sea_Ukraine,gdelt,Black_Sea_Ukraine
Israël a reçu plus de 90 . 000 tonnes de matériel militaire depuis le début du conflit à Gaza - Xinhua,2025-05-28 01:30:00+00:00,China,french.xinhuanet.com,http://french.xinhuanet.com/20250528/7f7067f9f64642c7a992b1a5ea729825/c.html,Levant_EastMed,gdelt,Levant_EastMed
"Step by Step, Ukraine Built a Technological Navy | Proceedings - May 2025 Vol. 151/5/1,467 - U.S. Naval Institute",2025-05-27 17:34:55+00:00,U.S. Naval Institute,news.google.com,https://news.google.com/rss/articles/CBMimgFBVV95cUxOMFdHOWlnMUJrclpFLUtfeEJSdzFOa0NxMnBYellPQ2lOWmd0WjEwNU9XZTlhMlRIeUJGcGhyUlVCRlNZRG9iTWZuMG9seE5RT0hLUTFTcWR2WFpuU21wSDJTbnV4UWJnYWswOU5LX0FPcW1icWdzRFZpdWpCdkk5SmZnMWVSNTZZLXZDRHl1VklKS3o4c2d4TUhR?oc=5,Black_Sea_Ukraine,google_rss,Black_Sea_Ukraine
"Dua Rudal Houthi Meluncur : Israel Tutup Bandara , Jutaan Warga Cari Tempat Berlindung",2025-05-27 14:45:00+00:00,Indonesia,jambi.tribunnews.com,https://jambi.tribunnews.com/2025/05/27/dua-rudal-houthi-meluncur-israel-tutup-bandara-jutaan-warga-cari-tempat-berlindung,Red_Sea_Gulf_Aden,gdelt,Red_Sea_Gulf_Aden
"Повітряні сили : ЗСУ знешкодили 43 БпЛА , якими вночі РФ атакувала Україну",2025-05-27 08:45:00+00:00,Ukraine,radiosvoboda.org,https://www.radiosvoboda.org/a/news-shahed-/33425277.html,Black_Sea_Ukraine,gdelt,Black_Sea_Ukraine
特朗普第一次威胁普京政权可能垮台 ， 西方允许乌克兰打莫斯科 ？ ,2025-05-27 03:00:00+00:00,China,news.ifeng.com,https://news.ifeng.com/c/8jh00b5CIXu,Black_Sea_Ukraine,gdelt,Black_Sea_Ukraine
"New York Timesa göre İsrail , Suriyedeki etkisini artırıyor – Aktifhaber",2025-05-26 22:15:00+00:00,Turkey,aktifhaber.com,https://aktifhaber.com/dunya/new-york-timesa-gore-israil-suriyedeki-etkisini-artiriyor.html,Levant_EastMed,gdelt,Levant_EastMed
Ракетні удари по Україні і атаки Шахедами – чому Росія посилила агресію – аналіз і пояснення ISW,2025-05-26 05:00:00+00:00,Ukraine,war.obozrevatel.com,https://war.obozrevatel.com/ukr/u-putina-dvi-tsili-v-isw-poyasnili-chomu-rosiya-posilila-udari-po-ukraini-j-scho-stoit-za-vimogami-kremlya.htm,Black_Sea_Ukraine,gdelt,Black_Sea_Ukraine
"Rusia kryen sulmin më të madh ajror ndaj Ukrainës ! Shkon në 14 numri i viktimave , mes tyre edhe fëmijë",2025-05-25 17:30:00+00:00,,aktuale.mk,https://aktuale.mk/rusia-kryen-sulmin-me-te-madh-ajror-ndaj-ukraines-shkon-ne-14-numri-i-viktimave-mes-tyre-edhe-femije/,Black_Sea_Ukraine,gdelt,Black_Sea_Ukraine
"Rusia kryen sulmin më të madh ajror ndaj Ukrainës ! Shkon në 14 numri i viktimave , mes tyre edhe fëmijë",2025-05-25 14:45:00+00:00,Albania,botasot.info,https://www.botasot.info/evrope-bota/2344112/rusia-kryen-sulmin-me-te-madh-ajror-ndaj-ukraines-shkon-ne-14-numri-i-viktimave-mes-tyre-edhe-femije/,Black_Sea_Ukraine,gdelt,Black_Sea_Ukraine
 ¿ Y Ucrania ? | El Universal,2025-05-25 14:00:00+00:00,Mexico,eluniversal.com.mx,https://www.eluniversal.com.mx/opinion/jean-meyer/y-ucrania/,Black_Sea_Ukraine,gdelt,Black_Sea_Ukraine
اسرائیل از رهگیری یک موشک شلیک‌شده از یمن خبر داد,2025-05-25 12:45:00+00:00,Iran,radiofarda.com,https://www.radiofarda.com/a/yemen-israel-gaza/33423630.html,Red_Sea_Gulf_Aden,gdelt,Red_Sea_Gulf_Aden
زيلينسكي : روسيا شنت أكثر من 350 هجوما بالمسيرات والصواريخ على أوكرانيا خلال الليل,2025-05-25 10:45:00+00:00,Egypt,shorouknews.com,https://www.shorouknews.com/news/view.aspx?cdate=25052025&id=3285df9f-7ce2-4073-9d1a-d913691ff76d,Black_Sea_Ukraine,gdelt,Black_Sea_Ukraine
ইসরায়েলের সঙ্গে হাত মেলাচ্ছে ২ মুসলিম দেশ ! ,2025-05-24 23:00:00+00:00,Bangladesh,dailyjanakantha.com,https://www.dailyjanakantha.com/international/news/809035,Levant_EastMed,gdelt,Levant_EastMed
US strike on Yemen kills Al Qaeda members -- Yemeni security sources,2025-05-24 21:30:00+00:00,Jordan,jordantimes.com,http://www.jordantimes.com/news/region/us-strike-yemen-kills-al-qaeda-members-yemeni-security-sources,Red_Sea_Gulf_Aden,gdelt,Red_Sea_Gulf_Aden
US strike on Yemen kills Al - Qaeda members : Yemeni security sources,2025-05-24 19:15:00+00:00,Pakistan,thefrontierpost.com,https://thefrontierpost.com/us-strike-on-yemen-kills-al-qaeda-members-yemeni-security-sources/,Red_Sea_Gulf_Aden,gdelt,Red_Sea_Gulf_Aden
乌首都遭导弹袭击15人受伤,2025-05-24 19:15:00+00:00,China,world.qianlong.com,https://world.qianlong.com/2025/0525/8493416.shtml,Black_Sea_Ukraine,gdelt,Black_Sea_Ukraine
росія атакувала Україну 14 ракетами та 250 дронами як спрацювала ППО,2025-05-24 13:00:00+00:00,Ukraine,facenews.ua,https://www.facenews.ua/news/2025/527824/,Black_Sea_Ukraine,gdelt,Black_Sea_Ukraine
سفير إسرائيل بواشنطن يتحدث عن التطبيع مع سوريا ولبنان .. ماذا قال ؟ ,2025-05-24 11:15:00+00:00,Egypt,shorouknews.com,https://www.shorouknews.com/news/view.aspx?cdate=24052025&id=777a93a6-96d2-48b3-9518-4ce7eb1979fb,Levant_EastMed,gdelt,Levant_EastMed
"Big boost for Israel amid ongoing Gaza conflict with Hamas , its two neighbours may join Abraham Accords , they are …, how will it … ",2025-05-24 10:15:00+00:00,India,india.com,https://www.india.com/news/world/big-boost-for-israel-amid-ongoing-gaza-conflict-with-hamas-its-two-neighbours-may-join-abraham-accords-they-are-how-will-it-tel-aviv-united-states-syria-lebanon-saudi-arabia-druze-alawites-7839425/,Levant_EastMed,gdelt,Levant_EastMed
俄乌大规模交换战俘现场曝光 创冲突以来最大规模人道突破 _ 军事频道 _ 中华网,2025-05-24 09:45:00+00:00,China,military.china.com,https://military.china.com/news/13004177/20250524/48377301.html,Black_Sea_Ukraine,gdelt,Black_Sea_Ukraine
РФ атакувала Україну 250 дронами і 14 ракетами : постраждали шість областей,2025-05-24 09:45:00+00:00,Ukraine,glavcom.ua,https://glavcom.ua/country/incidents/unochi-rf-atakuvala-ukrajinu-250-dronami-postrazhdali-shist-oblastej-1060254.html,Black_Sea_Ukraine,gdelt,Black_Sea_Ukraine
"Israel Syria Lebanon Abraham Accords , गाजा युद्ध के बीच इजरायल को बड़ी सफलता , अब्राहम समझौते में शामिल हो सकते हैं दो पड़ोसी देश , दोनों से लड़ चुका है भीषण जंग - syria and lebanon may join abraham accords soon to normalize relations with israel am...",2025-05-24 08:15:00+00:00,India,navbharattimes.indiatimes.com,https://navbharattimes.indiatimes.com/world/uae/syria-and-lebanon-may-join-abraham-accords-soon-to-normalize-relations-with-israel-amid-gaza-war/articleshow/121377011.cms,Levant_EastMed,gdelt,Levant_EastMed
בשבוע הבא תהפוך  חרבות ברזל  לארוכה במלחמות ישראל | תולדות הזבנג ולא גמרנו,2025-05-24 07:45:00+00:00,Israel,ynet.co.il,https://www.ynet.co.il/news/article/bjjvarhzel,Levant_EastMed,gdelt,Levant_EastMed
Russian Warship Damaged in Ukrainian Drone Attack (Published 2023) - The New York Times,2025-05-24 07:00:00+00:00,The New York Times,news.google.com,https://news.google.com/rss/articles/CBMic0FVX3lxTFBMTFRJMHNuQmo2S1hEWVBvRVdYeHZSU0hDQUZEaHgxOGEtWjJiSnlpLW43R2Q2Tk1wYU5qNFA4NEVPWlcwMy1XTzNQYnQ4S25yQzc5SXBrSVoweWwwZnpqVkFqQml2bVR0RlE3R25sVjgycms?oc=5,Black_Sea_Ukraine,google_rss,Black_Sea_Ukraine
Russia-Ukraine War: Russian Shelling Cuts Power to Kherson as Lavrov Defends Strikes (Published 2022) - The New York Times,2025-05-24 07:00:00+00:00,The New York Times,news.google.com,https://news.google.com/rss/articles/CBMieEFVX3lxTE1MUm1FOHVLazQ1RDYwR3B4ZEpkLVoyUEluVlFWRzhqU0JmdjlkdkFkZzBTNDd3Q3ozbHZTb2o2c2JSanJkazJVMzhyZjRYNDFlNEc0aW0yM1FETXRpZzNRMnlJUmxSaXd4OUFYenVxNHEyZmNGMzlUbA?oc=5,Black_Sea_Ukraine,google_rss,Black_Sea_Ukraine
"Guerre en Ukraine | Attaque de drones et de missiles russes sur Kyiv , au moins deux blessés",2025-05-24 00:15:00+00:00,Canada,lapresse.ca,https://www.lapresse.ca/international/europe/2025-05-23/guerre-en-ukraine/attaque-de-drones-et-de-missiles-russes-sur-kyiv-au-moins-deux-blesses.php,Black_Sea_Ukraine,gdelt,Black_Sea_Ukraine
"ÚLTIMA HORA GUERRA RUSIA UCRANIA | Directo y última de la guerra entre Rusia y Ucrania : Zelenski , Trump , Putin ... ",2025-05-23 09:45:00+00:00,Spain,farodevigo.es,https://www.farodevigo.es/mundo/2025/05/23/guerra-ucrania-hoy-directo-kiev-111860988.html,Black_Sea_Ukraine,gdelt,Black_Sea_Ukraine
Ruská poslankyně navrhuje jednat o nezákonnosti konce SSSR,2025-05-23 07:30:00+00:00,Czech Republic,novinky.cz,https://www.novinky.cz/clanek/zahranicni-evropa-ruska-poslankyne-navrhuje-jednat-o-nezakonnosti-konce-sssr-40522435,Black_Sea_Ukraine,gdelt,Black_Sea_Ukraine
"Le sud et lest du Liban bombardés par Israël , la bande de Gaza toujours pilonnée et sans vivres",2025-05-23 04:00:00+00:00,France,lemonde.fr,https://www.lemonde.fr/international/article/2025/05/23/le-sud-et-l-est-du-liban-bombardes-par-israel-la-bande-de-gaza-toujours-pilonnee-et-sans-vivres_6607846_3210.html,Levant_EastMed,gdelt,Levant_EastMed
列国鉴 · 也门｜记者观察 ： 也门咖啡园中的无奈与坚守,2025-05-22 23:45:00+00:00,China,baijiahao.baidu.com,https://baijiahao.baidu.com/s?id=1832801440186244445,Red_Sea_Gulf_Aden,gdelt,Red_Sea_Gulf_Aden
כך חוסלו בכירי הטרור מאז 7 באוקטובר : שורת הצלחות מבצעיות של צה  ל,2025-05-22 12:45:00+00:00,Israel,inn.co.il,https://www.inn.co.il/news/669582,Levant_EastMed,gdelt,Levant_EastMed
"Russia says it downs 105 Ukrainian drones , fires Iskander missile",2025-05-22 10:45:00+00:00,India,hindustantimes.com,https://www.hindustantimes.com/world-news/russia-says-it-downs-105-ukrainian-drones-fires-iskander-missile-101747907464158.html,Black_Sea_Ukraine,gdelt,Black_Sea_Ukraine
列国鉴 · 也门｜记者观察 ： 也门咖啡园中的无奈与坚守,2025-05-22 07:30:00+00:00,China,baijiahao.baidu.com,https://baijiahao.baidu.com/s?id=1832801440017748196,Red_Sea_Gulf_Aden,gdelt,Red_Sea_Gulf_Aden
 「 列国鉴 · 也门 」 记者观察 ： 也门咖啡园中的无奈与坚守,2025-05-22 05:00:00+00:00,China,baijiahao.baidu.com,https://baijiahao.baidu.com/s?id=1832792784222307910,Red_Sea_Gulf_Aden,gdelt,Red_Sea_Gulf_Aden
Nevypočítateľný Putin : Tajné služby varujú ! Nová hrozba útoku je horšia ako Ukrajina,2025-05-21 18:30:00+00:00,Slovak Republic,topky.sk,https://www.topky.sk/cl/11/3047731/Nevypocitatelny-Putin--Tajne-sluzby-varuju--Nova-hrozba-utoku-je-horsia-ako-Ukrajina,Black_Sea_Ukraine,gdelt,Black_Sea_Ukraine
רן אדליסט : הסכם גרעין איראני יוריד את ישראל מהאיומים בתקיפה,2025-05-21 04:15:00+00:00,Israel,maariv.co.il,https://www.maariv.co.il/journalists/article-1198305,Levant_EastMed,gdelt,Levant_EastMed
"Západní zpravodajské služby : Pokud válka na Ukrajině skončí , Putin rozmístí stovky tisíc vojáků k hranicím NATO | 21 . 5 . 2025",2025-05-21 00:45:00+00:00,Czech Republic,blisty.cz,https://www.blisty.cz/art/126083-zapadni-zpravodajske-sluzby-pokud-valka-na-ukrajine-skonci-putin-rozmisti-stovky-tisic-vojaku-k-hranicim-nato.html,Black_Sea_Ukraine,gdelt,Black_Sea_Ukraine
Gazzede katledilen Filistinlilerin sayısı 53 bin 573  e yükseldi,2025-05-20 17:00:00+00:00,Turkey,evrensel.net,https://www.evrensel.net/haber/554405/gazzede-katledilen-filistinlilerin-sayisi-53-bin-573e-yukseldi,Levant_EastMed,gdelt,Levant_EastMed
"Houthi Yaman Ancam Blokade Pelabuhan Israel , Ini Alasannya",2025-05-20 00:15:00+00:00,Indonesia,kompas.com,https://www.kompas.com/global/read/2025/05/20/062742570/houthi-yaman-ancam-blokade-pelabuhan-israel-ini-alasannya,Red_Sea_Gulf_Aden,gdelt,Red_Sea_Gulf_Aden
US strike on Yemen migrant centre may constitute humanitarian  violation  – Amnesty,2025-05-19 19:30:00+00:00,Jordan,jordantimes.com,http://jordantimes.com/news/region/us-strike-yemen-migrant-centre-may-constitute-humanitarian-violation-%E2%80%93-amnesty,Red_Sea_Gulf_Aden,gdelt,Red_Sea_Gulf_Aden
Amnesty : US strike on Yemen migrant center may constitute humanitarian  violation  ,2025-05-19 11:45:00+00:00,Saudi Arabia,arabnews.com,https://www.arabnews.com/node/2601303/middle-east,Red_Sea_Gulf_Aden,gdelt,Red_Sea_Gulf_Aden
"Ukraine hits back after Russia’s record drone strike — destroying radar, supply depots in the Black Sea - New York Post",2025-05-19 07:00:00+00:00,New York Post,news.google.com,https://news.google.com/rss/articles/CBMirgFBVV95cUxOMVdib0M2MlN4Ul9DRkxLaTIzZWdoN3RIckgyRmpIOHFlQkQ2elgxS3l2Z2hWeU5MSHJLUnNXUWNUcWlwQWZkMmtMenlBQW1oWVZjc1VjRWVldVhfQ0JGR0s0M285OWs1QkQ3b1hKYVZ6UmN4T2gyaDFZNFNmeWJEcl81WGFCMFVQRm1sME93QXg5TFpNdnBVVXBtNWpZSnNsb3pOZU1IeUg4Q285Y3c?oc=5,Black_Sea_Ukraine,google_rss,Black_Sea_Ukraine
"Ukrainian drones destroy Russian radar, supply depots on Black Sea gas platforms, SBU says - The Kyiv Independent",2025-05-19 07:00:00+00:00,The Kyiv Independent,news.google.com,https://news.google.com/rss/articles/CBMiuAFBVV95cUxPR0JIVmw3RzhmaG01NTJqb3RkQlNWQjBqYS1RbDhIOGJXVE5rbW9aNWtLR050NTVQT1RodDNOWERXNjhrRzY3WFJza013WDhlZkE1bDAzd21YX2tKdlA5eEktWTFISFBtaWlfMVRoN1QwWlcxeEVHcnNyTGI4MkVmVk82ekxteXhfb2QtMWwwTm9kLVdjaHdwQmFtZFI1bUExSkYyaExSSDlMOWFlX3E5UWFvdEc0QWl2?oc=5,Black_Sea_Ukraine,google_rss,Black_Sea_Ukraine
"Tensions au Moyen - Orient - Liban : deux blessés dont un soldat dans une frappe israélienne , selon larmée",2025-05-18 13:45:00+00:00,Belgium,dhnet.be,https://www.dhnet.be/dernieres-depeches/2025/05/18/tensions-au-moyen-orient-liban-deux-blesses-dont-un-soldat-dans-une-frappe-israelienne-selon-larmee-BD3IY4VOVNGT3LMMFDZHDWTX7A/,Levant_EastMed,gdelt,Levant_EastMed
"  Gaidīt , kamēr mūs nogalina ? Kaujas mediķe Svitlana izglāba visu rotu",2025-05-18 07:00:00+00:00,Latvia,delfi.lv,https://www.delfi.lv/46713439/arzemes/120072689/gaidit-kamer-mus-nogalina-kaujas-medike-svitlana-izglaba-visu-rotu,Black_Sea_Ukraine,gdelt,Black_Sea_Ukraine
Повітряні сили звітують про збиття 36 БПЛА протягом нічної атаки Росії,2025-05-17 13:45:00+00:00,Ukraine,radiosvoboda.org,https://www.radiosvoboda.org/a/news-povitriani-syly-zbyttia-36-shahediv/33416730.html,Black_Sea_Ukraine,gdelt,Black_Sea_Ukraine
İsrailden Lübnana hava saldırısı : 1 ölü,2025-05-17 10:30:00+00:00,Turkey,ntv.com.tr,"https://www.ntv.com.tr/dunya/israilden-lubnana-hava-saldirisi-1-olu,wqfnoJl5WE-VhVEwrI80hw",Levant_EastMed,gdelt,Levant_EastMed
"Putin wont take peace with Ukraine without restoring empire , former Defense Secretary Gates says",2025-05-16 22:15:00+00:00,United States,cbsnews.com,https://www.cbsnews.com/news/putin-ukraine-restoring-empire-robert-gates/,Black_Sea_Ukraine,gdelt,Black_Sea_Ukraine
Ukraina zaudējusi vēl vienu F - 16,2025-05-16 12:45:00+00:00,Latvia,delfi.lv,https://www.delfi.lv/46713439/arzemes/120072629/ukraina-zaudejusi-vel-vienu-f-16,Black_Sea_Ukraine,gdelt,Black_Sea_Ukraine
高超音速导弹袭击 ！ 这国  数百万人逃入防空洞  _ 东方财富网,2025-05-16 03:45:00+00:00,China,finance.eastmoney.com,https://finance.eastmoney.com/a/202505163406608769.html,Red_Sea_Gulf_Aden,gdelt,Red_Sea_Gulf_Aden
"Despite Israel Escalations in Gaza and Syria , the Abraham Accords Are Alive and Well",2025-05-15 18:00:00+00:00,United States,foreignpolicy.com,https://foreignpolicy.com/2025/05/15/somehow-the-abraham-accords-are-alive-and-well/?tpcc=recirc_trending062921,Levant_EastMed,gdelt,Levant_EastMed
ترامب : واشنطن قد تعود للعمليات العسكرية ضد الحوثيين حال شنوا هجوما,2025-05-15 12:30:00+00:00,Libya,alwasat.ly,https://alwasat.ly/news/arabic/476840,Red_Sea_Gulf_Aden,gdelt,Red_Sea_Gulf_Aden
Повітряні сили повідомили про 80 збитих за ніч дронів РФ,2025-05-14 08:30:00+00:00,Ukraine,radiosvoboda.org,https://www.radiosvoboda.org/a/news-povitriani-syly-zbyti-drony/33413270.html,Black_Sea_Ukraine,gdelt,Black_Sea_Ukraine
"Krievija Rietumiem var uzbrukt ātrāk , nekā tiek prognozēts , brīdina Bundestāga deputāts",2025-05-13 09:45:00+00:00,Latvia,delfi.lv,https://www.delfi.lv/46713439/arzemes/120072105/krievija-rietumiem-var-uzbrukt-atrak-neka-tiek-prognozets-bridina-bundestaga-deputats,Black_Sea_Ukraine,gdelt,Black_Sea_Ukraine
美以会否联手吞并加沙 中东地图是否会再次改写 ？_ 军事频道 _ 中华网,2025-05-13 07:00:00+00:00,China,military.china.com,https://military.china.com/news/13004177/20250513/48326428.html,Levant_EastMed,gdelt,Levant_EastMed
"Israeli air strike on hospital kills 28 people in Gaza, civil defence says - BBC",2025-05-13 07:00:00+00:00,BBC,news.google.com,https://news.google.com/rss/articles/CBMiWkFVX3lxTE41cGVKLTloR3EwMWhRdFk4NnYySkRwMHV6X2FVQUF5bkR3N0RQYWV5VzJIa2xCdVExcU13TFdaV3o1NGhkQWpzVW5tMnhoLUx5RDM4SlpVSWJfdw?oc=5,Levant_EastMed,google_rss,Levant_EastMed
Drone superpower: Ukrainian wartime innovation offers lessons for NATO - Atlantic Council,2025-05-13 07:00:00+00:00,Atlantic Council,news.google.com,https://news.google.com/rss/articles/CBMivgFBVV95cUxPNi1hb2p2dlc1ajhvQWtZWmF0MEJNdS1lYjlmUDlPMjhtWHVCZ1BzVXpGYzlJeG9XSy1FejZ3Q1R2bm5JRVZCYlltVkM3QnhaTUo3ZDVDVXN4MWRBSzVaOVkzSGdLNUV4UkZseFBXMlVQeEJTTVI4amM2UlAyWkhvR3AxYVFYWUhTZU40d2liRVFmbVlpZkdGVDJTV2RVSktPZm5XMU15dkdfUnBXZFNPak44dE9jc0k3Wmgwbl93?oc=5,Black_Sea_Ukraine,google_rss,Black_Sea_Ukraine
Israeli media reports new missile attack from Yemen – Middle East Monitor,2025-05-12 11:45:00+00:00,Israel,middleeastmonitor.com,https://www.middleeastmonitor.com/20250512-israeli-media-reports-new-missile-attack-from-yemen/,Red_Sea_Gulf_Aden,gdelt,Red_Sea_Gulf_Aden
"Israeli strikes on Gaza kill 9 people , mostly women and children",2025-05-11 09:15:00+00:00,United States,durangoherald.com,https://www.durangoherald.com/articles/israeli-strikes-on-gaza-kill-9-people-mostly-women-and-children/,Levant_EastMed,gdelt,Levant_EastMed
"Повітряні сили : вночі Росія атакувала Україну 108 дронами , збито – 60",2025-05-11 09:00:00+00:00,Ukraine,radiosvoboda.org,https://www.radiosvoboda.org/a/news-povitryani-syly-zsu-viyna-drony/33410584.html,Black_Sea_Ukraine,gdelt,Black_Sea_Ukraine
What did Houthis achieve in 18 months of attacks on the Red Sea? - Middle East Eye,2025-05-10 07:00:00+00:00,Middle East Eye,news.google.com,https://news.google.com/rss/articles/CBMimAFBVV95cUxOamF0Qm13Tmc3THZPWE1sNnFEaUJ1TmRwb3o2YWhCUS0tQjlFSTkxSWFlaERzcjdGMms2ZDRMSjZSd0FxSlZhcEpoRElvcnhzWUxsa1c0WXR3Q3R0X043ZlVHTGtaM3ZiQmFoRlp4YzJPZWE4WXRObjdFT1hXNXE0dWlEUzY4aWJSRXJ6R1J2SkczY0xQSTFYUg?oc=5,Red_Sea_Gulf_Aden,google_rss,Red_Sea_Gulf_Aden
İsrailin Lübnana Hava Saldırısı,2025-05-09 11:15:00+00:00,Turkey,haberler.com,https://www.haberler.com/guncel/israil-in-lubnan-a-hava-saldirisi-18606776-haberi/,Levant_EastMed,gdelt,Levant_EastMed
美国与胡塞武装停火 以色列与伊朗互放狠话,2025-05-09 08:30:00+00:00,China,world.qianlong.com,https://world.qianlong.com/2025/0509/8483886.shtml,Levant_EastMed,gdelt,Levant_EastMed
جريدة الرياض | اليمن .. أزمة سببها الحوثي,2025-05-09 04:00:00+00:00,Saudi Arabia,alriyadh.com,https://www.alriyadh.com/2131276,Red_Sea_Gulf_Aden,gdelt,Red_Sea_Gulf_Aden
  Varam atkārtot sekta : Zelenskis komentē Maskavā gaidāmo  cinisma parādi  ,2025-05-08 12:15:00+00:00,Latvia,delfi.lv,https://www.delfi.lv/46713439/arzemes/120071515/varam-atkartot-sekta-zelenskis-komente-maskava-gaidamo-cinisma-paradi,Black_Sea_Ukraine,gdelt,Black_Sea_Ukraine
İsrailin Lübnana 14 Hava Saldırısı : Hizbullah Hedef Alındı,2025-05-08 11:15:00+00:00,Turkey,haberler.com,https://www.haberler.com/3-sayfa/israil-in-lubnan-a-14-hava-saldirisi-hizbullah-hedef-alindi-18604216-haberi/,Levant_EastMed,gdelt,Levant_EastMed
"One killed, eight wounded as Israel hits Lebanon in major post-truce attack - Al Jazeera",2025-05-08 07:00:00+00:00,Al Jazeera,news.google.com,https://news.google.com/rss/articles/CBMitAFBVV95cUxNQzhvWVNXd2VNd0htc3o0UGtKN1RiM1ZtdlZHak9qaWs4MGRnUTAyZEdmMDl6MmE1QjNpRW54bVMxaTR6Y0ktRDZvUkZKTl9FVmJpTjZXMFJIUHJpV01vY0hxd2hCTVFfVzZ4bkpVNk9JMm80SUNXU1pTVFdkWjZVZnF6TFVja3YxekU4U0FsUG1UbUp0YzhpY2kxeXdld1RFMmkwQXZYdmZMWWVibTVQa2kwdFDSAboBQVVfeXFMUG9ZV2laUmNhc2dxQWNKeEtheGxtcGtUZ01KVGptUnlrVERRbFZxaWJNa0loY2plZUFoM2lZVml4ZlJFSGhyMVVKaHktQ2RyeGtvdE8ydE5TMndfWWhLbEVqWGRGaVpVRXZNZzBwQVk3bTFRdm83bFp6MUs1VHlWanhoNWowLWpWYXZtb2MtbkdQRDU3NFZMTEZGeFB6bkM0b0tCaDRIaG9ZRHhLSElxRUZleGFBdVhGTk1n?oc=5,Levant_EastMed,google_rss,Levant_EastMed
Russia building major new explosives facility as Ukraine war drags on - Reuters,2025-05-08 07:00:00+00:00,Reuters,news.google.com,https://news.google.com/rss/articles/CBMitAFBVV95cUxNZmV5T09pSktQcFlHTVNhRXBIU2lUc0Vyc2pfaVJvM1A2eFQ5TkZOcDAxQWFXREFNaUJZZHNTb1hCandhdEcyblBvM3JPUlNRME9ORWlTOTNrel9aalZBNDhYeHZ4eE9RVW92TWNQTTRxYXNUVUljaE1Jd2pyRmgzV01WaHNnTUo2bkl2SHFEZzVEXzRCZGp2cHUyenNpVWRZOFZiOXhrRkxMWnJtMlM4R1BBdUQ?oc=5,Black_Sea_Ukraine,google_rss,Black_Sea_Ukraine
Putin prepara el Día de la Victoria perfecto . Ucrania tiene la oportunidad de oro para estropeárselo,2025-05-08 04:00:00+00:00,Spain,elconfidencial.com,https://www.elconfidencial.com/mundo/2025-05-08/rusia-ucrania-dia-victoria-tregua-1hms_4124305/,Black_Sea_Ukraine,gdelt,Black_Sea_Ukraine
Ukraine in maps : Tracking the war with Russia,2025-05-07 20:45:00+00:00,United Kingdom,bbc.com,https://www.bbc.com/news/articles/c0l0k4389g2o,Black_Sea_Ukraine,gdelt,Black_Sea_Ukraine
Повітряні сили : війська РФ з вечора атакували Україну 5 ракетами і 187 дронами,2025-05-07 16:15:00+00:00,Ukraine,radiosvoboda.org,https://www.radiosvoboda.org/a/news-povitriani-syly-drony/33407345.html,Black_Sea_Ukraine,gdelt,Black_Sea_Ukraine
جريدة البلاد | جماعة الحوثي : وقف إطلاق النار مع أميركا لا يشمل إسرائيل,2025-05-07 16:00:00+00:00,Bahrain,albiladpress.com,https://www.albiladpress.com/news/2025/6050/arab-and-world/914797.html,Red_Sea_Gulf_Aden,gdelt,Red_Sea_Gulf_Aden
是胡塞武装同意停火 ？ 还是美国想撤了 ？ ,2025-05-07 12:00:00+00:00,China,news.ycwb.com,https://news.ycwb.com/ikinvkntkl/content_53396445.htm,Red_Sea_Gulf_Aden,gdelt,Red_Sea_Gulf_Aden
Israel hits Yemen main airport in airstrike against Houthis,2025-05-07 07:00:00+00:00,Pakistan,dunyanews.tv,https://dunyanews.tv/en/World/882608-israel-hits-yemens-main-airport-in-airstrike-against-houthis,Levant_EastMed,gdelt,Levant_EastMed
Israeli attacks kill more than 60 as Gaza blockade accelerates starvation - Al Jazeera,2025-05-07 07:00:00+00:00,Al Jazeera,news.google.com,https://news.google.com/rss/articles/CBMisgFBVV95cUxNSWdPd0gwc2JGRHpTcjc1YlVqNURIaFg4RnR0UWJtd0xiNUk0alMzTUtvMXdsSWt6M0s4alBLOUNCaFFnbVRpcXJjYmdBTTZ6akxpcXN4WnpveW1XYXFWTmxTZDR5bHhyWG9Qb092OHZOcDdDd3RkZ0xrN2Q0bEdzQjRhNVRwVkd1dndEOFhlSXBrUmhpNnVjUVBuUnd6bjVrbDFxdldxVmk2bllLbjhtQ1VR0gG3AUFVX3lxTE5kRWVvci13ZGIyZnBaWU5EdmFxdjgzWFNxZGtPbHJmTF9lUHdhWlV0Z1l2NlNoZWJSLTNhTWRUQ1d3d2JGVGNxbEdPTW5Xb3F2VnlrQXpuWGRxMWtUb3VNMmwtSi1NNnp6WERENmR3SkVLLUdmOW50NmZsMzE4SVFRSWpIamhJY1U0bm5BZHpSSzdVZW8ycGlMSVduR0dwcThQODZWU3FoV0dQbmYwLTFFMFVmX2FxOA?oc=5,Levant_EastMed,google_rss,Levant_EastMed
Ölümcül abluka ! Her 40 dakikada 1 çocuğu öldürüyorlar,2025-05-07 04:45:00+00:00,Turkey,sabah.com.tr,https://www.sabah.com.tr/dunya/olumcul-abluka-her-40-dakikada-1-cocugu-olduruyorlar-7347910,Levant_EastMed,gdelt,Levant_EastMed
İsrail dört cephede bomba yağdırdı,2025-05-07 04:45:00+00:00,Turkey,hurriyet.com.tr,https://www.hurriyet.com.tr/dunya/israil-dort-cephede-bomba-yagdirdi-42791381,Levant_EastMed,gdelt,Levant_EastMed
Israel strikes Yemen main airport,2025-05-07 04:30:00+00:00,Bangladesh,bdnews24.com,https://bdnews24.com/world/middle-east/6ace740df4ca,Levant_EastMed,gdelt,Levant_EastMed
Israel hits Yemen main airport in airstrike against Houthis,2025-05-07 02:30:00+00:00,India,economictimes.indiatimes.com,https://economictimes.indiatimes.com/news/defence/israel-hits-yemens-main-airport-in-airstrike-against-houthis/articleshow/120948240.cms,Levant_EastMed,gdelt,Levant_EastMed
伊朗谴责以色列袭击也门经济和民用基础设施,2025-05-07 01:15:00+00:00,China,world.qianlong.com,https://world.qianlong.com/2025/0507/8482231.shtml,Levant_EastMed,gdelt,Levant_EastMed
"Trump announces deal to stop bombing Houthis , end shipping attacks",2025-05-06 23:45:00+00:00,Australia,abc.net.au,https://www.abc.net.au/news/2025-05-07/trump-says-us-to-stop-bombing-houthis-yemen-group-ends-attack/105261878,Red_Sea_Gulf_Aden,gdelt,Red_Sea_Gulf_Aden
特朗普 ： 胡塞武装同意停止威胁中东水域安全 美方将停止轰炸,2025-05-06 21:00:00+00:00,China,world.qianlong.com,https://world.qianlong.com/2025/0507/8482181.shtml,Red_Sea_Gulf_Aden,gdelt,Red_Sea_Gulf_Aden
Israel  fully disable Yemen main airport in second day of Houthi revenge strikes,2025-05-06 16:45:00+00:00,United Kingdom,mirror.co.uk,https://www.mirror.co.uk/news/world-news/israel-fully-disables-yemens-main-35179773,Levant_EastMed,gdelt,Levant_EastMed
একদিনে চার দেশে ইসরাইলি হামলা,2025-05-06 15:15:00+00:00,Bangladesh,dailyjanakantha.com,https://www.dailyjanakantha.com/international/news/800500,Levant_EastMed,gdelt,Levant_EastMed
Israel strikes Yemen main airport in Sanaa,2025-05-06 14:45:00+00:00,United Kingdom,bbc.com,https://www.bbc.com/news/articles/c7050j07gedo,Red_Sea_Gulf_Aden,gdelt,Red_Sea_Gulf_Aden
Israel strikes Yemen main airport in Sanaa,2025-05-06 14:15:00+00:00,United States,aol.com,https://www.aol.com/israel-strikes-yemens-main-airport-132104228.html,Red_Sea_Gulf_Aden,gdelt,Red_Sea_Gulf_Aden
ضربة  أنصار الله  لمطار  بن غوريون : صدمة إسرائيلية ورد استعراضي,2025-05-06 14:15:00+00:00,Israel,qudspress.com,https://qudspress.com/195794/,Red_Sea_Gulf_Aden,gdelt,Red_Sea_Gulf_Aden
Notikusi gūstekņu apmaiņa : mājās atgriezušies 205 Ukrainas karavīri,2025-05-06 14:15:00+00:00,Latvia,delfi.lv,https://www.delfi.lv/46713439/arzemes/120071231/notikusi-gusteknu-apmaina-majas-atgriezusies-205-ukrainas-karaviri,Black_Sea_Ukraine,gdelt,Black_Sea_Ukraine
"As Israel plans Gaza  conquest , how strong is its army ? ",2025-05-06 12:30:00+00:00,Israel,al-monitor.com,https://www.al-monitor.com/originals/2025/05/israel-plans-gaza-conquest-how-strong-its-army,Levant_EastMed,gdelt,Levant_EastMed
"As Israel plans Gaza  conquest , how strong is its army ? ",2025-05-06 11:45:00+00:00,United States,yahoo.com,https://www.yahoo.com/news/israel-plans-gaza-conquest-strong-110909140.html,Levant_EastMed,gdelt,Levant_EastMed
Israel bombs Yemen Hodeidah port after attack near Tel Aviv,2025-05-06 08:30:00+00:00,United Kingdom,independent.co.uk,https://www.independent.co.uk/news/world/middle-east/israel-attacks-yemen-hodeidah-port-houthi-b2745398.html,Red_Sea_Gulf_Aden,gdelt,Red_Sea_Gulf_Aden
Brothers in Arms: Assessing North Korea’s Contribution to Russia’s War in Ukraine - Royal United Services Institute (RUSI),2025-05-06 07:00:00+00:00,Royal United Services Institute (RUSI),news.google.com,https://news.google.com/rss/articles/CBMi0AFBVV95cUxOOGNQR1hwdU5pSWlmeUNoV05aY1V3MzlVSjNrWG83OGRrVnp4eWFTQ2xRM0RQZjlzM00zR3haUlBQcWhoUl82V1FqUVVZaDVOMnljZVBXMUR5MVZlRE9wRGtBWVRDeWtKQ0xFeEpGV1VvM2pDTnk4OXVYelFlYnlOaGJNbFZIcXZTY1RLMm1ubmo2bzVJemJQQUVaYVpEM2NsS29qSjVyNEFMdi1ySVpUbjkyTzlLNktqYmdabmxubTdjT2wxUEdZSkNqRW51dGRO?oc=5,Black_Sea_Ukraine,google_rss,Black_Sea_Ukraine
专家谈胡塞武装致以机场瘫痪 高超音速导弹突袭 _ 军事频道 _ 中华网,2025-05-06 04:15:00+00:00,China,military.china.com,https://military.china.com/news/13004177/20250506/48294673.html,Red_Sea_Gulf_Aden,gdelt,Red_Sea_Gulf_Aden
专家解读胡塞武装瘫痪以机场 高超音速导弹突袭 _ 军事频道 _ 中华网,2025-05-06 03:15:00+00:00,China,military.china.com,https://military.china.com/news/13004177/20250506/48293621.html,Red_Sea_Gulf_Aden,gdelt,Red_Sea_Gulf_Aden
İsrail Ordusundan Lübnan ve Suriye Sınırına Hava Saldırıları,2025-05-05 21:15:00+00:00,Turkey,haberler.com,https://www.haberler.com/guncel/israil-ordusundan-lubnan-ve-suriye-sinirina-hava-saldirilari-18593622-haberi/,Levant_EastMed,gdelt,Levant_EastMed
Putin says he hopes there will be no need to use nuclear weapons in Ukraine,2025-05-05 17:30:00+00:00,United States,newdelhitimes.com,https://www.newdelhitimes.com/putin-says-he-hopes-there-will-be-no-need-to-use-nuclear-weapons-in-ukraine/,Black_Sea_Ukraine,gdelt,Black_Sea_Ukraine
Putin niega uso nuclear y resalta guerra en Ucrania,2025-05-05 12:45:00+00:00,Mexico,razon.com.mx,https://www.razon.com.mx/mundo/2025/05/05/putin-niega-uso-nuclear-y-resalta-guerra-en-ucrania/,Black_Sea_Ukraine,gdelt,Black_Sea_Ukraine
US warplanes carry out 35 strikes across Yemen since early Sunday,2025-05-05 10:15:00+00:00,Syria,globalsecurity.org,https://www.globalsecurity.org/military/library/news/2025/05/mil-250504-presstv07.htm,Red_Sea_Gulf_Aden,gdelt,Red_Sea_Gulf_Aden
Putin claims he  hopes nuclear weapons will not be needed  in Ukraine,2025-05-05 07:45:00+00:00,United Kingdom,independent.co.uk,https://www.independent.co.uk/news/world/europe/putin-nuclear-weapons-russia-ukraine-war-b2744863.html,Black_Sea_Ukraine,gdelt,Black_Sea_Ukraine
Putin habla sobre la posibilidad de usar armas nucleares contra Ucrania,2025-05-05 07:15:00+00:00,Mexico,planoinformativo.com,https://planoinformativo.com/1072455/putin-habla-sobre-la-posibilidad-de-usar-armas-nucleares-contra-ucrania,Black_Sea_Ukraine,gdelt,Black_Sea_Ukraine
"Ukraine war briefing: Three million shells coming from our allies, says Zelenskyy - The Guardian",2025-05-05 07:00:00+00:00,The Guardian,news.google.com,https://news.google.com/rss/articles/CBMiwwFBVV95cUxQamF4RGVzU1dodzR6QzhRMHpydjFJc2tZcWdydjdxNEM5RUhVbWw2bnd2Y0JBRU50anRDdklQR2oyTFFnR2ppSUNxY0w4WVltclZmZkduU2FxdW5faEhaVlRqaTlOSlc3V1FIdlppUUlyNl9PaVZENkVJMmJmZjR5eTd3cFJmUHY2am5CWnpGcUx0Z2U4cFVaNHFLSzlMUFMyNDJsWjAybXBHSTh6S0ctM256SXQtQTBUMVozaEpGTnJobDQ?oc=5,Black_Sea_Ukraine,google_rss,Black_Sea_Ukraine
"Netanyahu Promises Retaliation Following Houthi Attack On Israeli Airport | Somali News , Articles And Entertainment",2025-05-05 02:30:00+00:00,Somalia,jowhar.com,https://www.jowhar.com/world-news/netanyahu-promises-retaliation-following-houthi-attack-on-israeli-airport.html,Red_Sea_Gulf_Aden,gdelt,Red_Sea_Gulf_Aden
Υεμένη : Για νέους βομβαρδισμούς των ΗΠΑ κάνουν λόγο οι Χούθι,2025-05-05 01:15:00+00:00,Greece,in.gr,https://www.in.gr/2025/05/05/world/yemeni-gia-neous-vomvardismous-ton-ipa-kanoun-logo-oi-xouthi/,Red_Sea_Gulf_Aden,gdelt,Red_Sea_Gulf_Aden
Vladimir Putin  hopes nuclear weapons will not be required  in Ukraine,2025-05-04 17:45:00+00:00,United Kingdom,bournemouthecho.co.uk,https://www.bournemouthecho.co.uk/news/national/25137136.vladimir-putin-hopes-nuclear-weapons-will-not-required-ukraine/,Black_Sea_Ukraine,gdelt,Black_Sea_Ukraine
Vladimir Putin  hopes nuclear weapons will not be required  in Ukraine,2025-05-04 16:15:00+00:00,United Kingdom,oxfordmail.co.uk,https://www.oxfordmail.co.uk/news/national/25137136.vladimir-putin-hopes-nuclear-weapons-will-not-required-ukraine/,Black_Sea_Ukraine,gdelt,Black_Sea_Ukraine
"Yemen appoints new prime minister after cabinet resigned , council says",2025-05-04 16:15:00+00:00,Singapore,asiaone.com,https://www.asiaone.com/asia/yemen-appoints-new-prime-minister-after-cabinet-resigned-council-says,Red_Sea_Gulf_Aden,gdelt,Red_Sea_Gulf_Aden
"Yemen appoints new prime minister after cabinet resigned , council says",2025-05-04 05:00:00+00:00,United States,aol.com,https://www.aol.com/news/pm-yemens-internationally-recognised-government-122647577.html,Red_Sea_Gulf_Aden,gdelt,Red_Sea_Gulf_Aden
突发 ！ 泽连斯基拒绝普京72小时停火提议 ！ 遭乌克兰大规模无人机 、 导弹袭击 ， 俄罗斯一港口城市进入紧急状态,2025-05-04 00:45:00+00:00,China,163.com,https://www.163.com/dy/article/JULLHLO80512B07B.html,Black_Sea_Ukraine,gdelt,Black_Sea_Ukraine
Sprængt i stumper : Frontens sidste zoologiske have er fortid,2025-05-03 21:00:00+00:00,Denmark,ekstrabladet.dk,https://ekstrabladet.dk/nyheder/krigogkatastrofer/spraengt-i-stumper-frontens-sidste-zoologiske-have-er-fortid/10601426,Black_Sea_Ukraine,gdelt,Black_Sea_Ukraine
İsrail Savaş Uçakları Suriyeyi Vurdu,2025-05-03 17:30:00+00:00,Turkey,haberler.com,https://www.haberler.com/guncel/israil-savas-ucaklari-suriye-yi-vurdu-18585558-haberi/,Levant_EastMed,gdelt,Levant_EastMed
İsrail ordusu Suriyenin güneyine konuşlandı – DW – 03 . 05 . 2025,2025-05-03 11:00:00+00:00,Germany,dw.com,https://www.dw.com/tr/i%CC%87srail-ordusu-suriyenin-g%C3%BCneyine-konu%C5%9Fland%C4%B1/a-72424818,Levant_EastMed,gdelt,Levant_EastMed
İsrailin Şama Hava Saldırısı : Kasiyun Dağı  ndan Yükselen Dumanlar,2025-05-03 09:30:00+00:00,Turkey,haberler.com,https://www.haberler.com/guncel/israil-in-sam-a-hava-saldirisi-kasiyun-dagi-ndan-yukselen-dumanlar-18583456-haberi/,Levant_EastMed,gdelt,Levant_EastMed
İsrail jetleri Suriyeyi bombaladı – DW – 03 . 05 . 2025,2025-05-03 09:00:00+00:00,Germany,dw.com,https://www.dw.com/tr/i%CC%87srail-jetleri-suriyeyi-bombalad%C4%B1/a-72424818,Levant_EastMed,gdelt,Levant_EastMed
Two Russian Su-30 Flankers Downed By AIM-9s Fired From Drone Boats: Ukrainian Intel Boss - The War Zone,2025-05-03 07:00:00+00:00,The War Zone,news.google.com,https://news.google.com/rss/articles/CBMivgFBVV95cUxPUGdKaG1QT0xFNnVQLThLQ29EZlhuNGpHdmJoS2dyU05EU250UTE3Q3BHbkFDRV9ucU5FalY4LXZkb2NDWVFpSGoxNVZDV0phN3VBelE0dnlJemhmZFJrN0EyVksyYUl5bkItN25leENXeXdmQmZyejczbHFsdnVvSjFuYlZTamhPcGtCN0d3MzNjY2FscWtwcTVUQV93dl9lWUxDTGJ4RmlRTVpORHBaaDQxUFIxb3JKa1J6X09n?oc=5,Black_Sea_Ukraine,google_rss,Black_Sea_Ukraine
中东突发 ！ 以色列袭击叙利亚总统府附近目标,2025-05-02 20:00:00+00:00,China,stcn.com,http://www.stcn.com/article/detail/1764832.html,Levant_EastMed,gdelt,Levant_EastMed
Yemen warns U . K . of deepening conflict after joint U . S . strikes in Red Sea escalation – NaturalNews . com,2025-05-02 13:45:00+00:00,United States,naturalnews.com,https://www.naturalnews.com/2025-05-02-yemen-warns-uk-of-deepening-conflict.html,Red_Sea_Gulf_Aden,gdelt,Red_Sea_Gulf_Aden
İsrailden Suriyeye hava saldırısı :  Şam  ın güneyine asker konuşlanmayacak  ,2025-05-02 13:45:00+00:00,Turkey,cumhuriyet.com.tr,https://www.cumhuriyet.com.tr/dunya/israilden-suriyeye-hava-saldirisi-samin-guneyine-asker-2334675,Levant_EastMed,gdelt,Levant_EastMed
Qatar condemns in strongest terms Israeli airstrike near Syrian Presidential palace,2025-05-02 12:15:00+00:00,Qatar,gulf-times.com,https://www.gulf-times.com/article/704016/qatar/qatar-condemns-in-strongest-terms-israeli-airstrike-near-syrian-presidential-palace,Levant_EastMed,gdelt,Levant_EastMed
جنبلاط يتحرّك .. الدروز والعروبة أولويّة,2025-05-02 10:30:00+00:00,Lebanon,lebanon24.com,https://www.lebanon24.com/news/lebanon/1354653/%d8%ac%d9%86%d8%a8%d9%84%d8%a7%d8%b7-%d9%8a%d8%aa%d8%ad%d8%b1%d9%91%d9%83-%d8%a7%d9%84%d8%af%d8%b1%d9%88%d8%b2-%d9%88%d8%a7%d9%84%d8%b9%d8%b1%d9%88%d8%a8%d8%a9-%d8%a3%d9%88%d9%84%d9%88%d9%8a%d9%91%d8%a9,Levant_EastMed,gdelt,Levant_EastMed
İsrail ordusu Şamda başkanlık sarayının yakınını bombaladı – DW – 02 . 05 . 2025,2025-05-02 09:30:00+00:00,Germany,dw.com,https://www.dw.com/tr/i%CC%87srail-ordusu-%C5%9Famda-ba%C5%9Fkanl%C4%B1k-saray%C4%B1n%C4%B1n-yak%C4%B1n%C4%B1n%C4%B1-bombalad%C4%B1/a-72412318,Levant_EastMed,gdelt,Levant_EastMed
Rușii au desfășurat o întreagă escadrilă de nave de război în Marea Neagră . Cinci dintre ele sunt purtătoare de rachete „ Kalibr  ,2025-05-02 09:15:00+00:00,Romania,ziare.com,https://ziare.com/razboi-ucraina/rusia-nave-militare-marea-neagra-1938925,Black_Sea_Ukraine,gdelt,Black_Sea_Ukraine
Israel downs Yemen - fired missile claimed by Houthis,2025-05-02 08:15:00+00:00,Saudi Arabia,arabnews.com,https://www.arabnews.com/node/2599263/middle-east,Red_Sea_Gulf_Aden,gdelt,Red_Sea_Gulf_Aden
حتى نهاية 2025 .. هذه هي المخططات السياسية والعسكرية للاحتلال الإسرائيلي,2025-05-02 07:45:00+00:00,Egypt,shorouknews.com,https://www.shorouknews.com/news/view.aspx?cdate=02052025&id=e5c5cf18-b05c-46ed-8ee3-bf5e2cd72d41,Levant_EastMed,gdelt,Levant_EastMed
Israeli military launches airstrike on Syria after warning over sectarian attacks - PBS,2025-05-02 07:00:00+00:00,PBS,news.google.com,https://news.google.com/rss/articles/CBMitwFBVV95cUxQOWIwdjVmNDhXOGF6aTNkT1JNWUFpMVZ4T3pzSzJhRXRFYTJJMldxRElHUzRjaEUtNDQtVEZFak9lRmVCakxabF80WGVCOW1xTXFsOFVOQm1uNUtoeWx5QzJqcE94N1I1YjQ0RFIwUllsS1h1SEN1eU9FT0tLQ2o2RkVrb3RSZmtzUHVPWVl5WXFjZkhCT1JvX0NfZ1JVb3ItTkVPbUVWODZBOXdUdGpPeXEwWFFHVHfSAbwBQVVfeXFMTmk4OVpLY0ZVbkJncWc0dzlLejF2UWVwVWhrbzdpd3BGdDUxa1RqVFNyaFpDdEJWTU9rWDl0Qnh3SnM5OTdUVFFJVzhWS3FGQ0pxU0dheWwza0NPcS1nVXVQY0lHWmFYcTlmazBZNDBXZ2c4ZmZWbTJHOHVMLVUtNk5IQUJNMmFCZURGbllWVUt6RTk5c1FRUk9yTG83UUtoeDFDMlRIX1dWdEVITW5WclVfNDVVVzVQZ2N3bHk?oc=5,Levant_EastMed,google_rss,Levant_EastMed
For second time in 3 years Zelensky sabotages Ukraine war peace deal,2025-05-02 06:45:00+00:00,Japan,nuclear-news.net,https://nuclear-news.net/2025/05/02/2-b1-for-second-time-in-3-years-zelensky-sabotages-ukraine-war-peace-deal/,Black_Sea_Ukraine,gdelt,Black_Sea_Ukraine
美英对胡塞武装发起联合军事行动 打击无人机制造设施 _ 新闻频道 _ 中华网,2025-05-02 02:15:00+00:00,China,news.china.com,https://news.china.com/socialgd/10000169/20250502/48283845.html,Red_Sea_Gulf_Aden,gdelt,Red_Sea_Gulf_Aden
UK military launches airstrikes with US targeting Yemen Houthi rebels,2025-05-01 21:15:00+00:00,United States,timesfreepress.com,https://www.timesfreepress.com/news/2025/may/01/uk-military-launches-airstrikes-with-us-targeting-yemens-houthi-rebels/,Red_Sea_Gulf_Aden,gdelt,Red_Sea_Gulf_Aden
Hegseth Warns Iran Will  Pay the Consequence  for Backing Yemen Houthis,2025-05-01 14:15:00+00:00,United States,theepochtimes.com,https://www.theepochtimes.com/us/hegseth-warns-iran-will-pay-the-consequence-for-backing-yemens-houthis-5850567,Red_Sea_Gulf_Aden,gdelt,Red_Sea_Gulf_Aden
UK military launches airstrikes with US targeting Yemen Houthi rebels,2025-05-01 08:45:00+00:00,United States,nypost.com,https://nypost.com/2025/05/01/world-news/uk-military-launches-airstrikes-with-us-targeting-yemens-houthi-rebels/,Red_Sea_Gulf_Aden,gdelt,Red_Sea_Gulf_Aden
Війна в Україні : ППО збила 74 дрони РФ - новини LB . ua,2025-05-01 07:45:00+00:00,Ukraine,lb.ua,https://lb.ua/society/2025/05/01/674036_vnochi_ppo_zbila_74_rosiyski.html,Black_Sea_Ukraine,gdelt,Black_Sea_Ukraine
Нічна атака по Україні 30 квітня - деталі Укрaїнa,2025-05-01 07:30:00+00:00,Ukraine,tsn.ua,https://tsn.ua/ukrayina/rf-atakuvala-ukrayinu-shcho-letilo-ta-iaki-rehiony-perezyly-vorozyy-udar-2819495.html,Black_Sea_Ukraine,gdelt,Black_Sea_Ukraine
Hegseth warns Iran  will pay consequence  of supporting Houthis,2025-05-01 06:45:00+00:00,United Kingdom,bucksfreepress.co.uk,https://www.bucksfreepress.co.uk/news/national/25129524.hegseth-warns-iran-will-pay-consequence-supporting-houthis/,Red_Sea_Gulf_Aden,gdelt,Red_Sea_Gulf_Aden
Hegseth warns Iran  will pay consequence  of supporting Houthis,2025-05-01 06:30:00+00:00,United Kingdom,oxfordmail.co.uk,https://www.oxfordmail.co.uk/news/national/25129524.hegseth-warns-iran-will-pay-consequence-supporting-houthis/,Red_Sea_Gulf_Aden,gdelt,Red_Sea_Gulf_Aden
U . S . Peace Plan for Russia - Ukraine War Gifts Putin Crimea,2025-05-01 06:15:00+00:00,United States,foreignpolicy.com,https://foreignpolicy.com/2025/04/30/us-peace-plan-russia-ukraine-crimea/?tpcc=recirc_trending062921,Black_Sea_Ukraine,gdelt,Black_Sea_Ukraine
Hegseth warns Iran  will pay consequence  of supporting Houthis,2025-05-01 06:00:00+00:00,United Kingdom,thenorthernecho.co.uk,https://www.thenorthernecho.co.uk/news/national/25129524.hegseth-warns-iran-will-pay-consequence-supporting-houthis/,Red_Sea_Gulf_Aden,gdelt,Red_Sea_Gulf_Aden
UK military launches airstrikes with US targeting Yemen Houthi rebels,2025-05-01 06:00:00+00:00,United States,durangoherald.com,https://www.durangoherald.com/articles/uk-military-launches-airstrikes-with-us-targeting-yemens-houthi-rebels/,Red_Sea_Gulf_Aden,gdelt,Red_Sea_Gulf_Aden
Hegseth warns Iran  will pay consequence  of supporting Houthis,2025-05-01 05:45:00+00:00,United Kingdom,edp24.co.uk,https://www.edp24.co.uk/news/national/25129524.hegseth-warns-iran-will-pay-consequence-supporting-houthis/,Red_Sea_Gulf_Aden,gdelt,Red_Sea_Gulf_Aden
Hegseth warns Iran  will pay consequence  of supporting Houthis,2025-05-01 05:00:00+00:00,United Kingdom,echo-news.co.uk,https://www.echo-news.co.uk/news/national/25129524.hegseth-warns-iran-will-pay-consequence-supporting-houthis/,Red_Sea_Gulf_Aden,gdelt,Red_Sea_Gulf_Aden
Hegseth warns Iran  will pay consequence  of supporting Houthis,2025-05-01 04:30:00+00:00,United Kingdom,theboltonnews.co.uk,https://www.theboltonnews.co.uk/news/national/25129524.hegseth-warns-iran-will-pay-consequence-supporting-houthis/,Red_Sea_Gulf_Aden,gdelt,Red_Sea_Gulf_Aden
Hegseth warns Iran  will pay consequence  of supporting Houthis,2025-05-01 04:15:00+00:00,United Kingdom,impartialreporter.com,https://www.impartialreporter.com/news/national/25129524.hegseth-warns-iran-will-pay-consequence-supporting-houthis/,Red_Sea_Gulf_Aden,gdelt,Red_Sea_Gulf_Aden
Hegseth warns Iran  will pay consequence  of supporting Houthis,2025-05-01 04:15:00+00:00,United Kingdom,theargus.co.uk,https://www.theargus.co.uk/news/national/25129524.hegseth-warns-iran-will-pay-consequence-supporting-houthis/,Red_Sea_Gulf_Aden,gdelt,Red_Sea_Gulf_Aden
Hegseth warns Iran  will pay consequence  of supporting Houthis,2025-05-01 04:15:00+00:00,United Kingdom,bournemouthecho.co.uk,https://www.bournemouthecho.co.uk/news/national/25129524.hegseth-warns-iran-will-pay-consequence-supporting-houthis/,Red_Sea_Gulf_Aden,gdelt,Red_Sea_Gulf_Aden
Hegseth warns Iran  will pay consequence  of supporting Houthis,2025-05-01 04:15:00+00:00,United Kingdom,eppingforestguardian.co.uk,https://www.eppingforestguardian.co.uk/news/national/25129524.hegseth-warns-iran-will-pay-consequence-supporting-houthis/,Red_Sea_Gulf_Aden,gdelt,Red_Sea_Gulf_Aden
  You will pay consequence : US warns Iran over  lethal  support to Yemen Houthi rebels,2025-05-01 04:15:00+00:00,India,timesofindia.indiatimes.com,https://timesofindia.indiatimes.com/world/us/you-will-pay-consequence-us-warns-iran-over-lethal-support-to-yemens-houthi-rebels/articleshow/120782002.cms,Red_Sea_Gulf_Aden,gdelt,Red_Sea_Gulf_Aden
Hegseth warns Iran  will pay consequence  of supporting Houthis,2025-05-01 04:15:00+00:00,United Kingdom,yourlocalguardian.co.uk,https://www.yourlocalguardian.co.uk/news/national/25129524.hegseth-warns-iran-will-pay-consequence-supporting-houthis/,Red_Sea_Gulf_Aden,gdelt,Red_Sea_Gulf_Aden
Hegseth warns Iran  will pay consequence  of supporting Houthis,2025-05-01 04:15:00+00:00,United Kingdom,tivysideadvertiser.co.uk,https://www.tivysideadvertiser.co.uk/news/national/25129524.hegseth-warns-iran-will-pay-consequence-supporting-houthis/,Red_Sea_Gulf_Aden,gdelt,Red_Sea_Gulf_Aden
Hegseth warns Iran  will pay consequence  of supporting Houthis | St Albans & Harpenden Review,2025-05-01 04:15:00+00:00,United Kingdom,stalbansreview.co.uk,https://www.stalbansreview.co.uk/news/national/25129524.hegseth-warns-iran-will-pay-consequence-supporting-houthis/,Red_Sea_Gulf_Aden,gdelt,Red_Sea_Gulf_Aden
Hegseth warns Iran  will pay consequence  of supporting Houthis,2025-05-01 04:15:00+00:00,United Kingdom,gazetteherald.co.uk,https://www.gazetteherald.co.uk/news/national/25129524.hegseth-warns-iran-will-pay-consequence-supporting-houthis/,Red_Sea_Gulf_Aden,gdelt,Red_Sea_Gulf_Aden
Hegseth warns Iran  will pay consequence  of supporting Houthis,2025-05-01 04:00:00+00:00,United Kingdom,jerseyeveningpost.com,https://jerseyeveningpost.com/morenews/worldnews/2025/05/01/hegseth-warns-iran-will-pay-consequence-of-supporting-houthis/,Red_Sea_Gulf_Aden,gdelt,Red_Sea_Gulf_Aden
Hegseth warns Iran  will pay consequence  of supporting Houthis,2025-05-01 04:00:00+00:00,United Kingdom,stroudnewsandjournal.co.uk,https://www.stroudnewsandjournal.co.uk/news/national/25129524.hegseth-warns-iran-will-pay-consequence-supporting-houthis/,Red_Sea_Gulf_Aden,gdelt,Red_Sea_Gulf_Aden
UK military launches airstrikes with US targeting Yemen Houthi rebels,2025-05-01 04:00:00+00:00,United States,news-gazette.com,https://www.news-gazette.com/news/nation-world/uk-military-launches-airstrikes-with-us-targeting-yemens-houthi-rebels/article_6621cb13-c448-5efd-9533-e8e005aa0320.html,Red_Sea_Gulf_Aden,gdelt,Red_Sea_Gulf_Aden
UK military launches airstrikes with US targeting Yemen Houthi rebels,2025-05-01 04:00:00+00:00,United States,wvnews.com,https://www.wvnews.com/jacksonnewsnewsfeed/world/uk-military-launches-airstrikes-with-us-targeting-yemens-houthi-rebels/article_44e09b48-69a8-5938-9aa1-f780b3d45943.html,Red_Sea_Gulf_Aden,gdelt,Red_Sea_Gulf_Aden
Hegseth warns Iran  will pay consequence  of supporting Houthis,2025-05-01 04:00:00+00:00,United Kingdom,yorkpress.co.uk,https://www.yorkpress.co.uk/news/national/25129524.hegseth-warns-iran-will-pay-consequence-supporting-houthis/,Red_Sea_Gulf_Aden,gdelt,Red_Sea_Gulf_Aden
Hegseth warns Iran  will pay consequence  of supporting Houthis,2025-05-01 03:15:00+00:00,United Kingdom,somersetcountygazette.co.uk,https://www.somersetcountygazette.co.uk/news/national/25129524.hegseth-warns-iran-will-pay-consequence-supporting-houthis/,Red_Sea_Gulf_Aden,gdelt,Red_Sea_Gulf_Aden
Hegseth warns Iran  will pay consequence  of supporting Houthis,2025-05-01 03:15:00+00:00,United Kingdom,hampshirechronicle.co.uk,https://www.hampshirechronicle.co.uk/news/national/25129524.hegseth-warns-iran-will-pay-consequence-supporting-houthis/,Red_Sea_Gulf_Aden,gdelt,Red_Sea_Gulf_Aden
Hegseth warns Iran  will pay consequence  of supporting Houthis,2025-05-01 03:15:00+00:00,United Kingdom,penarthtimes.co.uk,https://www.penarthtimes.co.uk/news/national/25129524.hegseth-warns-iran-will-pay-consequence-supporting-houthis/,Red_Sea_Gulf_Aden,gdelt,Red_Sea_Gulf_Aden
"UK Starmer government joins US in attacks on Houthis , declares Washington  closest security ally  ",2025-04-30 22:30:00+00:00,United States,wsws.org,https://www.wsws.org/en/articles/2025/04/30/xgcj-a30.html,Red_Sea_Gulf_Aden,gdelt,Red_Sea_Gulf_Aden
UK military launches airstrikes with US targeting Yemen Houthi rebels,2025-04-30 20:45:00+00:00,United States,dailynews.com,https://www.dailynews.com/2025/04/30/uk-airstrikes-houthi-rebels/,Red_Sea_Gulf_Aden,gdelt,Red_Sea_Gulf_Aden
UK military launches airstrikes with US targeting Yemen Houthi rebels,2025-04-30 20:15:00+00:00,United States,oneidadispatch.com,https://www.oneidadispatch.com/2025/04/30/uk-airstrikes-houthi-rebels/,Red_Sea_Gulf_Aden,gdelt,Red_Sea_Gulf_Aden
UK military launches airstrikes with US targeting Yemen Houthi rebels,2025-04-30 18:30:00+00:00,United States,bostonherald.com,https://www.bostonherald.com/2025/04/30/uk-airstrikes-houthi-rebels/,Red_Sea_Gulf_Aden,gdelt,Red_Sea_Gulf_Aden
UK joins US air strikes against Houthis in Yemen,2025-04-30 17:45:00+00:00,United States,bignewsnetwork.com,http://www.bignewsnetwork.com/news/278195468/uk-joins-us-air-strikes-against-houthis-in-yemen,Red_Sea_Gulf_Aden,gdelt,Red_Sea_Gulf_Aden
Migrant dreams buried under rubble after deadly strike on Yemen center,2025-04-30 16:45:00+00:00,Saudi Arabia,arabnews.com,https://www.arabnews.com/node/2599057/middle-east,Red_Sea_Gulf_Aden,gdelt,Red_Sea_Gulf_Aden
Suriyede sular durulmuyor ... İsrail Dürzileri koruma bahanesiyle Şama saldrırdı,2025-04-30 16:30:00+00:00,Turkey,odatv.com,https://www.odatv.com/guncel/suriyede-sular-durulmuyor-israil-durzileri-koruma-bahanesiyle-sama-saldrirdi-120096706,Levant_EastMed,gdelt,Levant_EastMed
US and united kingdom forces carry out combined military operation in Yemen,2025-04-30 16:30:00+00:00,Azerbaijan,news.az,https://news.az/news/us-and-uk-forces-carry-out-combined-military-operation-in-yemen,Red_Sea_Gulf_Aden,gdelt,Red_Sea_Gulf_Aden
"İsrail , Suriyede 5 savaş uçağıyla hava saldırıları düzenledi",2025-04-30 16:30:00+00:00,Turkey,birgun.net,https://www.birgun.net/haber/israil-suriye-de-5-savas-ucagiyla-hava-saldirilari-duzenledi-619517%20target=_blank%20class=stretched-link,Levant_EastMed,gdelt,Levant_EastMed
Migrant dreams buried under rubble after deadly strike on Yemen centre,2025-04-30 16:15:00+00:00,United States,yahoo.com,https://www.yahoo.com/news/migrants-dreams-buried-under-rubble-153507398.html,Red_Sea_Gulf_Aden,gdelt,Red_Sea_Gulf_Aden
"Endişe verici gelişmeler ... İsrail , Suriyenin kalbine saldırdı",2025-04-30 16:15:00+00:00,Turkey,sozcu.com.tr,https://www.sozcu.com.tr/israil-den-suriye-ye-hava-saldirilari-30-nisan-2025-p168248,Levant_EastMed,gdelt,Levant_EastMed
"İsrail , Şama 5 savaş uçağıyla hava saldırıları düzenledi",2025-04-30 16:00:00+00:00,Turkey,haberler.com,https://www.haberler.com/guncel/israil-sam-yakinlarina-hava-saldirilari-duzenledi-18573237-haberi/,Levant_EastMed,gdelt,Levant_EastMed
"İsrail , Suriyeye 5 savaş uçağıyla hava saldırıları düzenledi",2025-04-30 15:45:00+00:00,Turkey,aa.com.tr,https://www.aa.com.tr/tr/dunya/israil-suriyeye-5-savas-ucagiyla-hava-saldirilari-duzenledi/3553553,Levant_EastMed,gdelt,Levant_EastMed
UK Military Launches Airstrikes with US Targeting Yemen Houthi Rebels,2025-04-30 15:45:00+00:00,United States,military.com,https://www.military.com/daily-news/2025/04/30/uk-military-launches-airstrikes-us-targeting-yemens-houthi-rebels.html,Red_Sea_Gulf_Aden,gdelt,Red_Sea_Gulf_Aden
UK and US strike Houthi drone facility in Yemen amid Red Sea threats,2025-04-30 13:45:00+00:00,India,newkerala.com,https://www.newkerala.com/news/o/uk-join-us-airstrike-houthi-facility-yemen-amid-red-220,Red_Sea_Gulf_Aden,gdelt,Red_Sea_Gulf_Aden
UK Military Launches Airstrikes With US Targeting Yemen Houthi Rebels – 710am KURV,2025-04-30 13:30:00+00:00,United States,kurv.com,https://www.kurv.com/uk-military-launches-airstrikes-with-us-targeting-yemens-houthi-rebels/,Red_Sea_Gulf_Aden,gdelt,Red_Sea_Gulf_Aden
الجيش البريطاني يشن غارات جوية بالتعاون مع الولايات المتحدة ضد أهداف حوثية,2025-04-30 13:15:00+00:00,Syria,elaph.com,https://elaph.com/Web/News/2025/04/1566936.html,Red_Sea_Gulf_Aden,gdelt,Red_Sea_Gulf_Aden
British military launches air strikes with U . S . targeting Yemen Houthi rebels,2025-04-30 12:30:00+00:00,Canada,theglobeandmail.com,https://www.theglobeandmail.com/world/article-british-military-launches-air-strikes-with-us-targeting-yemens-houthi/,Red_Sea_Gulf_Aden,gdelt,Red_Sea_Gulf_Aden
الصين تدعو إسرائيل للتخلي عن  وهم تحقيق النصر بالقوة  في غزة,2025-04-30 11:45:00+00:00,Israel,zamnpress.com,http://zamnpress.com/news/139019,Levant_EastMed,gdelt,Levant_EastMed
Країни ООН вимагають припинення вогню в Україні просто зараз,2025-04-30 11:45:00+00:00,Ukraine,delo.ua,https://delo.ua/news/radbez-oon-zaklikav-do-negainogo-pripinennya-vognyu-v-ukrayini-ta-zasudiv-ataki-rf-445515/,Black_Sea_Ukraine,gdelt,Black_Sea_Ukraine
"Britain , U . S . attack Houthi drone manufacturing targets in Yemen",2025-04-30 11:45:00+00:00,United States,upi.com,https://www.upi.com/Top_News/US/2025/04/30/US-Yemen-Houthi-strikes/5271746001327/,Red_Sea_Gulf_Aden,gdelt,Red_Sea_Gulf_Aden
آمریکا و بریتانیا به یک « مرکز تولید پهپاد » حوثی‌های یمن حمله کردند,2025-04-30 11:15:00+00:00,Iran,radiofarda.com,https://www.radiofarda.com/a/us-and-uk-forces-conduct-joint-military-operation-in-yemen-britain-says/33400897.html,Red_Sea_Gulf_Aden,gdelt,Red_Sea_Gulf_Aden
كاتس : الانتصار الكامل هو الهدف الأساسي للحرب - بوابة الشروق,2025-04-30 09:15:00+00:00,Egypt,shorouknews.com,https://www.shorouknews.com/news/view.aspx?cdate=30042025&id=411e9e65-ba3e-440b-bb0a-8ee3169f6d3a,Levant_EastMed,gdelt,Levant_EastMed
UK military launches airstrikes with US targeting Yemen Houthi rebels,2025-04-30 07:15:00+00:00,,yoursourceone.com,https://www.yoursourceone.com/south_sound/news/national_news/uk-military-launches-airstrikes-with-us-targeting-yemens-houthi-rebels/article_d0d8a09f-e70f-5a53-a402-4ac663942d52.html,Red_Sea_Gulf_Aden,gdelt,Red_Sea_Gulf_Aden
"US , united kingdom conducting joint military operation in Yemen",2025-04-30 06:45:00+00:00,Bangladesh,bdnews24.com,https://bdnews24.com/world/middle-east/28bb9369f326,Red_Sea_Gulf_Aden,gdelt,Red_Sea_Gulf_Aden
UK military launches airstrikes with US targeting Yemen Houthi rebels,2025-04-30 06:30:00+00:00,United States,stripes.com,https://www.stripes.com/theaters/middle_east/2025-04-29/uk-military-us-airstrikes-yemen-17627746.html,Red_Sea_Gulf_Aden,gdelt,Red_Sea_Gulf_Aden
UK military launches airstrikes with US targeting Yemen Houthi rebels,2025-04-30 06:15:00+00:00,United States,isp.netscape.com,https://isp.netscape.com/news/world/story/0001/20250429/9ab021aac8f01694fa98619e3ffe92ba,Red_Sea_Gulf_Aden,gdelt,Red_Sea_Gulf_Aden
UK joins US as military launches strikes against Houthis in Yemen in joint operation,2025-04-30 06:00:00+00:00,United Kingdom,mirror.co.uk,https://www.mirror.co.uk/news/uk-news/breaking-uk-joins-military-launches-35138453,Red_Sea_Gulf_Aden,gdelt,Red_Sea_Gulf_Aden
UK military launches airstrikes with US targeting Yemen Houthi rebels,2025-04-30 05:15:00+00:00,United States,clickorlando.com,https://www.clickorlando.com/news/world/2025/04/30/uk-military-launches-airstrikes-with-us-targeting-yemens-houthi-rebels/,Red_Sea_Gulf_Aden,gdelt,Red_Sea_Gulf_Aden
UK military launches airstrikes with US targeting Yemen Houthi rebels,2025-04-30 05:15:00+00:00,United States,the-messenger.com,https://www.the-messenger.com/news/world/article_2827160d-9887-555a-b400-4fd4fde63e72.html,Red_Sea_Gulf_Aden,gdelt,Red_Sea_Gulf_Aden
UK military launches airstrikes with US targeting Yemen Houthi rebels,2025-04-30 04:30:00+00:00,United States,wsls.com,https://www.wsls.com/news/world/2025/04/30/uk-military-launches-airstrikes-with-us-targeting-yemens-houthi-rebels/,Red_Sea_Gulf_Aden,gdelt,Red_Sea_Gulf_Aden
UK military launches airstrikes with US targeting Yemen Houthi rebels,2025-04-30 04:30:00+00:00,United States,aol.com,https://www.aol.com/uk-military-launches-airstrikes-us-023811169.html,Red_Sea_Gulf_Aden,gdelt,Red_Sea_Gulf_Aden
U . K . military launches airstrikes with U . S . targeting Yemen Houthi rebels,2025-04-30 04:15:00+00:00,India,thehindu.com,https://www.thehindu.com/news/international/uk-military-launches-airstrikes-with-us-targeting-yemens-houthi-rebels/article69507744.ece,Red_Sea_Gulf_Aden,gdelt,Red_Sea_Gulf_Aden
UK military launches airstrikes with US targeting Yemen Houthi rebels,2025-04-30 03:45:00+00:00,United States,local10.com,https://www.local10.com/news/world/2025/04/30/uk-military-launches-airstrikes-with-us-targeting-yemens-houthi-rebels/,Red_Sea_Gulf_Aden,gdelt,Red_Sea_Gulf_Aden
UK military launches air strikes with US targeting Yemen Houthis,2025-04-30 03:45:00+00:00,China,scmp.com,https://www.scmp.com/news/world/middle-east/article/3308461/uk-military-launches-air-strikes-us-targeting-yemens-houthis,Red_Sea_Gulf_Aden,gdelt,Red_Sea_Gulf_Aden
UK military launches airstrikes with US targeting Yemen Houthi rebels,2025-04-30 03:45:00+00:00,Canada,stcatharinesstandard.ca,https://www.stcatharinesstandard.ca/news/world/middle-east/uk-military-launches-airstrikes-with-us-targeting-yemens-houthi-rebels/article_3d7dd14c-6dbc-571d-a765-3fd90812925b.html,Red_Sea_Gulf_Aden,gdelt,Red_Sea_Gulf_Aden
UK military launches airstrikes with US targeting Yemen Houthi rebels,2025-04-30 03:45:00+00:00,,2news.com,https://www.2news.com/news/world/uk-military-launches-airstrikes-with-us-targeting-yemens-houthi-rebels/article_effc836a-7ce0-50bf-a51a-c2ed3fdbec29.html,Red_Sea_Gulf_Aden,gdelt,Red_Sea_Gulf_Aden
UK military launches airstrikes with US targeting Yemen Houthi rebels,2025-04-30 03:30:00+00:00,United States,mymotherlode.com,https://www.mymotherlode.com/news/middle-east/3822207/uk-military-launches-airstrikes-with-us-targeting-yemens-houthi-rebels.html,Red_Sea_Gulf_Aden,gdelt,Red_Sea_Gulf_Aden
UK military launches airstrikes with US targeting Yemen Houthi rebels,2025-04-30 03:15:00+00:00,United States,yahoo.com,https://www.yahoo.com/news/uk-military-launches-airstrikes-us-023811169.html,Red_Sea_Gulf_Aden,gdelt,Red_Sea_Gulf_Aden
UK military launches airstrikes with US targeting Yemen Houthi rebels – Winnipeg Free Press,2025-04-30 03:15:00+00:00,Canada,winnipegfreepress.com,https://www.winnipegfreepress.com/world/2025/04/29/uk-military-launches-airstrikes-with-us-targeting-yemens-houthi-rebels,Red_Sea_Gulf_Aden,gdelt,Red_Sea_Gulf_Aden
UK military launches airstrikes with US targeting Yemen Houthi rebels,2025-04-30 03:15:00+00:00,United States,clickondetroit.com,https://www.clickondetroit.com/news/world/2025/04/30/uk-military-launches-airstrikes-with-us-targeting-yemens-houthi-rebels/,Red_Sea_Gulf_Aden,gdelt,Red_Sea_Gulf_Aden
UK military launches airstrikes with US targeting Yemen Houthi rebels,2025-04-30 03:15:00+00:00,United States,ksat.com,https://www.ksat.com/news/world/2025/04/30/uk-military-launches-airstrikes-with-us-targeting-yemens-houthi-rebels/,Red_Sea_Gulf_Aden,gdelt,Red_Sea_Gulf_Aden
UK military launches airstrikes with US targeting Yemen Houthi rebels,2025-04-30 03:15:00+00:00,India,economictimes.indiatimes.com,https://economictimes.indiatimes.com/news/defence/uk-military-launches-airstrikes-with-us-targeting-yemens-houthi-rebels/articleshow/120748391.cms,Red_Sea_Gulf_Aden,gdelt,Red_Sea_Gulf_Aden
بريطانيا وأمريكا تنفذان هجومًا جويًا على مصنع طائرات مسيّرة للحوثيين في اليمن,2025-04-30 02:00:00+00:00,United Arab Emirates,albayan.ae,https://www.albayan.ae/news/middle-east/other-countries/42386,Red_Sea_Gulf_Aden,gdelt,Red_Sea_Gulf_Aden
تحرك عسكري بريطاني أمريكي ردًا على تهديدات الحوثيين للملاحة الدولية | تفاصيل,2025-04-30 01:00:00+00:00,Kuwait,alkhabarkw.com,https://www.alkhabarkw.com/uncategorized/35583.html,Red_Sea_Gulf_Aden,gdelt,Red_Sea_Gulf_Aden
Patrušev oznámil ruské nároky na Oděsu | 30 . 4 . 2025,2025-04-30 00:45:00+00:00,Czech Republic,blisty.cz,https://www.blisty.cz/art/125637-patrusev-oznamil-ruske-naroky-na-odesu.html,Black_Sea_Ukraine,gdelt,Black_Sea_Ukraine
British planes take part in air strike against Houthis in Yemen,2025-04-30 00:45:00+00:00,United Kingdom,manchestereveningnews.co.uk,https://www.manchestereveningnews.co.uk/news/uk-news/british-planes-take-part-air-31538548,Red_Sea_Gulf_Aden,gdelt,Red_Sea_Gulf_Aden
US Threatens To Quit Russia - Ukraine Effort Unless  Concrete Proposals  ,2025-04-30 00:00:00+00:00,India,ndtv.com,https://www.ndtv.com/world-news/us-threatens-to-quit-russia-ukraine-effort-unless-concrete-proposals-8290527,Black_Sea_Ukraine,gdelt,Black_Sea_Ukraine
"Russian drones attack Ukraine Kharkiv and Dnipro , one dead , 30 injured",2025-04-29 21:45:00+00:00,,marketscreener.com,https://www.marketscreener.com/quote/currency/US-DOLLAR-RUSSIAN-ROUBLE--2370597/news/Russian-drones-attack-Ukraine-s-Kharkiv-and-Dnipro-one-dead-30-injured-49760193/,Black_Sea_Ukraine,gdelt,Black_Sea_Ukraine
US Threatens To Quit Russia - Ukraine Effort Unless  Concrete Proposals  ,2025-04-29 21:30:00+00:00,United States,ibtimes.com,https://www.ibtimes.com/us-threatens-quit-russia-ukraine-effort-unless-concrete-proposals-3771856,Black_Sea_Ukraine,gdelt,Black_Sea_Ukraine
"Mass Russian drone attack on Ukraine Kharkiv injures 10 , mayor says",2025-04-29 20:45:00+00:00,,marketscreener.com,https://www.marketscreener.com/quote/currency/US-DOLLAR-RUSSIAN-ROUBLE--2370597/news/Mass-Russian-drone-attack-on-Ukraine-s-Kharkiv-injures-10-mayor-says-49760193/,Black_Sea_Ukraine,gdelt,Black_Sea_Ukraine
Fransadan İsraile Gazze İçin İnsani Yardım Çağrısı,2025-04-29 17:15:00+00:00,Turkey,haberler.com,https://www.haberler.com/guncel/fransa-dan-israil-e-gazze-icin-insani-yardim-cagrisi-18569036-haberi/,Levant_EastMed,gdelt,Levant_EastMed
HNonline . sk - Medvedev označil Švédsko a Fínsko za cieľ ruskej armády,2025-04-29 13:45:00+00:00,Slovak Republic,hnonline.sk,https://hnonline.sk/svet/96209244-medvedev-oznacil-svedsko-a-finsko-za-ciel-ruskej-armady,Black_Sea_Ukraine,gdelt,Black_Sea_Ukraine
Medveděv se pustil do Švédska a Finska . Hrozil úderem jadernými zbraněmi,2025-04-29 12:45:00+00:00,Czech Republic,reflex.cz,https://www.reflex.cz/clanek/zpravy/129998/medvedev-se-pustil-do-svedska-a-finska-hrozil-uderem-jadernymi-zbranemi.html,Black_Sea_Ukraine,gdelt,Black_Sea_Ukraine
美国承认 ： 胡塞武装打击无人机能力变强了 美军损失惨重 _ 军事频道 _ 中华网,2025-04-29 05:45:00+00:00,China,military.china.com,https://military.china.com/news/13004177/20250429/48274895.html,Red_Sea_Gulf_Aden,gdelt,Red_Sea_Gulf_Aden
Yemen Houthi media says 68 killed in US strikes on migrant centre,2025-04-28 21:30:00+00:00,Qatar,thepeninsulaqatar.com,http://thepeninsulaqatar.com/article/28/04/2025/yemens-houthi-media-says-68-killed-in-us-strikes-on-migrant-centre,Red_Sea_Gulf_Aden,gdelt,Red_Sea_Gulf_Aden
68 killed in US strikes on Yemen : Houthi media,2025-04-28 21:30:00+00:00,Pakistan,pakistantoday.com.pk,https://www.pakistantoday.com.pk/2025/04/28/68-killed-in-us-strikes-on-yemen-houthi-media/,Red_Sea_Gulf_Aden,gdelt,Red_Sea_Gulf_Aden
Suspected US strike on Yemen migrant centre kills 68,2025-04-28 17:00:00+00:00,Bangladesh,thedailystar.net,https://www.thedailystar.net/news/news/suspected-us-strike-yemen-migrant-centre-kills-68-3882491,Red_Sea_Gulf_Aden,gdelt,Red_Sea_Gulf_Aden
Houthi attacks to continue after strike on Yemen kills 68,2025-04-28 17:00:00+00:00,Ireland,rte.ie,https://www.rte.ie/news/middle-east/2025/0428/1509806-yemen-us/,Red_Sea_Gulf_Aden,gdelt,Red_Sea_Gulf_Aden
Suspected US airstrike hits Yemen migrant centre ; Houthi TV says 68 killed,2025-04-28 15:45:00+00:00,,marketscreener.com,https://www.marketscreener.com/news/latest/Suspected-US-airstrike-hits-Yemen-migrant-centre-Houthi-TV-says-68-killed-49740147/,Red_Sea_Gulf_Aden,gdelt,Red_Sea_Gulf_Aden
"Rusko by sa malo spojiť s Amerikou a zaútočiť na Európu , zaznelo v ruskej televízii",2025-04-28 12:00:00+00:00,Slovak Republic,spravy.pravda.sk,https://spravy.pravda.sk/svet/clanok/750000-rusko-by-sa-malo-spojit-s-amerikou-a-zautocit-na-europu-zaznelo-v-ruskej-televizii/,Black_Sea_Ukraine,gdelt,Black_Sea_Ukraine
Houthis say at least 68 African migrants killed in U . S . airstrike on detention center,2025-04-28 11:45:00+00:00,United States,yahoo.com,https://www.yahoo.com/news/houthis-least-68-african-migrants-110841584.html,Red_Sea_Gulf_Aden,gdelt,Red_Sea_Gulf_Aden
"Yémen : Des dizaines de migrants africains tués lors dune frappe américaine , selon les Houthis",2025-04-28 11:00:00+00:00,United Kingdom,bbc.com,https://www.bbc.com/afrique/articles/ckge4xnmd97o,Red_Sea_Gulf_Aden,gdelt,Red_Sea_Gulf_Aden
"Houthis say U . S . strike in Yemen hits migrant detention center in Saada , killing at least 35",2025-04-28 08:45:00+00:00,United States,cbsnews.com,https://www.cbsnews.com/news/houthis-us-strikes-yemen-saada-migrant-detention-center-deaths/,Red_Sea_Gulf_Aden,gdelt,Red_Sea_Gulf_Aden
Houthi rebels say US strike killed dozens in migrant center – DW – 04 / 28 / 2025,2025-04-28 08:00:00+00:00,Germany,dw.com,https://www.dw.com/en/houthi-rebels-say-us-strike-killed-dozens-in-migrant-center/a-72371208,Red_Sea_Gulf_Aden,gdelt,Red_Sea_Gulf_Aden
Trump says he  think Ukraine is ready to  give up  Crimea and tells Putin to  stop shooting  after US president meeting with Zelensky at Pope Francis funeral,2025-04-28 07:15:00+00:00,United Kingdom,dailymail.co.uk,https://www.dailymail.co.uk/news/article-14654565/Trump-says-thinks-Ukraine-ready-Crimea-tells-Putin-stop-shooting-US-presidents-meeting-Zelensky-Pope-Francis-funeral.html,Black_Sea_Ukraine,gdelt,Black_Sea_Ukraine
"이스라엘 , 휴전한 헤즈볼라 세번째 공습 … 미사일 저장소 , 합의 위반  ",2025-04-28 07:15:00+00:00,South Korea,hani.co.kr,https://www.hani.co.kr/arti/international/international_general/1194643.html,Levant_EastMed,gdelt,Levant_EastMed
USA har angrepet 800 mål i Jemen siden midten av mars - Teknisk Ukeblad,2025-04-28 04:30:00+00:00,Norway,tu.no,https://www.tu.no/nyhetsstudio/usa-har-angrepet-800-maal-i-jemen-siden-midten-av-mars/77262,Red_Sea_Gulf_Aden,gdelt,Red_Sea_Gulf_Aden
tayyar . org - عناوين الصحف ليوم الأثنين 28 نيسان 2025,2025-04-28 04:15:00+00:00,Lebanon,tayyar.org,https://www.tayyar.org/News/Lebanon/662671/_guid=662671,Levant_EastMed,gdelt,Levant_EastMed
ترامپ : بدون بمباران با ایران به توافق می‌رسیم ؛ سرنوشت جنگ اوکراین ظرف دو هفته مشخص می‌شود,2025-04-28 02:15:00+00:00,United States,parsi.euronews.com,https://parsi.euronews.com/2025/04/28/trump-we-will-reach-an-agreement-with-iran-without-the-need-for-bombing,Black_Sea_Ukraine,gdelt,Black_Sea_Ukraine
Houthi Rebels Have Shot Down 7 US Reaper Drones Worth $200 Million In Recent Weeks,2025-04-28 01:45:00+00:00,United States,theyeshivaworld.com,https://www.theyeshivaworld.com/news/general/2392364/houthi-rebels-have-shot-down-7-us-reaper-drones-worth-200-million-in-recent-weeks.html,Red_Sea_Gulf_Aden,gdelt,Red_Sea_Gulf_Aden
جنرالان إسرائيليان : زامير نصب مصيدة لنفسه وليس بمقدور الجيش هزم حماس,2025-04-27 18:30:00+00:00,Israel,zamnpress.com,http://zamnpress.com/news/139000,Levant_EastMed,gdelt,Levant_EastMed
Offensive auf Krim - Brücke : Merz - Vertrauter spekuliert offen über Taurus - Einsatz,2025-04-27 17:30:00+00:00,Germany,hna.de,http://www.hna.de/politik/offensive-auf-krim-bruecke-merz-vertrauter-spekuliert-offen-ueber-taurus-einsatz-zr-93697711.html,Black_Sea_Ukraine,gdelt,Black_Sea_Ukraine
Offensive auf Krim - Brücke : Merz - Vertrauter spekuliert offen über Taurus - Einsatz,2025-04-27 17:30:00+00:00,Germany,merkur.de,http://www.merkur.de/politik/offensive-auf-krim-bruecke-merz-vertrauter-spekuliert-offen-ueber-taurus-einsatz-zr-93697711.html,Black_Sea_Ukraine,gdelt,Black_Sea_Ukraine
IDF attacks suspected Hezbollah missile site in Beirut,2025-04-27 17:30:00+00:00,Ireland,rte.ie,https://www.rte.ie/news/middle-east/2025/0427/1509749-israel-lebanon/,Red_Sea_Gulf_Aden,gdelt,Red_Sea_Gulf_Aden
İsrail Ordusundan Beyruta Hava Saldırısı : Hedef Hizbullah Tesisleri,2025-04-27 16:30:00+00:00,Turkey,haberport.com,https://www.haberport.com/gundem/israil-ordusundan-beyrut-a-hava-saldirisi-hedef-hizbullah-tesisleri-234416h,Levant_EastMed,gdelt,Levant_EastMed
"İsrail Ordusu , Beyrutta Hedef Alana Hava Saldırısı Düzenledi",2025-04-27 16:00:00+00:00,Turkey,haberler.com,https://www.haberler.com/guncel/israil-ordusu-beyrut-ta-hedef-alana-hava-saldirisi-duzenledi-18559890-haberi/,Levant_EastMed,gdelt,Levant_EastMed
Houthi Rebels Shot Down 7 US Reaper Drones Worth $200 Million In Recent Weeks,2025-04-27 12:15:00+00:00,United States,theyeshivaworld.com,https://www.theyeshivaworld.com/news/israel-news/2392242/houthi-rebels-shot-down-7-us-reaper-drones-worth-200-million-in-recent-weeks.html,Red_Sea_Gulf_Aden,gdelt,Red_Sea_Gulf_Aden
এবার ইসরাইলের বিমানঘাঁটিতে ক্ষেপণাস্ত্র হামলা,2025-04-27 07:00:00+00:00,Bangladesh,jugantor.com,https://www.jugantor.com/international/946727,Red_Sea_Gulf_Aden,gdelt,Red_Sea_Gulf_Aden
Корабель РФ з ракетами Калібр в Чорному морі помітили 27 квітня вранці,2025-04-27 07:00:00+00:00,Ukraine,rbc.ua,https://www.rbc.ua/rus/news/raketna-zagroza-z-chornogo-morya-vms-fiksue-1745724568.html,Black_Sea_Ukraine,gdelt,Black_Sea_Ukraine
不止巴拿马 ， 特朗普还要对苏伊士运河下手 ？ ,2025-04-27 02:45:00+00:00,China,news.sina.com.cn,https://news.sina.com.cn/c/2025-04-27/doc-ineuqiwe3195130.shtml,Red_Sea_Gulf_Aden,gdelt,Red_Sea_Gulf_Aden
Houthi Klaim Rudal Hipersoniknya Serang Pangkalan Jet Tempur Siluman F - 35 Israel,2025-04-27 02:45:00+00:00,Indonesia,international.sindonews.com,https://international.sindonews.com/read/1560103/43/houthi-klaim-rudal-hipersoniknya-serang-pangkalan-jet-tempur-siluman-f-35-israel-1745712244,Red_Sea_Gulf_Aden,gdelt,Red_Sea_Gulf_Aden
特朗普 ： 美国船只应免费通过苏伊士和巴拿马运河,2025-04-27 01:30:00+00:00,China,news.ifeng.com,https://news.ifeng.com/c/8iszjr5jUc2,Red_Sea_Gulf_Aden,gdelt,Red_Sea_Gulf_Aden
Houthis report delivering strikes on USS Harry Truman,2025-04-26 23:15:00+00:00,,tass.com,https://tass.com/world/1949927,Red_Sea_Gulf_Aden,gdelt,Red_Sea_Gulf_Aden
"Houthis report drone strike on Ashkelon , Tel Aviv",2025-04-26 20:15:00+00:00,,tass.com,https://tass.com/world/1949923,Red_Sea_Gulf_Aden,gdelt,Red_Sea_Gulf_Aden
"US drone losses in Middle East : U . S . military stunned as Houthi rebels down 7 high - tech Reaper drones in weeks , costing over $300 million and raising eyebrows",2025-04-26 15:30:00+00:00,India,economictimes.indiatimes.com,https://economictimes.indiatimes.com/news/international/us/u-s-military-stunned-as-houthi-rebels-down-7-high-tech-reaper-drones-in-weeks-costing-over-300-million-and-raising-eyebrows/articleshow/120647451.cms,Red_Sea_Gulf_Aden,gdelt,Red_Sea_Gulf_Aden
泽连斯基与特朗普进行会谈 ！ 特朗普曾称 ： 泽连斯基已  无牌可打 ， 他可以选择和平 ， 或再战三年 ， 直到失去整个国家,2025-04-26 12:15:00+00:00,China,nbd.com.cn,https://www.nbd.com.cn/articles/2025-04-26/3851990.html,Black_Sea_Ukraine,gdelt,Black_Sea_Ukraine
Co Ukraińcy odpowiedzieli Trumpowi ? Odtwarzamy kulisy rozmów o rozejmie,2025-04-26 11:45:00+00:00,Poland,gazetaprawna.pl,"https://www.gazetaprawna.pl/wiadomosci/swiat/artykuly/9785700,co-ukraincy-odpowiedzieli-trumpowi-odtwarzamy-kulisy-rozmow-o-rozejmie.html",Black_Sea_Ukraine,gdelt,Black_Sea_Ukraine
泽连斯基与特朗普进行会谈 ！ 特朗普曾称 ： 泽连斯基已  无牌可打 ， 他可以选择和平 ， 或再战三年 ， 直到失去整个国家,2025-04-26 11:45:00+00:00,China,finance.sina.com.cn,https://finance.sina.com.cn/roll/2025-04-26/doc-ineunvux8576549.shtml,Black_Sea_Ukraine,gdelt,Black_Sea_Ukraine
Олександр Левченко : Україна не визнає Крим російським Блоги,2025-04-26 09:15:00+00:00,Ukraine,obozrevatel.com,https://www.obozrevatel.com/ukr/politics-news/ukraina-ne-viznae-krim-rosijskim.htm,Black_Sea_Ukraine,gdelt,Black_Sea_Ukraine
  死神  折戟 胡塞武装连续击落美军无人机 _ 央广网,2025-04-26 02:00:00+00:00,,news.cnr.cn,https://news.cnr.cn/sq/20250426/t20250426_527148901.shtml,Red_Sea_Gulf_Aden,gdelt,Red_Sea_Gulf_Aden
Houthi rebels have shot down 7 US Reaper drones in recent weeks,2025-04-26 01:45:00+00:00,United States,navytimes.com,https://www.navytimes.com/news/your-military/2025/04/25/houthi-rebels-have-shot-down-7-us-reaper-drones-in-recent-weeks/,Red_Sea_Gulf_Aden,gdelt,Red_Sea_Gulf_Aden
Houthi rebels have shot down 7 US Reaper drones in recent weeks,2025-04-26 01:45:00+00:00,United States,marinecorpstimes.com,https://www.marinecorpstimes.com/news/your-military/2025/04/25/houthi-rebels-have-shot-down-7-us-reaper-drones-in-recent-weeks/,Red_Sea_Gulf_Aden,gdelt,Red_Sea_Gulf_Aden
最新 ！ 特朗普称俄罗斯和乌克兰  非常接近  达成协议 ！ 事关领土问题 ， 泽连斯基强硬回应 ： 绝不承认 ...... ,2025-04-26 01:15:00+00:00,China,nbd.com.cn,https://www.nbd.com.cn/articles/2025-04-26/3851714.html,Black_Sea_Ukraine,gdelt,Black_Sea_Ukraine
Zelenski responde a Trump y descarta ceder territorios ocupados por Rusia,2025-04-26 01:00:00+00:00,Mexico,razon.com.mx,https://www.razon.com.mx/mundo/2025/04/25/zelenski-responde-a-trump-y-descarta-ceder-territorios-ocupados-por-rusia/,Black_Sea_Ukraine,gdelt,Black_Sea_Ukraine
Zelenski responde a Trump y descarta ceder territorios ocupados por Rusia,2025-04-26 01:00:00+00:00,Mexico,razon.com.mx,https://www.razon.com.mx:443/mundo/2025/04/25/zelenski-responde-a-trump-y-descarta-ceder-territorios-ocupados-por-rusia/,Black_Sea_Ukraine,gdelt,Black_Sea_Ukraine
特朗普 ： 乌克兰永远不可能加入北约 ！ 俄乌非常接近达成协议 _ 东方财富网,2025-04-26 00:30:00+00:00,China,finance.eastmoney.com,https://finance.eastmoney.com/a/202504263389594677.html,Black_Sea_Ukraine,gdelt,Black_Sea_Ukraine
"ABDnin Yemene Hava Saldırıları : 1 Ölü , 1 Yaralı",2025-04-26 00:00:00+00:00,Turkey,haberler.com,https://www.haberler.com/guncel/abd-nin-yemen-e-hava-saldirilari-1-olu-1-yarali-18554617-haberi/,Levant_EastMed,gdelt,Levant_EastMed
Houthi rebels have shot down 7 US Reaper drones in recent weeks,2025-04-25 23:45:00+00:00,United States,yahoo.com,https://www.yahoo.com/news/houthi-rebels-shot-down-7-223342524.html,Red_Sea_Gulf_Aden,gdelt,Red_Sea_Gulf_Aden
Houthi rebels have shot down 7 US Reaper drones worth $200 million in recent weeks,2025-04-25 18:15:00+00:00,United States,timesfreepress.com,https://www.timesfreepress.com/news/2025/apr/25/houthi-rebels-have-shot-down-7-us-reaper-drones-worth-200-million-in-recent-weeks/,Red_Sea_Gulf_Aden,gdelt,Red_Sea_Gulf_Aden
"Krym zůstane Rusku , prohlásil Trump",2025-04-25 12:00:00+00:00,Czech Republic,novinky.cz,https://www.novinky.cz/clanek/valka-na-ukrajine-krym-zustane-rusku-prohlasil-trump-40518712,Black_Sea_Ukraine,gdelt,Black_Sea_Ukraine
Houthi rebels shoot down seven US Reaper drones worth $200 million,2025-04-25 10:15:00+00:00,Pakistan,tribune.com.pk,https://tribune.com.pk/story/2542203/houthis-shoot-down-seven-us-reaper-drones-worth-200-million-in-six-weeks,Red_Sea_Gulf_Aden,gdelt,Red_Sea_Gulf_Aden
"Világ : Vitalij Klicsko : Lehet , hogy területeket kell feladni a békrt",2025-04-25 10:15:00+00:00,Hungary,hvg.hu,https://hvg.hu/vilag/20250425_vitalij-klicsko-kijev-ukrajna-beke-terulet,Black_Sea_Ukraine,gdelt,Black_Sea_Ukraine
特朗普为何猛烈抨击泽连斯基 直指克里米亚问题 _ 军事频道 _ 中华网,2025-04-25 08:00:00+00:00,China,military.china.com,https://military.china.com/news/13004177/20250425/48257849.html,Black_Sea_Ukraine,gdelt,Black_Sea_Ukraine
Pentagon faces $200 million loss as Houthis shoot down 7 US Reaper drones,2025-04-25 06:45:00+00:00,India,hindustantimes.com,https://www.hindustantimes.com/world-news/pentagon-faces-200-million-loss-as-houthis-shoot-down-7-us-reaper-drones-101745550100484.html,Red_Sea_Gulf_Aden,gdelt,Red_Sea_Gulf_Aden
"Kyiv Hit by Deadly Russian Missile and Drone Strike , Dozens Killed or Injured in Major Assault",2025-04-25 06:45:00+00:00,Indonesia,noi.pikiran-rakyat.com,https://noi.pikiran-rakyat.com/politic/pr-4049271982/kyiv-hit-by-deadly-russian-missile-and-drone-strike-dozens-killed-or-injured-in-major-assault,Black_Sea_Ukraine,gdelt,Black_Sea_Ukraine
Houthi rebels have shot down 7 U . S . Reaper drones in recent weeks,2025-04-25 05:30:00+00:00,United States,koat.com,https://www.koat.com/article/houthi-rebels-shoot-down-7-us-drones-yemen/64583004,Red_Sea_Gulf_Aden,gdelt,Red_Sea_Gulf_Aden
Houthi rebels destroy seven US Reaper drones worth millions in mere weeks,2025-04-25 05:30:00+00:00,United Kingdom,salisburyjournal.co.uk,https://www.salisburyjournal.co.uk/news/national/25114384.houthi-rebels-destroy-seven-us-reaper-drones-worth-millions-mere-weeks/,Red_Sea_Gulf_Aden,gdelt,Red_Sea_Gulf_Aden
Houthi rebels destroy seven US Reaper drones worth millions in mere weeks,2025-04-25 05:30:00+00:00,United Kingdom,dorsetecho.co.uk,https://www.dorsetecho.co.uk/news/national/25114384.houthi-rebels-destroy-seven-us-reaper-drones-worth-millions-mere-weeks/,Red_Sea_Gulf_Aden,gdelt,Red_Sea_Gulf_Aden
"DIRECTO UCRANIA | Últimas noticias tras el fin de la tregua , al minuto",2025-04-25 05:15:00+00:00,Spain,elperiodico.com,https://www.elperiodico.com/es/internacional/20250425/guerra-ucrania-rusia-ultima-hora-directo-103935417,Black_Sea_Ukraine,gdelt,Black_Sea_Ukraine
Houthi rebels have shot down 7 U . S . Reaper drones in recent weeks,2025-04-25 05:15:00+00:00,United States,wgal.com,https://www.wgal.com/article/houthi-rebels-shoot-down-7-us-drones-yemen/64583004,Red_Sea_Gulf_Aden,gdelt,Red_Sea_Gulf_Aden
Houthi rebels destroy seven US Reaper drones worth millions in mere weeks,2025-04-25 05:15:00+00:00,United Kingdom,thenorthernecho.co.uk,https://www.thenorthernecho.co.uk/news/national/25114384.houthi-rebels-destroy-seven-us-reaper-drones-worth-millions-mere-weeks/,Red_Sea_Gulf_Aden,gdelt,Red_Sea_Gulf_Aden
Houthi rebels have shot down 7 U . S . Reaper drones in recent weeks,2025-04-25 05:00:00+00:00,United States,wtae.com,https://www.wtae.com/article/houthi-rebels-shoot-down-7-us-drones-yemen/64583004,Red_Sea_Gulf_Aden,gdelt,Red_Sea_Gulf_Aden
Houthi rebels destroy seven US Reaper drones worth millions in mere weeks,2025-04-25 05:00:00+00:00,United Kingdom,lancashiretelegraph.co.uk,https://www.lancashiretelegraph.co.uk/news/national/25114384.houthi-rebels-destroy-seven-us-reaper-drones-worth-millions-mere-weeks/,Red_Sea_Gulf_Aden,gdelt,Red_Sea_Gulf_Aden
Houthi rebels have shot down 7 US Reaper drones worth $200 million in recent weeks,2025-04-25 05:00:00+00:00,United States,dailycamera.com,https://www.dailycamera.com/2025/04/24/houthis-shoot-down-drones/,Red_Sea_Gulf_Aden,gdelt,Red_Sea_Gulf_Aden
Houthi rebels destroy seven US Reaper drones worth millions in mere weeks,2025-04-25 05:00:00+00:00,United Kingdom,bucksfreepress.co.uk,https://www.bucksfreepress.co.uk/news/national/25114384.houthi-rebels-destroy-seven-us-reaper-drones-worth-millions-mere-weeks/,Red_Sea_Gulf_Aden,gdelt,Red_Sea_Gulf_Aden
Houthi rebels destroy seven US Reaper drones worth millions in mere weeks,2025-04-25 05:00:00+00:00,United Kingdom,yourlocalguardian.co.uk,https://www.yourlocalguardian.co.uk/news/national/25114384.houthi-rebels-destroy-seven-us-reaper-drones-worth-millions-mere-weeks/,Red_Sea_Gulf_Aden,gdelt,Red_Sea_Gulf_Aden
Houthi rebels have shot down 7 U . S . Reaper drones in recent weeks,2025-04-25 05:00:00+00:00,United States,wyff4.com,https://www.wyff4.com/article/houthi-rebels-shoot-down-7-us-drones-yemen/64583004,Red_Sea_Gulf_Aden,gdelt,Red_Sea_Gulf_Aden
Houthi rebels have shot down 7 US Reaper drones worth $200 million in recent weeks,2025-04-25 04:45:00+00:00,United States,orlandosentinel.com,https://www.orlandosentinel.com/2025/04/24/houthis-shoot-down-drones/,Red_Sea_Gulf_Aden,gdelt,Red_Sea_Gulf_Aden
Houthi rebels have shot down 7 US Reaper drones worth $200 million in recent weeks | World News,2025-04-25 04:30:00+00:00,India,timesofindia.indiatimes.com,https://timesofindia.indiatimes.com/world/us/houthi-rebels-have-shot-down-7-us-reaper-drones-worth-200-million-in-recent-weeks/articleshow/120602568.cms,Red_Sea_Gulf_Aden,gdelt,Red_Sea_Gulf_Aden
Houthi rebels have shot down 7 U . S . Reaper drones in recent weeks,2025-04-25 04:30:00+00:00,United States,wxii12.com,https://www.wxii12.com/article/houthi-rebels-shoot-down-7-us-drones-yemen/64583004,Red_Sea_Gulf_Aden,gdelt,Red_Sea_Gulf_Aden
Houthi rebels have shot down 7 US Reaper drones worth $200 million in recent weeks,2025-04-25 04:15:00+00:00,United States,bostonglobe.com,https://www.bostonglobe.com/2025/04/24/world/houthi-rebels-have-shot-down-7-us-reaper-drones-worth-200-million-recent-weeks/,Red_Sea_Gulf_Aden,gdelt,Red_Sea_Gulf_Aden
Houthi rebels have shot down 7 US Reaper drones worth $200 million in recent weeks,2025-04-25 04:15:00+00:00,United States,channel3000.com,https://www.channel3000.com/news/national-and-world-news/israel-conflict/houthi-rebels-have-shot-down-7-us-reaper-drones-worth-200-million-in-recent-weeks/article_6a092110-6518-5aec-8597-71ded61726c7.html,Red_Sea_Gulf_Aden,gdelt,Red_Sea_Gulf_Aden
Houthi rebels have shot down 7 US Reaper drones worth $200 million in recent weeks,2025-04-25 04:15:00+00:00,United States,sandiegouniontribune.com,https://www.sandiegouniontribune.com/2025/04/24/houthis-shoot-down-drones/,Red_Sea_Gulf_Aden,gdelt,Red_Sea_Gulf_Aden
"Houthi missile blasts near Yemen UNESCO site , US says",2025-04-25 04:15:00+00:00,Israel,jpost.com,https://www.jpost.com/international/article-851484,Red_Sea_Gulf_Aden,gdelt,Red_Sea_Gulf_Aden
Houthi rebels have shot down 7 US Reaper drones worth $200 million in recent weeks,2025-04-25 04:00:00+00:00,United States,thetimes-tribune.com,https://www.thetimes-tribune.com/2025/04/24/houthis-shoot-down-drones/,Red_Sea_Gulf_Aden,gdelt,Red_Sea_Gulf_Aden
Houthi rebels have shot down 7 U . S . Reaper drones in recent weeks,2025-04-25 03:45:00+00:00,United States,wmtw.com,https://www.wmtw.com/article/houthi-rebels-shoot-down-7-us-drones-yemen/64583004,Red_Sea_Gulf_Aden,gdelt,Red_Sea_Gulf_Aden
Houthi rebels have shot down 7 US Reaper drones worth $200 million in recent weeks,2025-04-25 03:45:00+00:00,United States,lowellsun.com,https://www.lowellsun.com/2025/04/24/houthis-shoot-down-drones/,Red_Sea_Gulf_Aden,gdelt,Red_Sea_Gulf_Aden
Houthi rebels have shot down 7 US Reaper drones worth $200 million in recent weeks,2025-04-25 03:45:00+00:00,United States,timescall.com,https://www.timescall.com/2025/04/24/houthis-shoot-down-drones/,Red_Sea_Gulf_Aden,gdelt,Red_Sea_Gulf_Aden
Houthi rebels have shot down 7 U . S . Reaper drones in recent weeks,2025-04-25 03:15:00+00:00,United States,wmur.com,https://www.wmur.com/article/houthi-rebels-shoot-down-7-us-drones-yemen/64583004,Red_Sea_Gulf_Aden,gdelt,Red_Sea_Gulf_Aden
Houthis shot down 7 US Reaper drones worth USD 200 million in recent weeks,2025-04-25 03:15:00+00:00,India,siasat.com,https://www.siasat.com/houthis-shot-down-7-us-reaper-drones-worth-usd-200-million-in-recent-weeks-3212075/,Red_Sea_Gulf_Aden,gdelt,Red_Sea_Gulf_Aden
ترامب منتقداً بوتين بعد ضربات واسعة على أوكرانيا : توقف ! ,2025-04-25 03:00:00+00:00,Australia,sbs.com.au,https://www.sbs.com.au/language/arabic/ar/article/russian-attack-kills-12-in-kyiv-trump-tells-putin-to-stop/j97ljkfbm,Black_Sea_Ukraine,gdelt,Black_Sea_Ukraine
"Trump Serukan Putin untuk Berhenti Serang Kyiv , Zelensky Tekankan Pentingnya Gencatan Senjata",2025-04-25 03:00:00+00:00,Indonesia,mediaindonesia.com,https://mediaindonesia.com/internasional/764190/trump-serukan-putin-untuk-berhenti-serang-kyiv-zelensky-tekankan-pentingnya-gencatan-senjata,Black_Sea_Ukraine,gdelt,Black_Sea_Ukraine
Houthi rebels have shot down 7 US Reaper drones worth $200 million in recent weeks,2025-04-25 03:00:00+00:00,United States,newsday.com,https://www.newsday.com/news/nation/houthis-us-warships-red-sea-v89410,Red_Sea_Gulf_Aden,gdelt,Red_Sea_Gulf_Aden
Houthi rebels have shot down 7 US Reaper drones worth $200 million in recent weeks,2025-04-25 02:45:00+00:00,United States,wsbradio.com,https://www.wsbradio.com/news/politics/houthi-rebels-have/GCPVTTHMANG4FB6OSBP4PFIKR4/,Red_Sea_Gulf_Aden,gdelt,Red_Sea_Gulf_Aden
Houthi rebels have shot down 7 US Reaper drones worth $200 million in recent weeks,2025-04-25 02:45:00+00:00,United States,news4jax.com,https://www.news4jax.com/news/politics/2025/04/24/houthi-rebels-have-shot-down-7-us-reaper-drones-worth-200-million-in-recent-weeks/,Red_Sea_Gulf_Aden,gdelt,Red_Sea_Gulf_Aden
Houthi rebels have shot down 7 US Reaper drones worth $200 million in recent weeks,2025-04-25 02:45:00+00:00,United States,winchesterstar.com,https://www.winchesterstar.com/associated_press/washington/houthi-rebels-have-shot-down-7-us-reaper-drones-worth-200-million-in-recent-weeks/article_c3aab14e-022a-565a-92fd-fe53b26d0d40.html,Red_Sea_Gulf_Aden,gdelt,Red_Sea_Gulf_Aden
Houthi rebels have shot down 7 US Reaper drones worth $200 million in recent weeks - Las Vegas Sun News,2025-04-25 02:45:00+00:00,United States,lasvegassun.com,https://lasvegassun.com/news/2025/apr/24/houthi-rebels-have-shot-down-7-us-reaper-drones-wo/,Red_Sea_Gulf_Aden,gdelt,Red_Sea_Gulf_Aden
Houthi rebels have shot down 7 US Reaper drones worth $200 million in recent weeks,2025-04-25 02:45:00+00:00,United States,stltoday.com,https://www.stltoday.com/news/nation-world/article_3dadd5b5-c0b4-4d2e-965a-c05ef62c31fe.html,Red_Sea_Gulf_Aden,gdelt,Red_Sea_Gulf_Aden
Houthi rebels have shot down 7 US Reaper drones worth $200 million in recent weeks,2025-04-25 02:45:00+00:00,United States,dailylocal.com,https://www.dailylocal.com/2025/04/24/houthis-shoot-down-drones/,Red_Sea_Gulf_Aden,gdelt,Red_Sea_Gulf_Aden
Houthi rebels have shot down 7 US Reaper drones worth $200 million in recent weeks,2025-04-25 02:45:00+00:00,United States,clickondetroit.com,https://www.clickondetroit.com/news/politics/2025/04/24/houthi-rebels-have-shot-down-7-us-reaper-drones-worth-200-million-in-recent-weeks/,Red_Sea_Gulf_Aden,gdelt,Red_Sea_Gulf_Aden
Houthi rebels have shot down 7 US Reaper drones worth $200 million in recent weeks,2025-04-25 02:15:00+00:00,United States,isp.netscape.com,https://isp.netscape.com/news/world/story/0001/20250424/e6e97a7131c48640ccf74b1916628234,Red_Sea_Gulf_Aden,gdelt,Red_Sea_Gulf_Aden
Houthi rebels have shot down 7 US Reaper drones worth $200 million in recent weeks,2025-04-25 02:15:00+00:00,United States,capitalgazette.com,https://www.capitalgazette.com/2025/04/24/houthis-shoot-down-drones/,Red_Sea_Gulf_Aden,gdelt,Red_Sea_Gulf_Aden
غارات أميركية تستهدف صنعاء ومناطق أخرى في اليمن,2025-04-25 02:00:00+00:00,Israel,aljazeera.net,https://www.aljazeera.net/news/2025/4/25/%D8%BA%D8%A7%D8%B1%D8%A7%D8%AA-%D8%A3%D9%85%D9%8A%D8%B1%D9%83%D9%8A%D8%A9-%D8%AA%D8%B3%D8%AA%D9%87%D8%AF%D9%81-%D8%B5%D9%86%D8%B9%D8%A7%D8%A1-%D9%88%D9%85%D9%86%D8%A7%D8%B7%D9%82,Red_Sea_Gulf_Aden,gdelt,Red_Sea_Gulf_Aden
Houthi rebels have shot down 7 U . S . Reaper drones in recent weeks,2025-04-25 02:00:00+00:00,United States,kmbc.com,https://www.kmbc.com/article/houthi-rebels-shoot-down-7-us-drones-yemen/64583004,Red_Sea_Gulf_Aden,gdelt,Red_Sea_Gulf_Aden
Houthi rebels have shot down 7 US Reaper drones worth $200 million in recent weeks,2025-04-25 02:00:00+00:00,United States,wsls.com,https://www.wsls.com/news/politics/2025/04/24/houthi-rebels-have-shot-down-7-us-reaper-drones-worth-200-million-in-recent-weeks/,Red_Sea_Gulf_Aden,gdelt,Red_Sea_Gulf_Aden
Houthi rebels have shot down 7 US Reaper drones worth $200 million in recent weeks,2025-04-25 02:00:00+00:00,United States,bostonherald.com,https://www.bostonherald.com/2025/04/24/houthis-shoot-down-drones/,Red_Sea_Gulf_Aden,gdelt,Red_Sea_Gulf_Aden
Houthi rebels have shot down 7 US Reaper drones worth $200 million in recent weeks,2025-04-25 02:00:00+00:00,United States,stripes.com,https://www.stripes.com/theaters/middle_east/2025-04-24/houthi-rebels-down-us-drones-weeks-17571465.html,Red_Sea_Gulf_Aden,gdelt,Red_Sea_Gulf_Aden
Houthi rebels have shot down 7 US Reaper drones worth $200 million in recent weeks,2025-04-25 02:00:00+00:00,United States,seattletimes.com,https://www.seattletimes.com/nation-world/nation/houthi-rebels-have-shot-down-7-us-reaper-drones-worth-200-million-in-recent-weeks/,Red_Sea_Gulf_Aden,gdelt,Red_Sea_Gulf_Aden
Houthi rebels have shot down 7 U . S . Reaper drones in recent weeks,2025-04-25 01:45:00+00:00,United States,wlwt.com,https://www.wlwt.com/article/houthi-rebels-shoot-down-7-us-drones-yemen/64583004,Red_Sea_Gulf_Aden,gdelt,Red_Sea_Gulf_Aden
Houthi rebels have shot down 7 U . S . Reaper drones in recent weeks,2025-04-25 01:30:00+00:00,United States,kcci.com,https://www.kcci.com/article/houthi-rebels-shoot-down-7-us-drones-yemen/64583004,Red_Sea_Gulf_Aden,gdelt,Red_Sea_Gulf_Aden
Houthi rebels have shot down 7 U . S . Reaper drones in recent weeks,2025-04-25 01:00:00+00:00,United States,wdsu.com,https://www.wdsu.com/article/houthi-rebels-shoot-down-7-us-drones-yemen/64583004,Red_Sea_Gulf_Aden,gdelt,Red_Sea_Gulf_Aden
Houthi rebels have shot down 7 US Reaper drones worth $200 million in recent weeks,2025-04-25 01:00:00+00:00,United States,nydailynews.com,https://www.nydailynews.com/2025/04/24/houthis-shoot-down-drones/,Red_Sea_Gulf_Aden,gdelt,Red_Sea_Gulf_Aden
Houthi rebels have shot down 7 US Reaper drones worth $200 million in recent weeks,2025-04-25 00:45:00+00:00,United States,ksat.com,https://www.ksat.com/news/politics/2025/04/24/houthi-rebels-have-shot-down-7-us-reaper-drones-worth-200-million-in-recent-weeks/,Red_Sea_Gulf_Aden,gdelt,Red_Sea_Gulf_Aden
Houthi rebels have shot down 7 US Reaper drones worth $200 million in recent weeks,2025-04-25 00:45:00+00:00,United States,baltimoresun.com,https://www.baltimoresun.com/2025/04/24/houthis-shoot-down-drones/,Red_Sea_Gulf_Aden,gdelt,Red_Sea_Gulf_Aden
Houthi rebels have shot down 7 US Reaper drones worth $200 million in recent weeks,2025-04-25 00:45:00+00:00,Canada,thepeterboroughexaminer.com,https://www.thepeterboroughexaminer.com/news/world/united-states/houthi-rebels-have-shot-down-7-us-reaper-drones-worth-200-million-in-recent-weeks/article_e63da141-90ee-5b48-88a6-9afe0b81485b.html,Red_Sea_Gulf_Aden,gdelt,Red_Sea_Gulf_Aden
俄乌局势波谲云诡 ！ 俄罗斯发动大规模袭击 ！_ 天天基金网,2025-04-25 00:45:00+00:00,China,fund.eastmoney.com,https://fund.eastmoney.com/a/202504253387860475.html,Black_Sea_Ukraine,gdelt,Black_Sea_Ukraine
Houthi rebels have shot down 7 US Reaper drones worth $200 million in recent weeks,2025-04-25 00:15:00+00:00,Canada,niagarafallsreview.ca,https://www.niagarafallsreview.ca/news/world/united-states/houthi-rebels-have-shot-down-7-us-reaper-drones-worth-200-million-in-recent-weeks/article_80409c06-bae6-5555-b33b-4b445c0e6889.html,Red_Sea_Gulf_Aden,gdelt,Red_Sea_Gulf_Aden
Houthi rebels have shot down 7 US Reaper drones worth $200 million in recent weeks,2025-04-24 23:45:00+00:00,United States,kob.com,https://www.kob.com/news/us-and-world-news/houthi-rebels-have-shot-down-7-us-reaper-drones-worth-200-million-in-recent-weeks/,Red_Sea_Gulf_Aden,gdelt,Red_Sea_Gulf_Aden
Houthi rebels have shot down 7 US Reaper drones worth $200 million in recent weeks,2025-04-24 23:45:00+00:00,Canada,stcatharinesstandard.ca,https://www.stcatharinesstandard.ca/news/world/united-states/houthi-rebels-have-shot-down-7-us-reaper-drones-worth-200-million-in-recent-weeks/article_0dd861a7-cb45-5b83-bf65-2f912aec84b8.html,Red_Sea_Gulf_Aden,gdelt,Red_Sea_Gulf_Aden
Houthi rebels have shot down 7 US Reaper drones worth $200 million in recent weeks,2025-04-24 23:30:00+00:00,Canada,therecord.com,https://www.therecord.com/news/world/united-states/houthi-rebels-have-shot-down-7-us-reaper-drones-worth-200-million-in-recent-weeks/article_60a7fe44-f44f-595a-a045-754a4ad46518.html,Red_Sea_Gulf_Aden,gdelt,Red_Sea_Gulf_Aden
Houthi rebels have shot down 7 US Reaper drones worth $200 million in recent weeks – Winnipeg Free Press,2025-04-24 23:15:00+00:00,Canada,winnipegfreepress.com,https://www.winnipegfreepress.com/world/2025/04/24/houthi-rebels-have-shot-down-7-us-reaper-drones-worth-200-million-in-recent-weeks,Red_Sea_Gulf_Aden,gdelt,Red_Sea_Gulf_Aden
Houthi rebels have shot down 7 US Reaper drones worth $200 million in recent weeks,2025-04-24 23:15:00+00:00,United States,yahoo.com,https://www.yahoo.com/news/houthi-rebels-shot-down-7-225323422.html,Red_Sea_Gulf_Aden,gdelt,Red_Sea_Gulf_Aden
Trump Ukraine peace plan gives Russia everything it wants . What is he trying to do ? ,2025-04-24 22:30:00+00:00,United States,slate.com,https://slate.com/news-and-politics/2025/04/donald-trump-ukraine-russia-ceasefire-peace-plan.html,Black_Sea_Ukraine,gdelt,Black_Sea_Ukraine
"Україна наполягає на припиненні вогню для миру , Росія відповідає ударами",2025-04-24 20:00:00+00:00,Lithuania,lrt.lt,https://www.lrt.lt/ua/novini/1263/2545911/ukrayina-napoliagaie-na-pripinenni-vogniu-dlia-miru-rosiia-vidpovidaie-udarami,Black_Sea_Ukraine,gdelt,Black_Sea_Ukraine
"Trump says he is  not happy  with Russia overnight missile attack on Kyiv and urges :  Vladimir , STOP ! Let get the peace deal done ! ",2025-04-24 13:15:00+00:00,United Kingdom,dailymail.co.uk,https://www.dailymail.co.uk/news/article-14643737/Trump-says-not-happy-Russia-attack-Kyiv.html,Black_Sea_Ukraine,gdelt,Black_Sea_Ukraine
Merz - Vertrauter spekuliert offen über Taurus - Einsatz bei Angriff auf Krim - Brücke,2025-04-24 11:30:00+00:00,Germany,merkur.de,https://www.merkur.de/politik/merz-vertrauter-spekuliert-offen-ueber-taurus-einsatz-zr-93697711.html,Black_Sea_Ukraine,gdelt,Black_Sea_Ukraine
Merz - Vertrauter spekuliert offen über Taurus - Einsatz bei Angriff auf Krim - Brücke,2025-04-24 10:15:00+00:00,Germany,tz.de,http://www.tz.de/politik/merz-vertrauter-spekuliert-offen-ueber-taurus-einsatz-zr-93697711.html,Black_Sea_Ukraine,gdelt,Black_Sea_Ukraine
Merz - Vertrauter spekuliert offen über Taurus - Einsatz bei Angriff auf Krim - Brücke,2025-04-24 10:15:00+00:00,Germany,merkur.de,http://www.merkur.de/politik/merz-vertrauter-spekuliert-offen-ueber-taurus-einsatz-zr-93697711.html,Black_Sea_Ukraine,gdelt,Black_Sea_Ukraine
Merz - Vertrauter spekuliert offen über Taurus - Einsatz bei Angriff auf Krim - Brücke,2025-04-24 10:15:00+00:00,Germany,hna.de,http://www.hna.de/politik/merz-vertrauter-spekuliert-offen-ueber-taurus-einsatz-zr-93697711.html,Black_Sea_Ukraine,gdelt,Black_Sea_Ukraine
Звинувачення Трампа у  затягуванні  мирної угоди . Акценти світових ЗМІ 24 квітня,2025-04-24 09:45:00+00:00,Ukraine,espreso.tv,https://espreso.tv/svit-pro-ukrainu-zvinuvachennya-trampa-u-zatyaguvanni-mirnoi-ugodi-ta-raketna-ataka-rosii-po-kievu-aktsenti-svitovikh-zmi-24-kvitnya,Black_Sea_Ukraine,gdelt,Black_Sea_Ukraine
"Guerre en Ukraine  : une attaque de missiles sur Kiev fait 9 morts et 63 blessés selon les secours , Trump sen prend à Zelensky",2025-04-24 09:15:00+00:00,Belgium,lavenir.net,https://www.lavenir.net/actu/monde/2025/04/24/guerre-en-ukraine-une-attaque-de-missiles-sur-kiev-fait-9-morts-et-63-blesses-selon-les-secours-7DSDILJCOBHMBLVYEFEXEXMRVQ/,Black_Sea_Ukraine,gdelt,Black_Sea_Ukraine
Guerre en Ukraine : nouvelle attaque meurtrière de missiles russes sur Kiev,2025-04-24 08:45:00+00:00,France,lopinion.fr,https://www.lopinion.fr/international/guerre-en-ukraine-nouvelle-attaque-meurtriere-de-missiles-russes-sur-kiev,Black_Sea_Ukraine,gdelt,Black_Sea_Ukraine
Attacked on both sides : Putin launches major drone strike on Kyiv after Donald Trump blasted Zelensky for  harming peace negotiation and told him to give up land to Russia,2025-04-24 08:15:00+00:00,United Kingdom,dailymail.co.uk,https://www.dailymail.co.uk/news/article-14642457/Putin-drone-strike-Kyiv-Trump-blasted-Zelensky.html,Black_Sea_Ukraine,gdelt,Black_Sea_Ukraine
"Attaque meurtrière de missiles russes sur Kiev , Trump sen prend à Zelensky",2025-04-24 08:00:00+00:00,Belgium,lalibre.be,https://www.lalibre.be/international/europe/guerre-ukraine-russie/2025/04/24/attaque-meurtriere-de-missiles-russes-sur-kiev-trump-sen-prend-a-zelensky-3V3LQCMKSVC6PHRHWLQLHEYB3I/,Black_Sea_Ukraine,gdelt,Black_Sea_Ukraine
"Guerre en Ukraine : attaque meurtrière de missiles russes sur Kiev , Trump  pense avoir un accord  avec la Russie",2025-04-24 07:30:00+00:00,France,sudouest.fr,https://www.sudouest.fr:443/international/guerre-en-ukraine-attaque-meurtriere-de-missiles-russes-sur-kiev-trump-pense-avoir-un-accord-avec-la-russie-24154233.php,Black_Sea_Ukraine,gdelt,Black_Sea_Ukraine
"Guerre en Ukraine : attaque meurtrière de missiles russes sur Kiev , Trump  pense avoir un accord  avec la Russie",2025-04-24 07:30:00+00:00,France,sudouest.fr,https://www.sudouest.fr/international/guerre-en-ukraine-attaque-meurtriere-de-missiles-russes-sur-kiev-trump-pense-avoir-un-accord-avec-la-russie-24154233.php,Black_Sea_Ukraine,gdelt,Black_Sea_Ukraine
Several dead in Russia massive strike on Kyiv hours after Trump lashed out at Ukraine Zelenskyy – Firstpost,2025-04-24 07:15:00+00:00,India,firstpost.com,https://www.firstpost.com/world/several-dead-in-russias-massive-strike-on-kyiv-hours-after-trump-lashed-out-at-ukraines-zelenskyy-13882638.html,Black_Sea_Ukraine,gdelt,Black_Sea_Ukraine
Attaque de missiles sur Kiev : au moins neuf morts et 63 blessés selon les secours,2025-04-24 07:15:00+00:00,France,rmc.bfmtv.com,https://rmc.bfmtv.com/actualites/international/attaque-de-missiles-sur-kiev-neuf-morts-et-63-blesses-selon-les-secours_AN-202504240099.html,Black_Sea_Ukraine,gdelt,Black_Sea_Ukraine
"Guerre en Ukraine  : neuf morts et 63 blessés lors dune attaque de missiles russes sur Kiev , Trump  proche  dun accord avec la Russie",2025-04-24 06:45:00+00:00,France,nouvelobs.com,https://www.nouvelobs.com/monde/20250424.OBS103143/guerre-en-ukraine-neuf-morts-et-63-blesses-lors-d-une-attaque-de-missiles-russes-sur-kiev-trump-proche-d-un-accord-avec-la-russie.html,Black_Sea_Ukraine,gdelt,Black_Sea_Ukraine
Guerre en Ukraine  : 9 morts et 63 blessés après une attaque russe sur Kiev,2025-04-24 06:45:00+00:00,France,parismatch.com,https://www.parismatch.com/actu/international/guerre-en-ukraine-9-morts-et-63-blesses-apres-une-attaque-russe-sur-kiev-250486,Black_Sea_Ukraine,gdelt,Black_Sea_Ukraine
There Will Be No Ukrainian Peace Deal,2025-04-24 06:15:00+00:00,United States,lewrockwell.com,https://www.lewrockwell.com/2025/04/paul-craig-roberts/there-will-be-no-ukrainian-peace-deal/,Black_Sea_Ukraine,gdelt,Black_Sea_Ukraine
Guerre en Ukraine . Une attaque de missiles russes fait au moins 9 morts dans la capitale Kiev,2025-04-24 06:15:00+00:00,France,estrepublicain.fr,https://www.estrepublicain.fr/defense-guerre-conflit/2025/04/24/une-attaque-de-missiles-russes-fait-au-moins-9-morts-dans-la-capitale-kiev,Black_Sea_Ukraine,gdelt,Black_Sea_Ukraine
Guerre en Ukraine . Une attaque de missiles russes fait au moins 9 morts dans la capitale Kiev,2025-04-24 06:15:00+00:00,France,lalsace.fr,https://www.lalsace.fr/defense-guerre-conflit/2025/04/24/une-attaque-de-missiles-russes-fait-au-moins-9-morts-dans-la-capitale-kiev,Black_Sea_Ukraine,gdelt,Black_Sea_Ukraine
Guerre en Ukraine . Une attaque de missiles russes fait au moins 9 morts dans la capitale Kiev,2025-04-24 06:15:00+00:00,France,bienpublic.com,https://www.bienpublic.com/defense-guerre-conflit/2025/04/24/une-attaque-de-missiles-russes-fait-au-moins-9-morts-dans-la-capitale-kiev,Black_Sea_Ukraine,gdelt,Black_Sea_Ukraine
Ukraine Russia war latest : Kyiv hit by massive missile and drone strike,2025-04-24 06:15:00+00:00,United Kingdom,independent.co.uk,https://www.independent.co.uk/news/world/europe/ukraine-russia-war-putin-trump-crimea-peace-talks-live-b2738456.html,Black_Sea_Ukraine,gdelt,Black_Sea_Ukraine
Un printemps politique sous haute tension à Beyrouth,2025-04-24 06:15:00+00:00,France,mondafrique.com,https://mondafrique.com/moyen-orient/gaza-beyrouth-teheran-les-bombes-a-fragmentation-du-printemps-2025/,Levant_EastMed,gdelt,Levant_EastMed
Guerre en Ukraine . Une attaque de missiles russes fait au moins 9 morts dans la capitale Kiev,2025-04-24 05:45:00+00:00,France,leprogres.fr,https://www.leprogres.fr/defense-guerre-conflit/2025/04/24/une-attaque-de-missiles-russes-fait-au-moins-9-morts-dans-la-capitale-kiev,Black_Sea_Ukraine,gdelt,Black_Sea_Ukraine
"Rudal Rusia Hantam Kyiv dan Tewaskan 9 Orang , Picu Penduduk Sembunyi di Perlindungan Bom Ukraina",2025-04-24 05:45:00+00:00,Indonesia,liputan6.com,https://www.liputan6.com/global/read/6003990/rudal-rusia-hantam-kyiv-dan-tewaskan-9-orang-picu-penduduk-sembunyi-di-perlindungan-bom-ukraina,Black_Sea_Ukraine,gdelt,Black_Sea_Ukraine
Guerre en Ukraine . Une attaque de missiles russes fait au moins 9 morts dans la capitale Kiev,2025-04-24 05:45:00+00:00,France,lejsl.com,https://www.lejsl.com/defense-guerre-conflit/2025/04/24/une-attaque-de-missiles-russes-fait-au-moins-9-morts-dans-la-capitale-kiev,Black_Sea_Ukraine,gdelt,Black_Sea_Ukraine
"Guerre en Ukraine : Kiev visée par une  frappe massive  russe , au moins 9 morts",2025-04-24 05:15:00+00:00,France,huffingtonpost.fr,https://www.huffingtonpost.fr/international/article/guerre-en-ukraine-kiev-visee-par-une-frappe-massive-russe-au-moins-9-morts_249169.html,Black_Sea_Ukraine,gdelt,Black_Sea_Ukraine
EN DIRECT Guerre en Ukraine : Une attaque de missiles sur Kiev fait au moins neuf morts … ,2025-04-24 05:15:00+00:00,France,20minutes.fr,https://www.20minutes.fr/monde/ukraine/4150093-20250424-direct-guerre-ukraine-attaque-missiles-kiev-fait-moins-neuf-morts,Black_Sea_Ukraine,gdelt,Black_Sea_Ukraine
被泽连斯基正面硬刚 ， 特朗普怒了 ： 他可以再打三年 ， 直到失去整个国家 ！ 基辅遭大规模导弹攻击,2025-04-24 03:45:00+00:00,China,finance.sina.com.cn,https://finance.sina.com.cn/roll/2025-04-24/doc-ineufstc3067337.shtml,Black_Sea_Ukraine,gdelt,Black_Sea_Ukraine
"Attaque meurtrière de missiles russes sur Kiev , Trump sen prend à Zelensky - 24 / 04 / 2025 à 03 : 33",2025-04-24 03:30:00+00:00,France,boursorama.com,https://www.boursorama.com/actualite-economique/actualites/attaque-meurtriere-de-missiles-russes-sur-kiev-trump-s-en-prend-a-zelensky-f2be17d54e80afac98db7be0fa3c254a,Black_Sea_Ukraine,gdelt,Black_Sea_Ukraine
Rusia Serang Kyiv Usai Zelensky Tolak Usulan AS untuk Lepaskan Krimea,2025-04-24 03:00:00+00:00,Indonesia,kompas.com,https://www.kompas.com/global/read/2025/04/24/092207470/rusia-serang-kyiv-usai-zelensky-tolak-usulan-as-untuk-lepaskan-krimea,Black_Sea_Ukraine,gdelt,Black_Sea_Ukraine
 【 俄乌开战 】 俄军导弹袭击基辅 酿至少56人死伤 | 国际,2025-04-24 02:45:00+00:00,Malaysia,orientaldaily.com.my,https://www.orientaldaily.com.my/news/international/2025/04/24/728372,Black_Sea_Ukraine,gdelt,Black_Sea_Ukraine
How Zelensky Responded To Trump Demand Of Ceding Crimea To Russia,2025-04-24 02:15:00+00:00,India,ndtv.com,https://www.ndtv.com/world-news/how-ukraines-volodymyr-zelensky-responded-to-trumps-demand-of-ceding-crimea-to-russia-8241188,Black_Sea_Ukraine,gdelt,Black_Sea_Ukraine
Moscú responde a Occidente : Putin propone diálogo directo con Ucrania,2025-04-24 02:00:00+00:00,Mexico,laverdadnoticias.com,https://laverdadnoticias.com/internacional/moscu-responde-a-occidente-putin-propone-dialogo-directo-con-ucrania-20250423,Black_Sea_Ukraine,gdelt,Black_Sea_Ukraine
إسرائيل ترصد صاروخا أطلق من اليمن,2025-04-23 16:15:00+00:00,Syria,skynewsarabia.com,https://www.skynewsarabia.com/middle-east/1791653-%D8%A7%D9%95%D8%B3%D8%B1%D8%A7%D9%8A%D9%94%D9%8A%D9%84-%D8%AA%D8%B1%D8%B5%D8%AF-%D8%B5%D8%A7%D8%B1%D9%88%D8%AE%D8%A7-%D8%A7%D9%94%D8%B7%D9%84%D9%82-%D8%A7%D9%84%D9%8A%D9%85%D9%86,Red_Sea_Gulf_Aden,gdelt,Red_Sea_Gulf_Aden
تسليم سلاح المقاومة .. استباق سياسي لمعركة لم تنته بعد,2025-04-23 12:45:00+00:00,Lebanon,almanar.com.lb,https://www.almanar.com.lb/13398871,Levant_EastMed,gdelt,Levant_EastMed
Zelenskyj odmítl hrát podle americko - ruských not . Rubio kvůli tomu bojkotuje schůzku v Londýně,2025-04-23 08:15:00+00:00,Czech Republic,novinky.cz,https://www.novinky.cz/clanek/valka-na-ukrajine-zelenskyj-odmitl-hrat-podle-americko-ruskych-not-rubio-kvuli-tomu-bojkotuje-schuzku-v-londyne-40518284,Black_Sea_Ukraine,gdelt,Black_Sea_Ukraine
Yemen’s Houthis launch rare missile attack on northern Israel - Al Jazeera,2025-04-23 07:00:00+00:00,Al Jazeera,news.google.com,https://news.google.com/rss/articles/CBMimAFBVV95cUxPSF9udHRPNVVwZFRRY2pYd1NhSmNiWkRMZ1NYX01YaXNtM3hsWXluZ2JYTHV0Q0hIU0F5M1B4YXVjQXBWaUtsMG9oMnhNTnJPbTFXaXBxU0p0QnA4ekNRNnpzWV9SZTRBWHM4cVc0cFRTM1RtZkhCN1k0UEFjY2NadWlxcTdkdENMUTR5OUtKVmxoOHBJUEk0edIBngFBVV95cUxPN0RROHVMenNjZ05FZzBIMmdRbEtTZWdkaDZNZmFfTlhGMHVvZWhRVlFuU1cyaFhtMHcwMi0zMFNJNFhFREliaXhQUEZuTGQwVlppdDBTNjNLaUNTOXZmSG5TRVNMVVExQ1Z4NFlPOENMREN6LWNlOHphZzdyZ2ZYenFRY0xqNTFSRkw2Ny1hbFQ2YlRJVURLZUlCQ2hTdw?oc=5,Red_Sea_Gulf_Aden,google_rss,Red_Sea_Gulf_Aden
美军凌晨发动3次空袭 ！ 美国两艘航空母舰再遭胡塞武装导弹袭击 ， 一架MQ - 9无人机被击落,2025-04-23 01:45:00+00:00,China,nbd.com.cn,https://www.nbd.com.cn/articles/2025-04-23/3843935.html,Red_Sea_Gulf_Aden,gdelt,Red_Sea_Gulf_Aden
Israeli strikes kill 14 in Gaza and destroy heavy equipment needed to clear rubble,2025-04-23 01:15:00+00:00,Canada,calgarysun.com,https://calgarysun.com/news/world/israeli-strikes-kill-14-in-gaza-and-destroy-heavy-equipment-needed-to-clear-rubble/wcm/12048521-aa07-4b7b-b867-7e2a18dbb101,Levant_EastMed,gdelt,Levant_EastMed
Israeli strikes kill 17 in Gaza and destroy heavy equipment needed to clear rubble,2025-04-22 23:30:00+00:00,United States,krcgtv.com,https://krcgtv.com/news/nation-world/israeli-strikes-kill-17-in-gaza-and-destroy-heavy-equipment-needed-to-clear-rubble,Levant_EastMed,gdelt,Levant_EastMed
Israeli strikes kill 17 in Gaza and destroy heavy equipment needed to clear rubble,2025-04-22 23:30:00+00:00,United States,journalgazette.net,https://www.journalgazette.net/news/world/israeli-strikes-kill-17-in-gaza-and-destroy-heavy-equipment-needed-to-clear-rubble/article_91239eb0-4e77-5c8b-b9f0-84605a707f16.html,Levant_EastMed,gdelt,Levant_EastMed
Israeli strikes kill 14 in Gaza and destroy heavy equipment needed to clear rubble,2025-04-22 22:15:00+00:00,United States,twincities.com,https://www.twincities.com/2025/04/22/israel-gaza-strike-heavy-equipment/,Levant_EastMed,gdelt,Levant_EastMed
Israeli strikes kill 14 in Gaza and destroy heavy equipment needed to clear rubble – Butler Eagle,2025-04-22 22:00:00+00:00,United States,butlereagle.com,https://www.butlereagle.com/20250422/israeli-strikes-kill-14-in-gaza-and-destroy-heavy-equipment-needed-to-clear-rubble/,Levant_EastMed,gdelt,Levant_EastMed
Israeli strikes kill 14 in Gaza and destroy heavy equipment needed to clear rubble,2025-04-22 21:00:00+00:00,United States,sun-sentinel.com,https://www.sun-sentinel.com/2025/04/22/israel-gaza-strike-heavy-equipment/,Levant_EastMed,gdelt,Levant_EastMed
Israeli strikes kill 14 in Gaza and destroy heavy equipment needed to clear rubble,2025-04-22 20:15:00+00:00,United States,sandiegouniontribune.com,https://www.sandiegouniontribune.com/2025/04/22/israel-gaza-strike-heavy-equipment/,Levant_EastMed,gdelt,Levant_EastMed
Israeli strikes kill 14 in Gaza and destroy heavy equipment needed to clear rubble,2025-04-22 19:00:00+00:00,United States,ocregister.com,https://www.ocregister.com/2025/04/22/israel-gaza-strike-heavy-equipment/,Levant_EastMed,gdelt,Levant_EastMed
Israeli strikes kill 14 in Gaza and destroy heavy equipment needed to clear rubble,2025-04-22 18:00:00+00:00,United States,saratogian.com,https://www.saratogian.com/2025/04/22/israel-gaza-strike-heavy-equipment/,Levant_EastMed,gdelt,Levant_EastMed
Israeli strikes kill 17 in Gaza and destroy heavy equipment used to clear rubble,2025-04-22 17:15:00+00:00,United Kingdom,thetelegraphandargus.co.uk,https://www.thetelegraphandargus.co.uk/news/national/25106381.israeli-strikes-kill-17-gaza-destroy-heavy-equipment-used-clear-rubble/,Levant_EastMed,gdelt,Levant_EastMed
Israeli strikes kill 14 in Gaza and destroy heavy equipment needed to clear rubble,2025-04-22 17:15:00+00:00,United States,timesherald.com,https://www.timesherald.com/2025/04/22/israel-gaza-strike-heavy-equipment/,Levant_EastMed,gdelt,Levant_EastMed
Israeli strikes kill 17 in Gaza and destroy heavy equipment used to clear rubble,2025-04-22 17:15:00+00:00,United Kingdom,eadt.co.uk,https://www.eadt.co.uk/news/national/25106381.israeli-strikes-kill-17-gaza-destroy-heavy-equipment-used-clear-rubble/,Levant_EastMed,gdelt,Levant_EastMed
Israeli strikes kill 17 in Gaza and destroy heavy equipment used to clear rubble,2025-04-22 17:00:00+00:00,United Kingdom,echo-news.co.uk,https://www.echo-news.co.uk/news/national/25106381.israeli-strikes-kill-17-gaza-destroy-heavy-equipment-used-clear-rubble/,Levant_EastMed,gdelt,Levant_EastMed
Israeli Strikes Kill 14 in Gaza and Destroy Heavy Equipment Needed to Clear Rubble,2025-04-22 17:00:00+00:00,United States,military.com,https://www.military.com/daily-news/2025/04/22/israeli-strikes-kill-14-gaza-and-destroy-heavy-equipment-needed-clear-rubble.html,Levant_EastMed,gdelt,Levant_EastMed
Israeli strikes kill 17 in Gaza and destroy heavy equipment used to clear rubble,2025-04-22 16:15:00+00:00,United Kingdom,salisburyjournal.co.uk,https://www.salisburyjournal.co.uk/news/national/25106381.israeli-strikes-kill-17-gaza-destroy-heavy-equipment-used-clear-rubble/,Levant_EastMed,gdelt,Levant_EastMed
Israeli strikes kill 17 in Gaza and destroy heavy equipment used to clear rubble,2025-04-22 16:15:00+00:00,United Kingdom,edp24.co.uk,https://www.edp24.co.uk/news/national/25106381.israeli-strikes-kill-17-gaza-destroy-heavy-equipment-used-clear-rubble/,Levant_EastMed,gdelt,Levant_EastMed
Israeli strikes kill 17 in Gaza and destroy heavy equipment used to clear rubble,2025-04-22 16:15:00+00:00,United Kingdom,theboltonnews.co.uk,https://www.theboltonnews.co.uk/news/national/25106381.israeli-strikes-kill-17-gaza-destroy-heavy-equipment-used-clear-rubble/,Levant_EastMed,gdelt,Levant_EastMed
Israeli strikes kill 14 in Gaza and destroy heavy equipment needed to clear rubble,2025-04-22 14:30:00+00:00,United States,clickorlando.com,https://www.clickorlando.com/news/world/2025/04/22/israeli-strikes-kill-14-in-gaza-and-destroy-heavy-equipment-needed-to-clear-rubble/,Levant_EastMed,gdelt,Levant_EastMed
Israeli strikes kill 14 in Gaza and destroy heavy equipment needed to clear rubble,2025-04-22 13:30:00+00:00,United States,wsls.com,https://www.wsls.com/news/world/2025/04/22/israeli-strikes-kill-14-in-gaza-and-destroy-heavy-equipment-needed-to-clear-rubble/,Levant_EastMed,gdelt,Levant_EastMed
US strikes kill over 500 Houthis in last month,2025-04-22 08:30:00+00:00,Afghanistan,khaama.com,https://www.khaama.com/us-strikes-kill-over-500-houthis-in-last-month/,Red_Sea_Gulf_Aden,gdelt,Red_Sea_Gulf_Aden
"Report to Congress on Yemen, Red Sea Attacks and U.S. Policy - USNI News",2025-04-22 07:00:00+00:00,USNI News,news.google.com,https://news.google.com/rss/articles/CBMilgFBVV95cUxNOEljT3dRUlNOTXFiTDNIcmRvRFdPNC05RUtfSEVnby16RmgzakNrcllFd1FNQmVUZTZrRlhyYlBYMlJ2dThrWkVSZUtEVlh4NExTNXpCNHRZazM4LUR1dXAtU0hpQjZyZW15TDZYMXk3cXloR2NzMFZYTjRZUm5nbjY1bWlCcXZwUndHbzg1MVJzTTFrQnc?oc=5,Red_Sea_Gulf_Aden,google_rss,Red_Sea_Gulf_Aden
نتنياهو يحذر : لن نقبل بقيام أي خلافة على شاطئ المتوسط والرد سيكون قاسيا – تلفزيون الفجر,2025-04-21 23:15:00+00:00,Israel,alfajertv.com,https://alfajertv.com/news/worldnews/680138.html,Levant_EastMed,gdelt,Levant_EastMed
Reacția Moscovei la planul de pace propus de SUA . Kremlinul e încântat de propunerea ca Ucraina să renunțe la aderarea la NATO,2025-04-21 15:30:00+00:00,Romania,antena3.ro,https://www.antena3.ro/externe/reactia-moscovei-la-planul-de-pace-propus-de-sua-kremlinul-e-incantat-de-propunerea-ca-ucraina-sa-renunte-la-aderarea-la-nato-743553.html,Black_Sea_Ukraine,gdelt,Black_Sea_Ukraine
Війна в Україні - після  перемир  я  Росія запустила по Україні майже сотню дронів та ракет УНІАН,2025-04-21 09:15:00+00:00,Ukraine,unian.ua,https://www.unian.ua/war/viyna-v-ukrajini-pislya-peremir-ya-rosiya-zapustila-po-ukrajini-mayzhe-sotnyu-droniv-ta-raket-12983817.html,Black_Sea_Ukraine,gdelt,Black_Sea_Ukraine
"Обстріл України 21 квітня - Росія запустила Онікс і 96 дронів , скільки збито",2025-04-21 07:15:00+00:00,Ukraine,rbc.ua,https://www.rbc.ua/rus/news/rf-atakuvala-ukrayinu-oniksom-i-mayzhe-100-1745216916.html,Black_Sea_Ukraine,gdelt,Black_Sea_Ukraine
Нічна атака по Україні 21 квітня 2025 Україна,2025-04-21 07:15:00+00:00,Ukraine,tsn.ua,https://tsn.ua/auto/news/ukrayina/peremyria-zakinchylosia-rf-vhatyla-po-ukrayini-raketamy-ta-dronamy-2812613.html,Black_Sea_Ukraine,gdelt,Black_Sea_Ukraine
Israel hits Hezbollah leader tied to Iran arms transfers,2025-04-20 22:15:00+00:00,India,hindustantimes.com,https://www.hindustantimes.com/world-news/israel-hits-hezbollah-leader-tied-to-iran-arms-transfers-101745165484247.html,Levant_EastMed,gdelt,Levant_EastMed
Netanyahu Vows to  Destroy Hamas in Gaza  as Terrorist Group Rejects Latest Ceasefire Offer,2025-04-20 18:15:00+00:00,United States,legalinsurrection.com,https://legalinsurrection.com/2025/04/netanyahu-vows-to-destroy-hamas-in-gaza-as-terrorist-group-rejects-latest-ceasefire-offer/,Levant_EastMed,gdelt,Levant_EastMed
"İsrail , Lübnan  ın güneyine bir dizi hava saldırısı düzenledi",2025-04-20 17:30:00+00:00,Turkey,bursahakimiyet.com.tr,https://www.bursahakimiyet.com.tr/dunya/israil-lubnan-in-guneyine-bir-dizi-hava-saldirisi-duzenledi-1424896,Levant_EastMed,gdelt,Levant_EastMed
Israel strikes Hezbollah commander behind Iranian arms transfers,2025-04-20 17:30:00+00:00,India,aninews.in,https://aninews.in/news/world/middle-east/israel-strikes-hezbollah-commander-behind-iranian-arms-transfers20250420205227/,Levant_EastMed,gdelt,Levant_EastMed
İsrail bomba yağdırıyor ! Ateşkesi ihlal etti,2025-04-20 17:15:00+00:00,Turkey,yenicaggazetesi.com.tr,https://www.yenicaggazetesi.com.tr/israil-bomba-yagdiriyor-ateskesi-ihlal-etti-907352h.htm,Levant_EastMed,gdelt,Levant_EastMed
Israel strikes Hezbollah commander behind Iranian arms transfers,2025-04-20 16:45:00+00:00,India,economictimes.indiatimes.com,https://economictimes.indiatimes.com/news/defence/israel-strikes-hezbollah-commander-behind-iranian-arms-transfers/articleshow/120459582.cms,Levant_EastMed,gdelt,Levant_EastMed
Israel strikes Hezbollah commander behind Iranian arms transfers,2025-04-20 16:15:00+00:00,India,news.webindia123.com,https://news.webindia123.com/news/Articles/World/20250420/4309220.html,Levant_EastMed,gdelt,Levant_EastMed
Ateşkes ihlali ! Savaş uçakları Lübnana bomba yağdırıyor,2025-04-20 16:00:00+00:00,Turkey,turkiyegazetesi.com.tr,https://www.turkiyegazetesi.com.tr/dunya/ateskes-ihlali-savas-ucaklari-lubnana-bomba-yagdiriyor-1110115,Levant_EastMed,gdelt,Levant_EastMed
"İsrail savaş uçakları , Lübnan  ın güneyine bir dizi hava saldırısı düzenledi",2025-04-20 16:00:00+00:00,Turkey,cnnturk.com,https://www.cnnturk.com/dunya/israil-savas-ucaklari-lubnanin-guneyine-bir-dizi-hava-saldirisi-duzenledi-2272927,Levant_EastMed,gdelt,Levant_EastMed
"İsrail savaş uçakları , Lübnan  ın güneyine bir dizi hava saldırısı düzenledi",2025-04-20 15:00:00+00:00,Turkey,aa.com.tr,https://www.aa.com.tr/tr/dunya/israil-savas-ucaklari-lubnanin-guneyine-bir-dizi-hava-saldirisi-duzenledi/3543748,Levant_EastMed,gdelt,Levant_EastMed
محللون إسرائيليون : الواقع الإقليمي انقلب على  إسرائيل  في غير صالحها – موقع قناة المنار – لبنان,2025-04-20 14:30:00+00:00,Lebanon,almanar.com.lb,https://www.almanar.com.lb/13388388,Levant_EastMed,gdelt,Levant_EastMed
Yemen Houthis say two killed in US stikes on Sanaa area,2025-04-20 13:30:00+00:00,Saudi Arabia,arabnews.com,https://www.arabnews.com/node/2597778/middle-east,Red_Sea_Gulf_Aden,gdelt,Red_Sea_Gulf_Aden
Yemen Houthis say two killed in US stikes on Sanaa area - World,2025-04-20 11:00:00+00:00,Pakistan,brecorder.com,https://www.brecorder.com/news/40358605/yemens-houthis-say-two-killed-in-us-stikes-on-sanaa-area,Red_Sea_Gulf_Aden,gdelt,Red_Sea_Gulf_Aden
İsrail Ordusunun Gazzeye Düzenlediği Saldırılarda 29 Kişi Hayatını Kaybetti,2025-04-20 11:00:00+00:00,Turkey,haberler.com,https://www.haberler.com/guncel/israil-ordusunun-gazze-ye-duzenledigi-saldirilarda-29-kisi-hayatini-kaybetti-18529611-haberi/,Levant_EastMed,gdelt,Levant_EastMed
İsrailin Gazzenin çeşitli yerlerine düzenlediği saldırılarda 29 Filistinli hayatını kaybetti,2025-04-20 11:00:00+00:00,Turkey,aa.com.tr,https://www.aa.com.tr/tr/dunya/israilin-gazzenin-cesitli-yerlerine-duzenledigi-saldirilarda-29-filistinli-hayatini-kaybetti/3543493,Levant_EastMed,gdelt,Levant_EastMed
"Live updates : Trump news on Iran and Ukraine talks , immigration crackdown , tariffs",2025-04-19 17:15:00+00:00,United States,edition.cnn.com,https://edition.cnn.com/politics/live-news/trump-presidency-04-19-25/,Black_Sea_Ukraine,gdelt,Black_Sea_Ukraine
Armistițiu de Paște - Putin anunță încetarea focului în Ucraina,2025-04-19 15:00:00+00:00,Romania,stiripesurse.ro,https://www.stiripesurse.ro/armistitiu-de-paste-putin-anunta-incetarea-focului-in-ucraina_3654868.html,Black_Sea_Ukraine,gdelt,Black_Sea_Ukraine
"US Airstrikes on Yemen Fuel Port Kill 74 , Sparking Outrage and Protests",2025-04-19 15:00:00+00:00,Pakistan,voiceofvienna.org,https://voiceofvienna.org/2025/04/us-airstrikes-on-yemen-fuel-port-kill-74-sparking-outrage-and-protests/,Red_Sea_Gulf_Aden,gdelt,Red_Sea_Gulf_Aden
"Izrael ponechá své vojáky v Gaze , Libanonu a Sýrii na neurčito",2025-04-19 13:30:00+00:00,Czech Republic,e15.cz,https://www.e15.cz/zahranicni/izrael-ponecha-sve-vojaky-v-gaze-libanonu-a-syrii-na-neurcito-1424004,Levant_EastMed,gdelt,Levant_EastMed
Ucraina media Kiev pronta ad accettare al 90 proposta pace united states ,2025-04-19 11:45:00+00:00,Italy,zazoom.it,https://www.zazoom.it/2025-04-19/ucraina-media-kiev-pronta-ad-accettare-al-90-proposta-pace-usa/16806705/,Black_Sea_Ukraine,gdelt,Black_Sea_Ukraine
US Air Strikes Targeting Yemeni Oil Port ; Houthis Say Attack Killed 20 People,2025-04-19 11:30:00+00:00,Syria,globalsecurity.org,https://www.globalsecurity.org/military/library/news/2025/04/mil-250418-rferl01.htm,Red_Sea_Gulf_Aden,gdelt,Red_Sea_Gulf_Aden
Нічна атака ворога на Україну : як спрацювала ППО DSnews . ua,2025-04-19 11:15:00+00:00,Ukraine,dsnews.ua,https://www.dsnews.ua/ukr/politics/nichna-ataka-voroga-na-ukrajinu-yak-spracyuvala-ppo-19042025-520543,Black_Sea_Ukraine,gdelt,Black_Sea_Ukraine
"Izrael ponechá své vojáky v Gaze , Libanonu a Sýrii na neurčito | Svět",2025-04-19 10:30:00+00:00,Czech Republic,lidovky.cz,https://www.lidovky.cz/svet/izrael-vojaci-gaza-libanon-syrie-hamas.A250419_115242_ln_zahranici_halu,Levant_EastMed,gdelt,Levant_EastMed
Напередодні Великодня рф атакувала Україну майже 100 дронами і ракетами : скільки збила ППО,2025-04-19 09:45:00+00:00,Ukraine,podrobnosti.ua,https://podrobnosti.ua/2499368-naperedodn-velikodnja-rf-atakuvala-ukranu-majzhe-100-dronami-raketami-sklki-zbila-ppo.html,Black_Sea_Ukraine,gdelt,Black_Sea_Ukraine
美航母抵达阿拉伯海后首遭打击 胡塞武装强力反击 _ 军事频道 _ 中华网,2025-04-19 08:00:00+00:00,China,military.china.com,https://military.china.com/news/13004177/20250419/48231410.html,Red_Sea_Gulf_Aden,gdelt,Red_Sea_Gulf_Aden
"80 killed in deadliest US attack on Yemen , Huthis say",2025-04-19 07:15:00+00:00,Pakistan,dunyanews.tv,https://dunyanews.tv/en/World/879408-80-killed-in-deadliest-us-attack-on-yemen-huthis-say,Red_Sea_Gulf_Aden,gdelt,Red_Sea_Gulf_Aden
What actually is a drone? This technology is radically changing warfare. - Business Insider,2025-04-19 07:00:00+00:00,Business Insider,news.google.com,https://news.google.com/rss/articles/CBMiW0FVX3lxTFA5LVJhQWZlQjBBUktBX09CejlaV2IydXBtNUUxa2lSdWZRRE4wNHVMTjZ2VzNsajZncWllWkVCckpwbHItSjlkVzhXclZaeUNNWjktVWdLRC02aUE?oc=5,Black_Sea_Ukraine,google_rss,Black_Sea_Ukraine
美国发动最致命攻击 也门230人死伤 | 国际,2025-04-19 06:00:00+00:00,Malaysia,orientaldaily.com.my,https://www.orientaldaily.com.my/news/international/2025/04/19/727309,Red_Sea_Gulf_Aden,gdelt,Red_Sea_Gulf_Aden
Deadly U . S . Strike on Yemen Ras Isa Oil Port : Dozens Reported Killed,2025-04-19 05:30:00+00:00,Indonesia,noi.pikiran-rakyat.com,https://noi.pikiran-rakyat.com/news/pr-4049253663/deadly-us-strike-on-yemens-ras-isa-oil-port-dozens-reported-killed,Red_Sea_Gulf_Aden,gdelt,Red_Sea_Gulf_Aden
روسيا تحذر ألمانيا : صواريخ  توروس  ستورطكم بشكل مباشر في حرب أوكرانيا – عكس السير,2025-04-19 04:00:00+00:00,Syria,aksalser.com,https://www.aksalser.com/news/2025/04/19/%D8%B1%D9%88%D8%B3%D9%8A%D8%A7-%D8%AA%D8%AD%D8%B0%D8%B1-%D8%A3%D9%84%D9%85%D8%A7%D9%86%D9%8A%D8%A7-%D8%B5%D9%88%D8%A7%D8%B1%D9%8A%D8%AE-%D8%AA%D9%88%D8%B1%D9%88%D8%B3-%D8%B3%D8%AA%D9%88%D8%B1/,Black_Sea_Ukraine,gdelt,Black_Sea_Ukraine
Trump Admin Prepared to Recognize Crimea as Russian Territory : Report,2025-04-19 01:15:00+00:00,United States,newsweek.com,https://www.newsweek.com/trump-russia-ukraine-crimea-report-2061658,Black_Sea_Ukraine,gdelt,Black_Sea_Ukraine
Huthis reivindicam ataques contra Israel e navios norte - americanos,2025-04-18 18:15:00+00:00,Portugal,dnoticias.pt,https://www.dnoticias.pt/2025/4/18/445671-huthis-reivindicam-ataques-contra-israel-e-navios-norte-americanos/,Red_Sea_Gulf_Aden,gdelt,Red_Sea_Gulf_Aden
US Strikes Target Fuel Port in Yemen Houthi - Controlled Northwest,2025-04-18 18:00:00+00:00,United States,theepochtimes.com,https://www.theepochtimes.com/world/us-strikes-target-fuel-port-in-yemens-houthi-controlled-northwest-5843972,Red_Sea_Gulf_Aden,gdelt,Red_Sea_Gulf_Aden
U . S . Airstrikes Target Yemen Houthi Terrorist Oil Port,2025-04-18 16:15:00+00:00,United States,breitbart.com,https://www.breitbart.com/europe/2025/04/18/u-s-airstrikes-target-yemens-houthi-terrorist-oil-port/,Red_Sea_Gulf_Aden,gdelt,Red_Sea_Gulf_Aden
"Deadliest US strike in Yemen kills 74 , Houthis say - World",2025-04-18 15:00:00+00:00,Pakistan,brecorder.com,https://www.brecorder.com/news/40358339/deadliest-us-strike-in-yemen-kills-74-houthis-say,Red_Sea_Gulf_Aden,gdelt,Red_Sea_Gulf_Aden
EUA afirmam ter destruído porto de petróleo no Iêmen ; ataques deixaram dezenas de mortos,2025-04-18 13:45:00+00:00,Brazil,terra.com.br,"https://www.terra.com.br/noticias/mundo/eua-afirmam-ter-destruido-porto-de-petroleo-no-iemen-ataques-deixaram-dezenas-de-mortos,60b4990a9786cb341f65673a7778f3f0osyilxev.html",Red_Sea_Gulf_Aden,gdelt,Red_Sea_Gulf_Aden
Yémen : 58 morts dans lattaque dun port pétrolier par larmée américaine,2025-04-18 11:45:00+00:00,France,lanouvellerepublique.fr,https://www.lanouvellerepublique.fr/a-la-une/yemen-58-morts-dans-l-attaque-d-un-port-petrolier-par-l-armee-americaine-1744971029,Red_Sea_Gulf_Aden,gdelt,Red_Sea_Gulf_Aden
Сили оборони збили 3 ракети  Іскандер - К  і 23  шахеди  ,2025-04-18 08:00:00+00:00,Ukraine,espreso.tv,https://espreso.tv/viyna-z-rosiyeyu-sili-oboroni-zbili-3-raketi-iskander-k-i-23-shakhedi,Black_Sea_Ukraine,gdelt,Black_Sea_Ukraine
US attacks Houthi fuel terminal in Yemen,2025-04-18 08:00:00+00:00,Saudi Arabia,saudigazette.com.sa,https://saudigazette.com.sa/article/651050/World/Mena/US-attacks-Houthi-fuel-terminal-in-Yemen,Red_Sea_Gulf_Aden,gdelt,Red_Sea_Gulf_Aden
Росія атакувала 6 ракетами та 37 ударними дронами,2025-04-18 07:45:00+00:00,Ukraine,kp.ua,https://kp.ua/ua/incidents/a709382-rosija-atakuvala-6-raketami-ta-37-udarnimi-dronami,Black_Sea_Ukraine,gdelt,Black_Sea_Ukraine
Атака по Україні сьогодні 18 . 04 . 2025 - скільки ракет і Шахедів збили - новини України,2025-04-18 07:15:00+00:00,Ukraine,24tv.ua,https://24tv.ua/vnochi-vorog-atakuvav-6-raketami-37-bpla-skilki-vdalosya-zbiti_n2802428,Black_Sea_Ukraine,gdelt,Black_Sea_Ukraine
"AS Hantam Pelabuhan Bahan Bakar Houthi di Yaman , 20 Orang Tewas",2025-04-18 05:00:00+00:00,Indonesia,kompas.com,https://www.kompas.com/global/read/2025/04/18/112734670/as-hantam-pelabuhan-bahan-bakar-houthi-di-yaman-20-orang-tewas,Red_Sea_Gulf_Aden,gdelt,Red_Sea_Gulf_Aden
US attacks Houthi fuel terminal in Yemen,2025-04-18 05:00:00+00:00,United States,yahoo.com,https://www.yahoo.com/news/us-attacks-houthi-fuel-terminal-041541096.html,Red_Sea_Gulf_Aden,gdelt,Red_Sea_Gulf_Aden
Rusia : Jerman Terlibat Perang Jika Ukraina Gunakan Rudal Taurus ! ,2025-04-18 00:30:00+00:00,Indonesia,international.sindonews.com,https://international.sindonews.com/read/1556517/41/rusia-jerman-terlibat-perang-jika-ukraina-gunakan-rudal-taurus-1744934669,Black_Sea_Ukraine,gdelt,Black_Sea_Ukraine
"Israel will remain in Gaza , Lebanon and Syria indefinitely , defense minister says",2025-04-17 19:30:00+00:00,United States,nypost.com,https://nypost.com/2025/04/17/world-news/israel-will-remain-in-gaza-lebanon-and-syria-indefinitely-defense-minister-says/,Levant_EastMed,gdelt,Levant_EastMed
Guerre en Ukraine  : La Russie menace lAllemagne en cas de frappe de lUkraine avec ses missiles Taurus sur le pont de Crimée,2025-04-17 15:15:00+00:00,France,lindependant.fr,https://www.lindependant.fr/2025/04/17/guerre-en-ukraine-la-russie-menace-lallemagne-en-cas-de-frappe-de-lukraine-avec-ses-missiles-taurus-sur-le-pont-de-crimee-12643012.php,Black_Sea_Ukraine,gdelt,Black_Sea_Ukraine
"Palestinian Journalist , Subject of Cannes - Bound Docu Killed in Gaza",2025-04-17 14:00:00+00:00,United States,hollywoodreporter.com,https://www.hollywoodreporter.com/movies/movie-news/palestinian-journalist-subject-cannes-doc-killed-gaza-1236193771/,Levant_EastMed,gdelt,Levant_EastMed
Bande de Gaza | Au moins 40 morts dans des bombardements israéliens sur des tentes,2025-04-17 12:45:00+00:00,Canada,lapresse.ca,https://www.lapresse.ca/international/moyen-orient/2025-04-17/bande-de-gaza/au-moins-40-morts-dans-des-bombardements-israeliens-sur-des-tentes.php,Levant_EastMed,gdelt,Levant_EastMed
"Why Israel is expanding its frontiers into Gaza , Lebanon and Syria",2025-04-17 12:45:00+00:00,Pakistan,dunyanews.tv,https://dunyanews.tv/en/World/879131-why-israel-is-expanding-its-frontiers-into-gaza-lebanon-and-syria,Levant_EastMed,gdelt,Levant_EastMed
"İsrail Savunma Bakanı Katz :  İsrail askerleri , süresiz olarak Gazze , Lübnan ve Suriyede kalacak  ",2025-04-17 12:00:00+00:00,Turkey,birgun.net,https://www.birgun.net/haber/israil-savunma-bakani-katz-israil-askerleri-suresiz-olarak-gazze-lubnan-ve-suriye-de-kalacak-616121,Levant_EastMed,gdelt,Levant_EastMed
İsrailden Suriye açıklaması : Askerler süresiz kalacak,2025-04-17 11:30:00+00:00,Turkey,haberler.com,https://www.haberler.com/dunya/israil-savunma-bakani-askerlerimiz-suresiz-kalacak-18518031-haberi/,Levant_EastMed,gdelt,Levant_EastMed
"Les frappes américaines au Yémen sintensifient , possible prélude à une offensive terrestre",2025-04-17 10:00:00+00:00,France,lemonde.fr,https://www.lemonde.fr/international/article/2025/04/17/les-frappes-americaines-au-yemen-s-intensifient-possible-prelude-a-une-offensive-terrestre_6596933_3210.html,Red_Sea_Gulf_Aden,gdelt,Red_Sea_Gulf_Aden
"Війна в Україні : Працювала ППО , РФ била ракетами і дронами - новини LB . ua",2025-04-17 08:00:00+00:00,Ukraine,lb.ua,https://lb.ua/society/2025/04/17/671575_vnochi_rosiya_atakuvala_ukrainu.html,Black_Sea_Ukraine,gdelt,Black_Sea_Ukraine
地区紧张局势致苏伊士运河2024年收入锐减 _ 新闻频道 _ 中华网,2025-04-17 07:45:00+00:00,China,news.china.com,https://news.china.com/international/1000/20250417/48224473.html,Red_Sea_Gulf_Aden,gdelt,Red_Sea_Gulf_Aden
"صحيفة الشرق الأوسط - Israel Says It Will Keep Troops in Gaza , Lebanon and Syria Indefinitely . What Does that Mean ? ",2025-04-17 07:45:00+00:00,Syria,english.aawsat.com,https://english.aawsat.com/features/5133338-israel-says-it-will-keep-troops-gaza-lebanon-and-syria-indefinitely-what-does-mean,Levant_EastMed,gdelt,Levant_EastMed
Ukraine Responds To Trump Envoy Land Surrender Comment,2025-04-17 07:30:00+00:00,United Kingdom,huffingtonpost.co.uk,https://www.huffingtonpost.co.uk/entry/ukraine-responds-to-trump-envoys-land-surrender-comment_uk_6800a1aee4b019ebe49a1176,Black_Sea_Ukraine,gdelt,Black_Sea_Ukraine
"Russian shelling of Nikopol kills 2, injures 5 - The Kyiv Independent",2025-04-17 07:00:00+00:00,The Kyiv Independent,news.google.com,https://news.google.com/rss/articles/CBMif0FVX3lxTE9vU3pzOGNlRk9pM3I5VF9VaGRJSEJsUy01RmdiVFMwX1NOXzZiMXlELXJ2MWVhc20xVUs0R19BQS1iYkdBTWtwU0N0TkRhdjk4RFhuMURBWjNtOTFfQlJtcldxdURmU3lPQURTbkR5WUxGQ3dNc3FjZUUzTEV5VlE?oc=5,Black_Sea_Ukraine,google_rss,Black_Sea_Ukraine
Ukrajina válku nezačala . Ani když americký prezident Trump tvrdí opak,2025-04-17 05:15:00+00:00,Czech Republic,denik.cz,https://www.denik.cz/ze_sveta/denik-proti-fake-news-donald-trump-volodymyr-zelenskij-usa.html,Black_Sea_Ukraine,gdelt,Black_Sea_Ukraine
以軍不演了 ! 要建安全緩衝區 公開宣佈 「 無限期 」 佔領 「 這3國 」 領土 …… | 國際,2025-04-17 05:00:00+00:00,Taiwan,newtalk.tw,https://newtalk.tw/news/view/2025-04-17/965912,Levant_EastMed,gdelt,Levant_EastMed
"Israeli defense minister says troops will remain in Gaza , Lebanon and Syria indefinitely",2025-04-17 04:45:00+00:00,Brunei,borneobulletin.com.bn,https://borneobulletin.com.bn/israeli-defense-minister-says-troops-will-remain-in-gaza-lebanon-and-syria-indefinitely/,Levant_EastMed,gdelt,Levant_EastMed
"Israeli troops to remain indefinitely in Gaza  buffer zone , Defence Minister says",2025-04-17 04:30:00+00:00,Australia,sbs.com.au,https://www.sbs.com.au/news/podcast-episode/israeli-troops-to-remain-indefinitely-in-gaza-buffer-zones-defence-minister-says/gcyqmt4io,Levant_EastMed,gdelt,Levant_EastMed
在加薩 、 黎巴嫩和敘利亞建立安全區 以色列防長 ： 以軍將無限期駐紮 - 國際,2025-04-17 04:00:00+00:00,Taiwan,news.ltn.com.tw,https://news.ltn.com.tw/news/world/breakingnews/5014657,Levant_EastMed,gdelt,Levant_EastMed
又一艘航母就位 ， 美又搞极限施压 ？ ,2025-04-17 01:45:00+00:00,China,news.ifeng.com,https://news.ifeng.com/c/8icOIg7KUFP,Red_Sea_Gulf_Aden,gdelt,Red_Sea_Gulf_Aden
"Israeli troops will remain in  security zone in Gaza , Lebanon and Syria indefinitely , minister says",2025-04-17 00:30:00+00:00,United Kingdom,news.sky.com,https://news.sky.com/story/israeli-troops-will-remain-in-security-zones-in-gaza-lebanon-and-syria-indefinitely-minister-says-13350213,Levant_EastMed,gdelt,Levant_EastMed
"Israeli defense minister says troops will remain in Gaza , Lebanon and Syria indefinitely",2025-04-17 00:00:00+00:00,United States,adn.com,https://www.adn.com/nation-world/2025/04/16/israeli-defense-minister-says-troops-will-remain-in-gaza-lebanon-and-syria-indefinitely/,Levant_EastMed,gdelt,Levant_EastMed
"Israel says it will keep troops in Gaza , Lebanon and Syria indefinitely",2025-04-17 00:00:00+00:00,Japan,japantoday.com,https://japantoday.com/category/world/israel-says-it-will-keep-troops-in-gaza-lebanon-and-syria-indefinitely.-what-does-that-mean,Levant_EastMed,gdelt,Levant_EastMed
"Israeli defense minister says troops will remain in Gaza , Lebanon and Syria indefinitely | News , Sports , Jobs",2025-04-16 23:00:00+00:00,United States,heraldextra.com,https://www.heraldextra.com/top-headlines/2025/apr/16/israeli-defense-minister-says-troops-will-remain-in-gaza-lebanon-and-syria-indefinitely/,Levant_EastMed,gdelt,Levant_EastMed
"Israel says it will keep troops in Gaza , Lebanon and Syria indefinitely . What does that mean ? ",2025-04-16 21:45:00+00:00,United States,channel3000.com,https://www.channel3000.com/news/national-and-world-news/israel-conflict/israel-says-it-will-keep-troops-in-gaza-lebanon-and-syria-indefinitely-what-does-that/article_fad2a81a-0203-553f-bc4b-f1cf9d52ed1a.html,Levant_EastMed,gdelt,Levant_EastMed
Israel says it intends to permanently occupy Gaza and parts of Lebanon and Syria,2025-04-16 21:00:00+00:00,United Kingdom,morningstaronline.co.uk,https://morningstaronline.co.uk/article/israel-says-it-intends-to-permanently-occupy-gaza-and-parts-of-lebanon-and-syria,Levant_EastMed,gdelt,Levant_EastMed
"Larmée israélienne restera  indéfiniment  à Gaza , au Liban et en Syrie , selon le ministre de la Défense",2025-04-16 21:00:00+00:00,United States,fr.euronews.com,https://fr.euronews.com/2025/04/16/larmee-israelienne-restera-indefiniment-a-gaza-au-liban-et-en-syrie-selon-le-ministre-de-l,Levant_EastMed,gdelt,Levant_EastMed
"Israel says it will keep troops in Gaza , Lebanon and Syria indefinitely . What does that mean ? ",2025-04-16 19:30:00+00:00,United States,news4jax.com,https://www.news4jax.com/news/world/2025/04/16/israel-says-it-will-keep-troops-in-gaza-lebanon-and-syria-indefinitely-what-does-that-mean/,Levant_EastMed,gdelt,Levant_EastMed
"Israel says it will keep troops in Gaza , Lebanon and Syria indefinitely . What does that mean ? ",2025-04-16 19:00:00+00:00,United States,ksat.com,https://www.ksat.com/news/world/2025/04/16/israel-says-it-will-keep-troops-in-gaza-lebanon-and-syria-indefinitely-what-does-that-mean/,Levant_EastMed,gdelt,Levant_EastMed
"Israel says it will keep troops in Gaza , Lebanon and Syria indefinitely . What does that mean ? ",2025-04-16 17:45:00+00:00,India,economictimes.indiatimes.com,https://economictimes.indiatimes.com/news/defence/israel-says-it-will-keep-troops-in-gaza-lebanon-and-syria-indefinitely-what-does-that-mean/articleshow/120353476.cms,Levant_EastMed,gdelt,Levant_EastMed
"Israel says it will keep troops in Gaza , Lebanon and Syria indefinitely . What does that mean ? ",2025-04-16 17:00:00+00:00,India,hindustantimes.com,https://www.hindustantimes.com/world-news/israel-says-it-will-keep-troops-in-gaza-lebanon-and-syria-indefinitely-what-does-that-mean-101744821319535.html,Levant_EastMed,gdelt,Levant_EastMed
"Israel plans longer - term presence in Gaza , Lebanon and Syria",2025-04-16 17:00:00+00:00,United States,yahoo.com,https://www.yahoo.com/news/israel-plans-longer-term-presence-154331045.html,Levant_EastMed,gdelt,Levant_EastMed
"Israel says it will keep troops in Gaza , Lebanon and Syria indefinitely . What does that mean ? | iNFOnews",2025-04-16 17:00:00+00:00,Canada,infotel.ca,https://infotel.ca/newsitem/ml-mideast-wars-israeli-expansion-explainer/cp1080941563,Levant_EastMed,gdelt,Levant_EastMed
"Israel says it will keep troops in Gaza , Lebanon and Syria indefinitely . What does that mean ? ",2025-04-16 17:00:00+00:00,United States,newsday.com,https://www.newsday.com/news/nation/israel-palestinians-hamas-war-gaza-lebanon-syria-land-buffer-zones-i99871,Levant_EastMed,gdelt,Levant_EastMed
以色列防長 ： 在加薩 、 黎巴嫩和敘利亞無限期駐軍 | 國際,2025-04-16 14:30:00+00:00,Taiwan,cna.com.tw,https://www.cna.com.tw/news/aopl/202504160373.aspx,Levant_EastMed,gdelt,Levant_EastMed
"Israeli troops will remain in Gaza , Lebanon and Syria indefinitely – minister",2025-04-16 13:15:00+00:00,Ireland,breakingnews.ie,https://www.breakingnews.ie/world/israeli-troops-will-remain-in-gaza-lebanon-and-syria-indefinitely-minister-1752791.html,Levant_EastMed,gdelt,Levant_EastMed
وزیر دفاع اسرائیل می‌گوید ارتش این کشور در غزه ، لبنان و سوریه باقی خواهد ماند,2025-04-16 13:15:00+00:00,Iran,radiofarda.com,https://www.radiofarda.com/a/israeli-defense-minister-says-troops-will-remain-in-gaza-lebanon-and-syria-indefinitely/33387272.html,Levant_EastMed,gdelt,Levant_EastMed
"Israeli defense minister says troops will remain in Gaza , Lebanon and Syria indefinitely | iNFOnews",2025-04-16 13:00:00+00:00,Canada,infotel.ca,https://infotel.ca/newsitem/ml-mideast-wars/cp1779810487,Levant_EastMed,gdelt,Levant_EastMed
"Israeli defense minister says troops will remain in Gaza , Lebanon and Syria indefinitely",2025-04-16 12:15:00+00:00,Hong Kong,thestandard.com.hk,"https://www.thestandard.com.hk/breaking-news/section/6/232485/Israeli-defense-minister-says-troops-will-remain-in-Gaza,-Lebanon-and-Syria-indefinitely",Levant_EastMed,gdelt,Levant_EastMed
"Guerre au Proche - Orient  : larmée israélienne  n  évacuera pas les zones nettoyées et occupées  après le conflit , alerte le ministre de la Défense",2025-04-16 12:15:00+00:00,France,lindependant.fr,https://www.lindependant.fr/2025/04/16/guerre-au-proche-orient-larmee-israelienne-nevacuera-pas-les-zones-nettoyees-et-occupees-apres-le-conflit-alerte-le-ministre-de-la-defense-12640558.php,Levant_EastMed,gdelt,Levant_EastMed
"Israeli defense minister says troops will remain in Gaza , Lebanon and Syria indefinitely",2025-04-16 11:00:00+00:00,United States,clickondetroit.com,https://www.clickondetroit.com/news/world/2025/04/16/israeli-defense-minister-says-troops-will-remain-in-gaza-lebanon-and-syria-indefinitely/,Levant_EastMed,gdelt,Levant_EastMed
"Israeli defense minister says troops will remain in Gaza , Lebanon and Syria indefinitely",2025-04-16 11:00:00+00:00,United States,news4jax.com,https://www.news4jax.com/news/world/2025/04/16/israeli-defense-minister-says-troops-will-remain-in-gaza-lebanon-and-syria-indefinitely/,Levant_EastMed,gdelt,Levant_EastMed
"Israeli defense minister says troops will remain in Gaza , Lebanon and Syria indefinitely",2025-04-16 10:45:00+00:00,United States,clickorlando.com,https://www.clickorlando.com/news/world/2025/04/16/israeli-defense-minister-says-troops-will-remain-in-gaza-lebanon-and-syria-indefinitely/,Levant_EastMed,gdelt,Levant_EastMed
"Israeli defence minister says troops will remain in Gaza , Lebanon , Syria indefinitely",2025-04-16 09:15:00+00:00,India,indianexpress.com,https://indianexpress.com/article/world/israeli-defence-minister-gaza-lebanon-syria-9947342/,Levant_EastMed,gdelt,Levant_EastMed
"Israeli defense minister says troops will remain in Gaza , Lebanon and Syria indefinitely",2025-04-16 08:45:00+00:00,Canada,therecord.com,https://www.therecord.com/news/world/middle-east/israeli-defense-minister-says-troops-will-remain-in-gaza-lebanon-and-syria-indefinitely/article_f0edac18-4f9b-5799-969f-06231581f69f.html,Levant_EastMed,gdelt,Levant_EastMed
"Israeli defense minister says troops will remain in Gaza , Lebanon and Syria indefinitely",2025-04-16 08:30:00+00:00,United States,news-gazette.com,https://www.news-gazette.com/news/nation-world/israeli-defense-minister-says-troops-will-remain-in-gaza-lebanon-and-syria-indefinitely/article_2382decb-16f1-5c97-a411-6885a0da063d.html,Levant_EastMed,gdelt,Levant_EastMed
"Consilierii îl sfătuiesc pe Trump să adopte o poziție mai dură față de Rusia , dar el ascultă de prietenul său Steve Witkoff",2025-04-16 07:45:00+00:00,Romania,ziare.com,https://ziare.com/razboi-ucraina/donad-trump-consilieri-negocieri-vladimir-putin-1935649,Black_Sea_Ukraine,gdelt,Black_Sea_Ukraine
إعلام حوثي : عدوان أمريكي علي محافظة البيضاء وسط اليمن,2025-04-15 18:45:00+00:00,Egypt,vetogate.com,https://www.vetogate.com/5390304,Red_Sea_Gulf_Aden,gdelt,Red_Sea_Gulf_Aden
"Saksan tuleva johtaja lupailee Ukrainalle Taurus - ohjuksia – Venäjältä raju vastaus :  Mieti kaksi kertaa , natsi  | Ulkomaat",2025-04-15 18:30:00+00:00,Finland,yle.fi,https://yle.fi/a/74-20156268,Black_Sea_Ukraine,gdelt,Black_Sea_Ukraine
特朗普指责泽连斯基总想买导弹 挑起战争需负责 _ 军事频道 _ 中华网,2025-04-15 14:15:00+00:00,China,military.china.com,https://military.china.com/news/13004177/20250415/48215246.html,Black_Sea_Ukraine,gdelt,Black_Sea_Ukraine
"Військових РФ ліквідували на фронті , які розганяли Майдан і діяли у Криму",2025-04-15 09:30:00+00:00,Ukraine,rbc.ua,https://www.rbc.ua/rus/news/fronti-likviduvali-viyskovih-rf-ki-rozganyali-1744699933.html,Black_Sea_Ukraine,gdelt,Black_Sea_Ukraine
"North Korea soldiers, weapons helped Russia at critical moment in war on Ukraine - Reuters",2025-04-15 07:00:00+00:00,Reuters,news.google.com,https://news.google.com/rss/articles/CBMihAFBVV95cUxPQklDM0VORUpKcUhRLW5WdGRzazg5SUlnOTZmUUk1TUtkYk5uMnNUWF9hRXVOWGFjeFBzQXVsTHY0MFVycFFPMW4xWXZPSERKaHpOblUyTFd0cy1jNE11dEhjVjJGbzB6cGlxMGkzTGFsR3lWTHJ3VzU5aGpVaTRZaXgxOVU?oc=5,Black_Sea_Ukraine,google_rss,Black_Sea_Ukraine
Why does Putin insist Ukranians and Russians are  one people ? The answer spans centuries of colonisation and resistance,2025-04-15 03:15:00+00:00,Australia,theconversation.com,https://theconversation.com/why-does-putin-insist-ukranians-and-russians-are-one-people-the-answer-spans-centuries-of-colonisation-and-resistance-253043,Black_Sea_Ukraine,gdelt,Black_Sea_Ukraine
Trump Blames Biden and Zelensky for Russian Invasion :  It Wouldnt Have Happened Without Rigged Elections  ,2025-04-15 00:00:00+00:00,Cuba,cubaheadlines.com,https://www.cubaheadlines.com/articles/300938,Black_Sea_Ukraine,gdelt,Black_Sea_Ukraine
Missmut im Kreml nach Merz  Taurus - Äußerung,2025-04-14 17:45:00+00:00,Germany,web.de,https://web.de/magazine/politik/russland-krieg-ukraine/missmut-kreml-merz-taurus-aeusserung-40878996,Black_Sea_Ukraine,gdelt,Black_Sea_Ukraine
Missmut im Kreml nach Merz  Taurus - Äußerung,2025-04-14 16:45:00+00:00,Austria,gmx.at,https://www.gmx.at/magazine/politik/russland-krieg-ukraine/missmut-kreml-merz-taurus-aeusserung-40878996,Black_Sea_Ukraine,gdelt,Black_Sea_Ukraine
Albares denuncia que Putin dirigió premeditadamente  contra civiles  su último ataque a Ucrania :  La voluntad de Rusia para un alto el fuego es nula  ,2025-04-14 13:15:00+00:00,Spain,elmundo.es,https://www.elmundo.es/internacional/2025/04/14/67fcfc83e4d4d87a298b459c.html,Black_Sea_Ukraine,gdelt,Black_Sea_Ukraine
Guerre en Ukraine  : un tournant dans le conflit  ? LAllemagne enfin prête à fournir à lUkraine des missiles à longue portée Taurus pour frapper le pont de Crimée,2025-04-14 11:15:00+00:00,France,lindependant.fr,https://www.lindependant.fr/2025/04/14/guerre-en-ukraine-un-tournant-dans-le-conflit-lallemagne-enfin-prete-a-fournir-a-lukraine-des-missiles-a-longue-portee-taurus-pour-frapper-le-pont-de-12636217.php,Black_Sea_Ukraine,gdelt,Black_Sea_Ukraine
Zelensky urges Trump to visit Ukraine ahead of deal with Russia,2025-04-14 10:30:00+00:00,Ghana,myjoyonline.com,https://www.myjoyonline.com/zelensky-urges-trump-to-visit-ukraine-ahead-of-deal-with-russia/,Black_Sea_Ukraine,gdelt,Black_Sea_Ukraine
Allemagne : Friedrich Merz ouvert à la livraison de missiles Taurus à Kyiv,2025-04-14 09:30:00+00:00,United States,fr.euronews.com,https://fr.euronews.com/my-europe/2025/04/14/allemagne-friedrich-merz-ouvert-a-la-livraison-de-missiles-taurus-a-kyiv,Black_Sea_Ukraine,gdelt,Black_Sea_Ukraine
Merz Sebut Serangan di Sumy sebagai  Kejahatan Perang  Rusia – DW – 14 . 04 . 2025,2025-04-14 08:15:00+00:00,Germany,dw.com,https://www.dw.com/id/merz-sebut-serangan-di-sumy-sebagai-kejahatan-perang-rusia/a-72234925,Black_Sea_Ukraine,gdelt,Black_Sea_Ukraine
Israeli attack puts Gaza City hospital out of service - UN News,2025-04-14 07:00:00+00:00,UN News,news.google.com,https://news.google.com/rss/articles/CBMiV0FVX3lxTE94YUE4UkJXcTdXQzhyTHZRUTg3ZUQzR0VpVnE0LThGWDNrRTVFN1NnLWFDdHZEc001SEt0V3o1NTBQMVdGaUVWUVpwVFhDVTh0M2pEdzRCbw?oc=5,Levant_EastMed,google_rss,Levant_EastMed
Houthi Tembakkan 2 Rudal dari Yaman ke Israel,2025-04-14 05:30:00+00:00,Indonesia,internasional.kompas.com,https://internasional.kompas.com/read/2025/04/14/120421770/houthi-tembakkan-2-rudal-dari-yaman-ke-israel,Red_Sea_Gulf_Aden,gdelt,Red_Sea_Gulf_Aden
Ukraine allies condemn Russia over deadly missile attack,2025-04-14 03:00:00+00:00,United States,yahoo.com,https://www.yahoo.com/news/ukraines-allies-condemn-russia-over-012334645.html,Black_Sea_Ukraine,gdelt,Black_Sea_Ukraine
Israeli military says missile fired from Yemen,2025-04-13 20:30:00+00:00,Saudi Arabia,arabnews.com,https://www.arabnews.com/node/2596898/middle-east,Red_Sea_Gulf_Aden,gdelt,Red_Sea_Gulf_Aden
Israeli military says missile fired from Yemen,2025-04-13 20:00:00+00:00,Turkey,hurriyetdailynews.com,https://www.hurriyetdailynews.com/israeli-military-says-missile-fired-from-yemen-208015,Red_Sea_Gulf_Aden,gdelt,Red_Sea_Gulf_Aden
أبو عبيدة : لن ننسى وقفة إخواننا في اليمن,2025-04-13 18:00:00+00:00,Israel,aljazeera.net,https://www.aljazeera.net/news/2025/4/13/%D8%B9%D8%A7%D8%AC%D9%84-%D8%A3%D8%A8%D9%88-%D8%B9%D8%A8%D9%8A%D8%AF%D8%A9-%D9%81%D9%84%D8%B3%D8%B7%D9%8A%D9%86-%D9%88%D8%B4%D8%B9%D8%A8%D9%87%D8%A7-%D9%84%D9%86-%D9%8A%D9%86%D8%B3%D9%88%D8%A7,Red_Sea_Gulf_Aden,gdelt,Red_Sea_Gulf_Aden
Gaza hospital damaged in Israeli strike,2025-04-13 13:45:00+00:00,Syria,naharnet.com,https://www.naharnet.com:443/stories/en/312170-gaza-hospital-damaged-in-israeli-strike,Levant_EastMed,gdelt,Levant_EastMed
İsrail sivil noktalara saldırıyor ! Hastaneyi roket ile vurdu,2025-04-13 09:30:00+00:00,Turkey,yenicaggazetesi.com.tr,https://www.yenicaggazetesi.com.tr/israil-sivil-noktalara-saldiriyor-hastaneyi-roket-ile-vurdu-904779h.htm,Levant_EastMed,gdelt,Levant_EastMed
İsrail Baptist Hastanesini küle çevirdi ! Katliamın bilançosu büyüyor,2025-04-13 09:15:00+00:00,Turkey,turkiyegazetesi.com.tr,https://www.turkiyegazetesi.com.tr/dunya/israil-baptist-hastanesini-kule-cevirdi-katliamin-bilancosu-buyuyor-1108502,Levant_EastMed,gdelt,Levant_EastMed
Soykırımcı İsrail Gazzede yine hastane vurdu : Acil servis tamamen yıkıldı,2025-04-13 08:30:00+00:00,Turkey,timeturk.com,https://www.timeturk.com/dunya/soykirimci-israil-gazze-de-yine-hastane-vurdu-acil-servis-tamamen-yikildi-haber-1809196,Levant_EastMed,gdelt,Levant_EastMed
İsrail ordusundan El - Ehli Baptist Hastanesine hava saldırısı ! ,2025-04-13 08:15:00+00:00,Turkey,birgun.net,https://www.birgun.net/haber/israil-ordusundan-el-ehli-baptist-hastanesi-ne-hava-saldirisi-614943%20target=_blank%20class=stretched-link,Levant_EastMed,gdelt,Levant_EastMed
İsrail ordusundan El - Ehli Baptist Hastanesine hava saldırısı ! ,2025-04-13 08:00:00+00:00,Turkey,birgun.net,https://www.birgun.net/haber/israil-ordusundan-el-ehli-baptist-hastanesi-ne-hava-saldirisi-614943,Levant_EastMed,gdelt,Levant_EastMed
"Katil israil , Gazzedeki El - Ehli Baptist Hastanesine hava saldırısı düzenledi",2025-04-13 07:30:00+00:00,Turkey,risalehaber.com,https://www.risalehaber.com/katil-israil-gazzedeki-el-ehli-baptist-hastanesine-hava-saldirisi-duzenledi-445454h.htm,Levant_EastMed,gdelt,Levant_EastMed
Gaza hospital damaged in Israeli strike,2025-04-13 07:15:00+00:00,Malta,timesofmalta.com,https://timesofmalta.com/article/gaza-hospital-damaged-israeli-strike.1108110,Levant_EastMed,gdelt,Levant_EastMed
Gaza hospital damaged in Israeli strike,2025-04-13 07:15:00+00:00,Ireland,rte.ie,https://www.rte.ie/news/world/2025/0413/1507380-gaza-latest/,Levant_EastMed,gdelt,Levant_EastMed
"İsrail ordusu , Gazzedeki El - Ehli Baptist Hastanesine saldırı düzenledi",2025-04-13 07:00:00+00:00,Turkey,evrensel.net,https://www.evrensel.net/haber/549884/israil-ordusu-gazzedeki-el-ehli-baptist-hastanesine-saldiri-duzenledi,Levant_EastMed,gdelt,Levant_EastMed
Israeli air strike destroys part of last fully functional hospital in Gaza City - BBC,2025-04-13 07:00:00+00:00,BBC,news.google.com,https://news.google.com/rss/articles/CBMiWkFVX3lxTE9rLTNJbEh1ZHdzVGloTlZ4SUVuMHVJTUYyMy1KRHdCNFBXUlpJRWZTWXZka01SUGJ3MU1NY0s5WUlqR1laZUNYb0NaNGlvODNJX1NtT2RhZ1NKdw?oc=5,Levant_EastMed,google_rss,Levant_EastMed
Gaza hospital damaged in Israeli strike : civil defence,2025-04-13 07:00:00+00:00,Bangladesh,bssnews.net,https://www.bssnews.net/news-flash/262688,Levant_EastMed,gdelt,Levant_EastMed
"  Special friendship ?: Russian missile hit warehouse of Indian firm , claims Ukraine | India News",2025-04-12 16:45:00+00:00,India,timesofindia.indiatimes.com,https://timesofindia.indiatimes.com/india/special-friendship-russian-missile-hit-warehouse-of-indian-firm-claims-ukraine/articleshow/120237477.cms,Black_Sea_Ukraine,gdelt,Black_Sea_Ukraine
Witkoff pozval Dmitrijeva k sobě domů na večeři . Bílý dům byl v šoku,2025-04-12 14:15:00+00:00,Czech Republic,novinky.cz,https://www.novinky.cz/clanek/zahranicni-amerika-witkoff-pozval-dmitrijeva-k-sobe-domu-na-veceri-bily-dum-byl-v-soku-40517195,Black_Sea_Ukraine,gdelt,Black_Sea_Ukraine
美国航母再遭胡塞武装袭击 ！ 美军空袭也门多地 ， B - 2轰炸机现身 ： 可携带核弹 ， 以及重达3万磅的重型钻地炸弹 - 华龙网,2025-04-12 03:00:00+00:00,China,cqnews.net,https://www.cqnews.net/1/detail/1360533262039203840/web/content_1360533262039203840.html,Red_Sea_Gulf_Aden,gdelt,Red_Sea_Gulf_Aden
美国航母再遭胡塞武装袭击 ！ 美军空袭也门多地 _ 东方财富网,2025-04-12 02:45:00+00:00,China,finance.eastmoney.com,https://finance.eastmoney.com/a/202504123375059689.html,Red_Sea_Gulf_Aden,gdelt,Red_Sea_Gulf_Aden
美国航母再遭胡塞武装袭击 ！ 美军空袭也门多地 ， B - 2轰炸机现身 ： 可携带核弹 ， 以及重达3万磅的重型钻地炸弹,2025-04-12 01:00:00+00:00,China,nbd.com.cn,https://www.nbd.com.cn/articles/2025-04-12/3829185.html,Red_Sea_Gulf_Aden,gdelt,Red_Sea_Gulf_Aden
美国航母再遭胡塞武装袭击 ！ 美军空袭也门多地 ， B - 2轰炸机现身 ： 可携带核弹 ， 以及重达3万磅的重型钻地炸弹,2025-04-12 00:30:00+00:00,China,163.com,https://www.163.com/dy/article/JSU9IOKC0512B07B.html,Red_Sea_Gulf_Aden,gdelt,Red_Sea_Gulf_Aden
"Довгий Нептун - Сметанін розповів , як часто застосовують ракету по ворогу",2025-04-11 20:30:00+00:00,Ukraine,24tv.ua,https://24tv.ua/dovgiy-neptun-smetanin-rozpoviv-yak-chasto-zastosovuyut-raketu_n2797775,Black_Sea_Ukraine,gdelt,Black_Sea_Ukraine
"Tre personer drept i amerikansk angrep i Jemen , ifølge houthiene",2025-04-10 10:30:00+00:00,Norway,idag.no,https://idag.no/nyhetsstudio/vis/tre-personer-drept-i-amerikansk-angrep-i-jemen-ifolge-houthiene/3f.1144,Red_Sea_Gulf_Aden,gdelt,Red_Sea_Gulf_Aden
Yemen Vice Prez calls for international support against Houthi threats,2025-04-10 08:00:00+00:00,India,siasat.com,https://www.siasat.com/yemens-vice-prez-calls-for-international-support-against-houthi-threats-3205574/,Red_Sea_Gulf_Aden,gdelt,Red_Sea_Gulf_Aden
Top Houthi Official Tells Drop Site Yemen Will Cease Attacks on U.S. Ships if Trump Halts Bombing - Drop Site News,2025-04-10 07:00:00+00:00,Drop Site News,news.google.com,https://news.google.com/rss/articles/CBMikwFBVV95cUxQVm41b2I3Z1lGeVNYeno3R25kYTRZWjNXOXVKY1hzMkFld2xtc0U3VjU3RVE1ZVZhS3V4dVJaaGpVUUZ5WlVoWkRtUDBjcWs0Q3c5ZXdkamMwUHB6QUtEZTFYNkhvT25XZlJLcFNaSU9sdkUzZ1NUMzVmTlZIZmxIRG5rRkszNWl5UmtlWEtxMVB0dkE?oc=5,Red_Sea_Gulf_Aden,google_rss,Red_Sea_Gulf_Aden
俄乌双方此时互相发动大规模袭击 ， 有何目的 ？_ 军事频道 _ 中华网,2025-04-10 03:45:00+00:00,China,military.china.com,https://military.china.com/news/13004177/20250410/48193743.html,Black_Sea_Ukraine,gdelt,Black_Sea_Ukraine
Air strikes on Hodeida claimed 10 lives - Newspaper,2025-04-10 03:15:00+00:00,Pakistan,dawn.com,https://www.dawn.com/news/1903233/air-strikes-on-hodeida-claimed-10-lives,Red_Sea_Gulf_Aden,gdelt,Red_Sea_Gulf_Aden
Yemen Vice Prez calls for international support against Houthi threats,2025-04-10 02:00:00+00:00,India,prokerala.com,https://www.prokerala.com/news/articles/a1624072.html,Red_Sea_Gulf_Aden,gdelt,Red_Sea_Gulf_Aden
胡塞武装 ： 又打美国航母了 引发红海局势紧张 _ 军事频道 _ 中华网,2025-04-10 02:00:00+00:00,China,military.china.com,https://military.china.com/news/13004177/20250410/48192633.html,Red_Sea_Gulf_Aden,gdelt,Red_Sea_Gulf_Aden
تفاصيل الغارات الأمريكية على مواقع الحوثيين في اليمن .. أكثر,2025-04-10 01:15:00+00:00,Egypt,elwatannews.com,https://www.elwatannews.com/news/details/8063776,Red_Sea_Gulf_Aden,gdelt,Red_Sea_Gulf_Aden
美国核动力航母 、 多艘军舰遭袭击 ！ 美军发动空袭 特朗普曾威胁胡塞武装 ： 真正的痛苦尚未到来 _ 东方财富网,2025-04-10 01:15:00+00:00,China,finance.eastmoney.com,https://finance.eastmoney.com/a/202504103372161516.html,Red_Sea_Gulf_Aden,gdelt,Red_Sea_Gulf_Aden
"US strikes on Hodeida killed eight , say Yemen rebels | Borneo Bulletin Online",2025-04-09 23:15:00+00:00,Brunei,borneobulletin.com.bn,https://borneobulletin.com.bn/us-strikes-on-hodeida-killed-eight-say-yemen-rebels/,Red_Sea_Gulf_Aden,gdelt,Red_Sea_Gulf_Aden
USA har gjennomført mer enn 100 angrep i Jemen siden midten av mars,2025-04-09 20:45:00+00:00,Norway,aftenposten.no,https://www.aftenposten.no/verden/i/o3Geag/usa-har-gjennomfoert-mer-enn-100-angrep-i-jemen-siden-midten-av-mars,Red_Sea_Gulf_Aden,gdelt,Red_Sea_Gulf_Aden
Gaza : les secours annoncent 20 morts dans une frappe israélienne,2025-04-09 12:45:00+00:00,Canada,journaldemontreal.com,https://www.journaldemontreal.com/2025/04/09/gaza-les-secours-annoncent-20-morts-dans-une-frappe-israelienne,Levant_EastMed,gdelt,Levant_EastMed
"Ukrainian long-range strikes cut Russia's shell fire rate by nearly half, Syrskyi says - The Kyiv Independent",2025-04-09 07:00:00+00:00,The Kyiv Independent,news.google.com,https://news.google.com/rss/articles/CBMiqAFBVV95cUxPbnBJOWlSUTJuV0FmX3lYYlpOYkVqOEVwUmNKTTlab0k0MVplM3ItaENWdjU1U3pGanl5YjEycl9IU05RMFNleGlHamc1dkpjd1ktVWppS1ZOOXU5VmhDUDUxVl81VlBZMV95TjJ0RGRQQlBZRTVZSHpDbHA2MXN3aG5QU1A3WlZyQW1ZSUVUd0JkYTR1bXhvT2VtUEZrcGxtdEM2M1hrWFQ?oc=5,Black_Sea_Ukraine,google_rss,Black_Sea_Ukraine
Drone warfare in Ukraine: fiber-optic ground drones and gamification of the war - Ukraine's Arms Monitor,2025-04-09 07:00:00+00:00,Ukraine's Arms Monitor,news.google.com,https://news.google.com/rss/articles/CBMihgFBVV95cUxQTlpoTzRPY0MxVWRYbEdhOXg2T1pPV240bEtnVktLVFN3V0Y2bDRtck9Hd3pGWUVrMUY2UWVyTG5xUXVKWVJGZ2RfZTdjbC1DQ0F3b0VMMXc1VFlscEJqRThPZGRWWkNoajZTbnZBdGZxR3pkQklxaTBNaWduQ0dEcGdZMC02QQ?oc=5,Black_Sea_Ukraine,google_rss,Black_Sea_Ukraine
İsrail ordusu Lübnandaki Hizbullaha ait silah deposuna hava saldırısı düzenlendiğini açıkladı,2025-04-09 00:00:00+00:00,Turkey,trthaber.com,https://www.trthaber.com/haber/dunya/israil-ordusu-lubnandaki-hizbullaha-ait-silah-deposuna-hava-saldirisi-duzenlendigini-acikladi-903357.html,Levant_EastMed,gdelt,Levant_EastMed
"İsrail Ordusu , Lübnandaki Hizbullaha Hava Saldırısı Düzenledi",2025-04-08 23:15:00+00:00,Turkey,haberler.com,https://www.haberler.com/guncel/israil-ordusu-lubnan-daki-hizbullah-a-hava-saldirisi-duzenledi-18499491-haberi/,Levant_EastMed,gdelt,Levant_EastMed
US escalates military action in Yemen amid Houthi defiance,2025-04-08 16:00:00+00:00,India,prokerala.com,https://www.prokerala.com/news/articles/a1623674.html,Red_Sea_Gulf_Aden,gdelt,Red_Sea_Gulf_Aden
Poljska zaprijetila Donaldu Trumpu -  Nemoj učiniti povijesnu pogrešku  ,2025-04-08 14:45:00+00:00,Croatia,net.hr,https://net.hr:443/danas/svijet/poljska-zaprijetila-donaldu-trumpu-nemoj-uciniti-povijesnu-pogresku-6f2fa000-1474-11f0-aa87-ee0b203e749c,Black_Sea_Ukraine,gdelt,Black_Sea_Ukraine
U . S . escalates military action in Yemen amid Houthi defiance - Xinhua,2025-04-08 14:30:00+00:00,,english.news.cn,https://english.news.cn/20250408/136210122a12467eb96ce92f653d62f4/c.html,Red_Sea_Gulf_Aden,gdelt,Red_Sea_Gulf_Aden
IZ POLJSKE PORUČILI TRUMPU :  Nemoj napraviti historijsku grešku . Bila bi to crvena linija  ,2025-04-08 14:15:00+00:00,Bosnia-Herzegovina,slobodna-bosna.ba,https://www.slobodna-bosna.ba/vijest/407466/iz_poljske_poruchili_trumpu_nemoj_napraviti_historijsku_gresku_bila_bi_to_crvena_linija.html,Black_Sea_Ukraine,gdelt,Black_Sea_Ukraine
Soykırımcı İsrail saldırılarıyla ABDyi Suriyede mi tutmak istiyor ? ,2025-04-08 13:00:00+00:00,Turkey,haksozhaber.net,https://www.haksozhaber.net/soykirimci-israil-saldirilariyla-abdyi-suriyede-mi-tutmak-istiyor-188957h.htm,Levant_EastMed,gdelt,Levant_EastMed
Poljska upozorava Trumpa : Nemoj napraviti povijesnu pogrešku,2025-04-08 12:15:00+00:00,Croatia,index.hr,https://www.index.hr/vijesti/clanak/poljska-upozorava-trumpa-nemoj-napraviti-povijesnu-pogresku/2659571.aspx?index_tid=673125&index_ref=naslovnica_vijesti_najnovije_d,Black_Sea_Ukraine,gdelt,Black_Sea_Ukraine
ইসরায়েলে হুথির ক্ষেপণাস্ত্র হামলা | | বাংলাদেশ প্রতিদিন,2025-04-08 11:15:00+00:00,Bangladesh,bd-pratidin.com,https://www.bd-pratidin.com/international-news/2025/04/08/1103614,Red_Sea_Gulf_Aden,gdelt,Red_Sea_Gulf_Aden
"Houthi Serang Kapal AS dan Israel , Perang Berlanjut di Laut Merah",2025-04-08 06:30:00+00:00,Indonesia,kompas.com,https://www.kompas.com/global/read/2025/04/08/130700870/houthi-serang-kapal-as-dan-israel-perang-berlanjut-di-laut-merah,Red_Sea_Gulf_Aden,gdelt,Red_Sea_Gulf_Aden
美军是否计划在中东大打出手 B - 2轰炸机加入空袭行列 _ 军事频道 _ 中华网,2025-04-08 03:45:00+00:00,China,military.china.com,https://military.china.com/news/13004177/20250408/48184218.html,Red_Sea_Gulf_Aden,gdelt,Red_Sea_Gulf_Aden
Almenys dos morts en el segon atac mortal dIsrael aquest dilluns al Líban | J . G | Barcelona | Política,2025-04-08 02:30:00+00:00,Spain,eleccions.elpuntavui.cat,https://eleccions.elpuntavui.cat/politica/article/17-politica/2526205-almenys-dos-morts-en-el-segon-atac-mortal-d-israel-aquest-dilluns-contra-el-liban.html,Levant_EastMed,gdelt,Levant_EastMed
سبتمبر نت - اليمن يقلب المعادلة : إخفاق استخباري أمريكي وضربة استراتيجية تُربك  هاري ترومان  ,2025-04-07 18:15:00+00:00,Yemen,26sep.net,https://www.26sep.net/index.php/local/101421-2025-04-07-16-27-36,Red_Sea_Gulf_Aden,gdelt,Red_Sea_Gulf_Aden
Latest U . S . Strikes in Yemen Kill at Least 4 After Earlier Strike Said to Have Hit Large Eid Celebration,2025-04-07 17:00:00+00:00,United States,democracynow.org,https://www.democracynow.org/2025/4/7/headlines/latest_us_strikes_in_yemen_kill_at_least_4_after_earlier_strike_said_to_have_hit_large_eid_celebration,Red_Sea_Gulf_Aden,gdelt,Red_Sea_Gulf_Aden
"İsrail , Gazzede gazetecilerin kaldığı çadıra hava saldırısı düzenledi : 2 ölü , 9 yaralı",2025-04-07 16:00:00+00:00,Turkey,haberler.com,https://www.haberler.com/guncel/israil-ordusu-gazze-ye-yogun-saldirilar-duzenledi-17-filistinli-hayatini-kaybetti-18497046-haberi/,Levant_EastMed,gdelt,Levant_EastMed
Hoe ver gaat Netanyahu ? - Sargasso,2025-04-07 08:15:00+00:00,Netherlands,sargasso.nl,https://sargasso.nl/hoe-ver-gaat-netanyahu/,Levant_EastMed,gdelt,Levant_EastMed
太反常 ！ 美军紧急向中东调反导系统 _ 军事频道 _ 中华网,2025-04-07 05:45:00+00:00,China,military.china.com,https://military.china.com/important/64/20250407/48179314.html,Red_Sea_Gulf_Aden,gdelt,Red_Sea_Gulf_Aden
כ - 10 רקטות שוגרו מהרצועה לאזור אשדוד והשפלה ; פצועים קל באשקלון,2025-04-07 02:00:00+00:00,Israel,haaretz.co.il,https://www.haaretz.co.il/news/politics/war-2023/2025-04-07/ty-article-live/00000196-0cf4-d24c-a196-5cfd7e720000,Levant_EastMed,gdelt,Levant_EastMed
俄军使用化学武器 ， 泽连斯基家乡遭导弹袭击 ， 美防长却弃乌不顾 俄乌冲突再升级 _ 军事频道 _ 中华网,2025-04-07 01:45:00+00:00,China,military.china.com,https://military.china.com/news/13004177/20250407/48177782.html,Black_Sea_Ukraine,gdelt,Black_Sea_Ukraine
Polish official warns Trump against  historical mistake  regarding Russia,2025-04-06 22:45:00+00:00,Ukraine,pravda.com.ua,https://www.pravda.com.ua/eng/news/2025/04/6/7506262/,Black_Sea_Ukraine,gdelt,Black_Sea_Ukraine
أوكرانيا تنفي تقدم روسيا في سومي وزيلينسكي ينتقد تزايد الهجمات,2025-04-06 22:15:00+00:00,Israel,aljazeera.net,https://www.aljazeera.net/news/2025/4/6/%D8%A3%D9%88%D9%83%D8%B1%D8%A7%D9%86%D9%8A%D8%A7-%D8%AA%D9%86%D9%81%D9%8A-%D8%AA%D9%82%D8%AF%D9%85%D8%A7-%D8%B1%D9%88%D8%B3%D9%8A%D8%A7-%D9%81%D9%8A-%D8%B3%D9%88%D9%85%D9%8A,Black_Sea_Ukraine,gdelt,Black_Sea_Ukraine
Avertisment pentru Donald Trump : „ Este pe cale să facă o greșeală istorică . Aceasta este linia roșie  ,2025-04-06 20:15:00+00:00,Romania,ziare.com,https://ziare.com/razboi-ucraina/avertisment-trump-oficial-polonez-pace-teritorii-ocupate-1933978,Black_Sea_Ukraine,gdelt,Black_Sea_Ukraine
Israeli Airstrike Eliminates Hezbollah Operatives Rebuilding Terrorist Infrastructure in Southern Lebanon,2025-04-06 18:45:00+00:00,United States,legalinsurrection.com,https://legalinsurrection.com/2025/04/israeli-airstrike-eliminates-hezbollah-operatives-rebuilding-terrorist-infrastructure-in-southern-lebanon/,Levant_EastMed,gdelt,Levant_EastMed
Kowal : Trump va comite o „ greșeală istorică  dacă va recunoaște pretențiile teritoriale ale Rusiei,2025-04-06 18:30:00+00:00,Romania,stiripesurse.ro,https://www.stiripesurse.ro/kowal-trump-va-comite-o-greseala-istorica-daca-va-recunoaste-pretentiile-teritoriale-ale-rusiei_3639735.html,Black_Sea_Ukraine,gdelt,Black_Sea_Ukraine
Viele Tote auf Spielplatz in der Ukraine : Kinder sind für Russland „ militärische Ziele  ,2025-04-06 18:30:00+00:00,Germany,taz.de,https://taz.de/Viele-Tote-auf-Spielplatz-in-der-Ukraine/!6077477/,Black_Sea_Ukraine,gdelt,Black_Sea_Ukraine
"  Shoot them  Russian commander ordered troops to open fire on their comrades , intercepted call suggests",2025-04-06 16:30:00+00:00,United States,yahoo.com,https://www.yahoo.com/news/shoot-them-russian-commander-ordered-154834378.html,Black_Sea_Ukraine,gdelt,Black_Sea_Ukraine
Poland warns Trump against historic mistake in Russia talks,2025-04-06 15:45:00+00:00,United States,bignewsnetwork.com,https://www.bignewsnetwork.com/news/278148515/poland-warns-trump-against-historic-mistake-in-russia-talks,Black_Sea_Ukraine,gdelt,Black_Sea_Ukraine
Poland warns Trump against  historic mistake  in Russia talks,2025-04-06 15:45:00+00:00,United States,bignewsnetwork.com,https://www.bignewsnetwork.com/news/278148546/poland-warns-trump-against-historic-mistake-in-russia-talks,Black_Sea_Ukraine,gdelt,Black_Sea_Ukraine
Un oficial polonez îl avertizează pe Donald Trump : „ Ești pe cale să faci o greșeală istorică . Aceasta este linia roșie  ,2025-04-06 15:45:00+00:00,Romania,digi24.ro,https://www.digi24.ro/stiri/externe/sua/un-oficial-polonez-il-avertizeaza-pe-donald-trump-esti-pe-cale-sa-faci-o-greseala-istorica-aceasta-este-linia-rosie-3187779,Black_Sea_Ukraine,gdelt,Black_Sea_Ukraine
Polonia advierte a Trump : Reconocer los territorios rusos en Ucrania sería un  error histórico  ,2025-04-06 15:30:00+00:00,Spain,larepublica.es,http://larepublica.es/2025/04/06/polonia-advierte-a-trump-reconocer-los-territorios-rusos-en-ucrania-seria-un-error-historico/,Black_Sea_Ukraine,gdelt,Black_Sea_Ukraine
كيف تتحضر إسرائيل  للحرب الشاملة  ومهاجمة إيران ؟ | سياسة,2025-04-06 15:00:00+00:00,Israel,aljazeera.net,https://www.aljazeera.net/politics/2025/4/6/%D9%83%D9%8A%D9%81-%D8%AA%D8%AA%D8%AD%D8%B6%D8%B1-%D8%A5%D8%B3%D8%B1%D8%A7%D8%A6%D9%8A%D9%84-%D9%84%D9%84%D8%AD%D8%B1%D8%A8-%D8%A7%D9%84%D8%B4%D8%A7%D9%85%D9%84%D8%A9,Levant_EastMed,gdelt,Levant_EastMed
  كان ينبغي للزي الأحمر الذي يرتديه موظفو الإسعاف بغزة أن يحميهم بدلاً من أن يصبح كفناً لهم  ,2025-04-06 14:15:00+00:00,Libya,alwasat.ly,https://alwasat.ly/news/bbc/c4grxzkppygo,Levant_EastMed,gdelt,Levant_EastMed
"Rússia ataca Kiev com mísseis , deixa um morto e Polônia prepara estratégia de defesa na fronteira",2025-04-06 13:45:00+00:00,Brazil,terra.com.br,"https://www.terra.com.br/noticias/mundo/russia-ataca-kiev-com-misseis-deixa-um-morto-e-polonia-prepara-estrategia-de-defesa-na-fronteira,e2844b10a6b6b36f7b55e5f68b9a542eqmyi5ek5.html",Black_Sea_Ukraine,gdelt,Black_Sea_Ukraine
Pawel Kowal varuje pred uznaním ruskej expanzie na Ukrajine,2025-04-06 13:30:00+00:00,Slovak Republic,aktuality.sk,https://www.aktuality.sk/clanok/ijogAxh/polsky-poslanec-varuje-usa-uznanie-ruskych-uzemnych-ziskov-na-ukrajine-by-bola-chyba/,Black_Sea_Ukraine,gdelt,Black_Sea_Ukraine
Kowal na łamach „ FT : Umożliwienie Putinowi rozszerzenia granic Rosji byłoby straszne,2025-04-06 12:15:00+00:00,Poland,bankier.pl,https://www.bankier.pl/wiadomosc/Kowal-na-lamach-FT-Umozliwienie-Putinowi-rozszerzenia-granic-Rosji-byloby-straszne-8920460.html,Black_Sea_Ukraine,gdelt,Black_Sea_Ukraine
Tuskov poradca varuje united states pred uznaním územných ziskov Rusku,2025-04-06 11:15:00+00:00,Slovak Republic,sme.sk,https://www.sme.sk/minuta/23473992/tuskov-poradca-varuje-usa-pred-uznanim-uzemnych-ziskov-rusku,Black_Sea_Ukraine,gdelt,Black_Sea_Ukraine
Для масованого удару по Україні війська рф запустили 132 повітряні цілі : ППО вдалося збити 13 ракет та 40 БпЛА,2025-04-06 10:45:00+00:00,Ukraine,day.kyiv.ua,https://day.kyiv.ua/news/060425-dlya-masovanoho-udaru-po-ukrayini-viyska-rf-zapustyly-132-povitryani-tsili-ppo-vdalosya,Black_Sea_Ukraine,gdelt,Black_Sea_Ukraine
The Yemeni government reports that a U . S . airstrike killed 70 Houthi militants in Hodeidah,2025-04-06 10:30:00+00:00,Azerbaijan,news.az,https://news.az/news/the-yemeni-government-reports-that-a-us-airstrike-killed-70-houthi-militants-in-hodeidah,Red_Sea_Gulf_Aden,gdelt,Red_Sea_Gulf_Aden
Polish official warns Trump against  historical mistake  regarding Russia,2025-04-06 10:30:00+00:00,United States,yahoo.com,https://www.yahoo.com/news/polish-official-warns-trump-against-082035826.html,Black_Sea_Ukraine,gdelt,Black_Sea_Ukraine
রাশিয়া - ইউক্রেন সংঘাতে পাল্টা হামলা তীব্র হচ্ছে,2025-04-06 10:15:00+00:00,Bangladesh,dailyinqilab.com,https://dailyinqilab.com/international/news/749299,Black_Sea_Ukraine,gdelt,Black_Sea_Ukraine
Avertisment dur al Poloniei : Donald Trump riscă să facă o „ greşeală istorică ... ,2025-04-06 09:15:00+00:00,Romania,zf.ro,https://www.zf.ro/eveniment/avertisment-dur-poloniei-donald-trump-risca-faca-greseala-istorica-22765213,Black_Sea_Ukraine,gdelt,Black_Sea_Ukraine
Повітряні сили : війська РФ вночі запустили по Україні 23 ракети і понад сто дронів,2025-04-06 08:15:00+00:00,Ukraine,radiosvoboda.org,https://www.radiosvoboda.org/a/news-povitriani-syly-rakety-drony-rf/33375051.html,Black_Sea_Ukraine,gdelt,Black_Sea_Ukraine
Нічний обстріл України : як відпрацювала ППО | podrobnosti . ua,2025-04-06 08:15:00+00:00,Ukraine,podrobnosti.ua,https://podrobnosti.ua/2498694-nchnij-obstrl-ukrani-jak-vdpratsjuvala-ppo.html,Black_Sea_Ukraine,gdelt,Black_Sea_Ukraine
"GAZZE ÖLÜYOR , İNSANLIK SEYREDİYOR - ZULME DUR DIYECEK ÜMMET NEREDE ? ",2025-04-06 03:00:00+00:00,Turkey,yeniasya.com.tr,https://www.yeniasya.com.tr/dunya/gazze-oluyor-insanlik-seyrediyor-zulme-dur-diyecek-ummet-nerede_608188,Levant_EastMed,gdelt,Levant_EastMed
美国航母遭胡塞武装袭击 两次袭击未获美方回应 _ 新闻频道 _ 中华网,2025-04-06 03:00:00+00:00,China,news.china.com,https://news.china.com/socialgd/10000169/20250406/48174047.html,Red_Sea_Gulf_Aden,gdelt,Red_Sea_Gulf_Aden
"Israel trying to destabilize Lebanon , Syria through military provocations : Arab League chief",2025-04-06 01:00:00+00:00,Syria,globalsecurity.org,https://www.globalsecurity.org/military/library/news/2025/04/mil-250405-presstv02.htm,Levant_EastMed,gdelt,Levant_EastMed
نتنياهو يحلم بتدمير العرب وإيران وتركيا !.. أحلام اليقظة,2025-04-06 00:00:00+00:00,Saudi Arabia,okaz.com.sa,https://www.okaz.com.sa/news/local/2191016,Levant_EastMed,gdelt,Levant_EastMed
"Israel trying to destabilize Lebanon , Syria through military provocations : Arab League chief",2025-04-06 00:00:00+00:00,Iran,presstv.ir,https://www.presstv.ir/Detail/2025/04/05/745628/Israel-aggression-destabilize-Lebanon-Syria-Arab-League-Secretary-General-Ahmed-Aboul-Gheit-warn-consequence-global-inaction,Levant_EastMed,gdelt,Levant_EastMed
محلل لبناني : العرب يراهنون على الدور المصري باعتباره ضمانة ا,2025-04-05 20:00:00+00:00,Egypt,elwatannews.com,https://www.elwatannews.com/news/details/8062379,Levant_EastMed,gdelt,Levant_EastMed
خبير عسكري يحذر : نحن أمام مشروع إسرائيلي وحشي لتغيير خريطة الشرق الأوسط,2025-04-05 17:30:00+00:00,Egypt,albawabhnews.com,https://www.albawabhnews.com/5178838,Levant_EastMed,gdelt,Levant_EastMed
Zelenskis kritizē ASV vēstnieces reakciju uz triecienu Krivijrihā ; nosauc nogalināto bērnu vārdus,2025-04-05 15:15:00+00:00,Latvia,delfi.lv,https://www.delfi.lv/46713439/arzemes/120067722/zelenskis-kritize-asv-vestnieces-reakciju-uz-triecienu-krivijriha-nosauc-nogalinato-bernu-vardus,Black_Sea_Ukraine,gdelt,Black_Sea_Ukraine
Esedi ve silahlarını hiçbir zaman umursamayan İsrail özgür Suriyeden korkuyor,2025-04-05 13:45:00+00:00,Turkey,haksozhaber.net,https://www.haksozhaber.net/esedi-ve-silahlarini-hicbir-zaman-umursamayan-israil-ozgur-suriyeden-korkuyor-188867h.htm,Levant_EastMed,gdelt,Levant_EastMed
"Larmée israélienne intensifie ses opérations à Gaza , 30 morts selon les secours",2025-04-05 12:15:00+00:00,Belgium,lalibre.be,https://www.lalibre.be/dernieres-depeches/2025/04/04/nouvelles-operations-israeliennes-a-gaza-au-moins-30-morts-selon-la-defense-civile-U7Y3VH5POFFTHFMXZQNDWJ6HUI/,Levant_EastMed,gdelt,Levant_EastMed
Houthis claim drone strike on  military target  near Tel Aviv,2025-04-05 12:15:00+00:00,Azerbaijan,news.az,https://news.az/news/houthis-claim-drone-strike-on-military-target-near-t-el-aviv,Red_Sea_Gulf_Aden,gdelt,Red_Sea_Gulf_Aden
Israeli strikes kill at least 17 in Gaza as ground troops enter Palestinian territory north,2025-04-05 10:30:00+00:00,Syria,naharnet.com,https://www.naharnet.com/stories/en/312008-israeli-strikes-kill-at-least-17-in-gaza-as-ground-troops-enter-palestinian-territory-s-north,Levant_EastMed,gdelt,Levant_EastMed
Israeli strikes kill at least 17 in Gaza as ground troops enter Palestinian territory north,2025-04-05 09:15:00+00:00,Syria,naharnet.com,https://www.naharnet.com:443/stories/en/312008-israeli-strikes-kill-at-least-17-in-gaza-as-ground-troops-enter-palestinian-territory-s-north,Levant_EastMed,gdelt,Levant_EastMed
Українські сили оборони знищили 51 ворожий БПЛА | Новини на Gazeta . ua,2025-04-05 09:15:00+00:00,Ukraine,gazeta.ua,https://gazeta.ua/articles/np/_ukrayinski-sili-oboroni-znischili-51-vorozhij-bpla-postrazhdali-sumschina-kiyivschina-ta-inshi-oblasti/1213771,Black_Sea_Ukraine,gdelt,Black_Sea_Ukraine
Gaza ; Children among 27 killed in Israeli strike,2025-04-05 08:45:00+00:00,Afghanistan,pajhwok.com,https://pajhwok.com/2025/04/05/gaza-children-among-27-killed-in-israeli-strike/,Levant_EastMed,gdelt,Levant_EastMed
בלבנון מודים : אף אחד לא יכול לעצור את ההגמוניה של ישראל במזה  ת,2025-04-05 08:45:00+00:00,Israel,maariv.co.il,https://www.maariv.co.il/news/world/article-1185892,Levant_EastMed,gdelt,Levant_EastMed
tayyar . org - عناوين الصحف ليوم السبت 5 نيسان 2025,2025-04-05 07:00:00+00:00,Lebanon,tayyar.org,https://www.tayyar.org/News/Lebanon/659748/_guid=659748,Levant_EastMed,gdelt,Levant_EastMed
Обстріл України 5 квітня - РФ випустила 92 дрони за ніч,2025-04-05 07:00:00+00:00,Ukraine,rbc.ua,https://www.rbc.ua/rus/news/rosiya-atakuvala-ukrayinu-mayzhe-sotneyu-1743834361.html,Black_Sea_Ukraine,gdelt,Black_Sea_Ukraine
"Israel Intensifies Ground Offensive in Gaza , Targets Hamas in Lebanon",2025-04-05 04:00:00+00:00,Somalia,jowhar.com,https://www.jowhar.com/world-news/israel-intensifies-ground-offensive-in-gaza-targets-hamas-in-lebanon.html,Levant_EastMed,gdelt,Levant_EastMed
美军核动力航母 、 舰队再遭两次袭击 ！ 特朗普晒视频 ： 美军精准空袭胡塞武装集会现场,2025-04-05 02:15:00+00:00,China,nbd.com.cn,https://www.nbd.com.cn/articles/2025-04-05/3819501.html,Red_Sea_Gulf_Aden,gdelt,Red_Sea_Gulf_Aden
Yémen : les Houthis disent avoir mené une attaque de drone contre Israël et abattu un drone américain,2025-04-05 02:15:00+00:00,China,french.china.org.cn,http://french.china.org.cn/foreign/txt/2025-04/05/content_117807080.htm,Red_Sea_Gulf_Aden,gdelt,Red_Sea_Gulf_Aden
الحوثي : استهداف القطع البحرية الأميركية مستمر بفعالية عالية,2025-04-04 22:45:00+00:00,Israel,palinfo.com,https://palinfo.com/news/2025/04/04/946443/,Red_Sea_Gulf_Aden,gdelt,Red_Sea_Gulf_Aden
"Israel kills Hamas commander in Lebanon , escalating tensions amid fragile ceasefire – NaturalNews . com",2025-04-04 22:30:00+00:00,United States,naturalnews.com,https://www.naturalnews.com/2025-04-04-israel-kills-hamas-commander-in-lebanon-escalating-tensions.html,Levant_EastMed,gdelt,Levant_EastMed
Israeli strikes kill at least 17 in Gaza as ground troops enter Palestinian territory north,2025-04-04 22:15:00+00:00,United States,smdailyjournal.com,https://www.smdailyjournal.com/business/israeli-strikes-kill-at-least-17-in-gaza-as-ground-troops-enter-palestinian-territorys-north/article_94d4d18e-fcd2-4685-9ec5-0241662be87b.html,Levant_EastMed,gdelt,Levant_EastMed
Israel expands ground offensive in Gaza City,2025-04-04 21:15:00+00:00,United States,independentnews.com,https://www.independentnews.com/news/national/israel-expands-ground-offensive-in-gaza-city/article_143635f5-1d6a-5d16-bc41-f831e26ed840.html,Levant_EastMed,gdelt,Levant_EastMed
"Larmée israélienne intensifie ses opérations à Gaza , 30 morts selon les secours",2025-04-04 20:45:00+00:00,France,nicematin.com,https://www.nicematin.com/conflits/l-armee-israelienne-intensifie-ses-operations-a-gaza-30-morts-selon-les-secours-980802,Levant_EastMed,gdelt,Levant_EastMed
Israeli strikes kill at least 17 in Gaza as ground troops enter Palestinian territory north,2025-04-04 20:45:00+00:00,United States,nydailynews.com,https://www.nydailynews.com/2025/04/04/mideast-wars-israel-hamas-gaza/,Levant_EastMed,gdelt,Levant_EastMed
Israeli strikes kill at least 17 in Gaza as ground troops enter Palestinian territory north,2025-04-04 20:15:00+00:00,United States,stripes.com,https://www.stripes.com/theaters/middle_east/2025-04-04/israeli-air-strikes-north-gaza-campaign-17366426.html,Levant_EastMed,gdelt,Levant_EastMed
Israeli strikes kill at least 17 in Gaza as ground troops enter Palestinian territory north,2025-04-04 19:45:00+00:00,United States,thetimes-tribune.com,https://www.thetimes-tribune.com/2025/04/04/mideast-wars-israel-hamas-gaza/,Levant_EastMed,gdelt,Levant_EastMed
  Half of living hostages are ...: Hamas warns of  highly dangerou situation for captives amid Israel Gaza offensive – Firstpost,2025-04-04 19:30:00+00:00,India,firstpost.com,https://www.firstpost.com/world/half-of-living-israeli-hostages-are-hamas-warns-of-highly-dangerous-situation-for-captives-amid-israeli-offensive-in-gaza-13877352.html,Levant_EastMed,gdelt,Levant_EastMed
الحوثي : استهداف القطع البحرية الأميركية مستمر بفعالية عالية,2025-04-04 19:15:00+00:00,Israel,aljazeera.net,https://www.aljazeera.net/news/2025/4/4/%D8%B9%D8%A8%D8%AF-%D8%A7%D9%84%D9%85%D9%84%D9%83-%D8%A7%D9%84%D8%AD%D9%88%D8%AB%D9%8A-%D8%A7%D8%B3%D8%AA%D9%87%D8%AF%D8%A7%D9%81-%D8%A7%D9%84%D9%82%D8%B7%D8%B9,Red_Sea_Gulf_Aden,gdelt,Red_Sea_Gulf_Aden
Israeli strikes kill at least 17 in Gaza as ground troops enter Palestinian territory north,2025-04-04 18:30:00+00:00,United States,sandiegouniontribune.com,https://www.sandiegouniontribune.com/2025/04/04/mideast-wars-israel-hamas-gaza/,Levant_EastMed,gdelt,Levant_EastMed
Israeli strikes kill at least 17 in Gaza,2025-04-04 18:30:00+00:00,United States,timesleader.com,https://www.timesleader.com/news/1691198/israeli-strikes-kill-at-least-17-in-gaza,Levant_EastMed,gdelt,Levant_EastMed
"Israel expands Gaza ground offensive , hits Hamas in Lebanon",2025-04-04 18:00:00+00:00,Israel,al-monitor.com,https://www.al-monitor.com/originals/2025/04/israel-expands-gaza-ground-offensive-hits-hamas-lebanon,Levant_EastMed,gdelt,Levant_EastMed
Yemeni govt says U . S . airstrike kills 70 Houthi militants in Hodeidah,2025-04-04 18:00:00+00:00,United States,bignewsnetwork.com,https://www.bignewsnetwork.com/news/278144231/yemeni-govt-says-us-airstrike-kills-70-houthi-militants-in-hodeidah,Red_Sea_Gulf_Aden,gdelt,Red_Sea_Gulf_Aden
Israeli Strikes Kill at Least 17 in Gaza as Ground Troops Enter Palestinian Territory North,2025-04-04 17:15:00+00:00,Syria,english.aawsat.com,https://english.aawsat.com/arab-world/5128764-israeli-strikes-kill-least-17-gaza-ground-troops-enter-palestinian-territory%E2%80%99s,Levant_EastMed,gdelt,Levant_EastMed
الجامعة العربية : الممارسات الإسرائيلية دخلت مرحلة « العربدة » في المنطقة,2025-04-04 17:00:00+00:00,Saudi Arabia,okaz.com.sa,https://www.okaz.com.sa/variety/na/2190892,Levant_EastMed,gdelt,Levant_EastMed
মধ্যপ্রাচ্যে হুতিদের কার্যক্রম পশ্চিমা শক্তির সঙ্গে সংঘাত,2025-04-04 16:15:00+00:00,Bangladesh,dailyjanakantha.com,https://www.dailyjanakantha.com/opinion/news/789352,Red_Sea_Gulf_Aden,gdelt,Red_Sea_Gulf_Aden
"Israeli troops expand  security zone  in northern Gaza , take control of more territory",2025-04-04 15:30:00+00:00,Canada,cbc.ca,https://www.cbc.ca/news/world/israel-gaza-security-zone-troops-1.7501986,Levant_EastMed,gdelt,Levant_EastMed
Israeli strikes kill at least 17 in Gaza as ground troops enter Palestinian territory north,2025-04-04 15:30:00+00:00,United States,latimes.com,https://www.latimes.com/world-nation/story/2025-04-04/israeli-strikes-kill-at-least-17-in-gaza-as-ground-troops-enter-palestinian-territorys-north,Levant_EastMed,gdelt,Levant_EastMed
Israel actions in Syria pave way for regional instability : Fidan,2025-04-04 15:00:00+00:00,Turkey,dailysabah.com,https://www.dailysabah.com/politics/diplomacy/israels-actions-in-syria-pave-way-for-regional-instability-fidan,Levant_EastMed,gdelt,Levant_EastMed
Israël intensifie ses opérations avec une nouvelle offensive au sol à Gaza,2025-04-04 14:15:00+00:00,Canada,ledevoir.com,https://www.ledevoir.com/monde/moyen-orient/863884/israel-intensifie-operations-nouvelle-offensive-sol-gaza,Levant_EastMed,gdelt,Levant_EastMed
Israeli strikes kill at least 17 in Gaza as ground troops enter Palestinian territory north – Winnipeg Free Press,2025-04-04 14:15:00+00:00,Canada,winnipegfreepress.com,https://www.winnipegfreepress.com/arts-and-life/life/faith/2025/04/04/israeli-strikes-kill-at-least-17-in-gaza-as-ground-troops-enter-palestinian-territorys-north,Levant_EastMed,gdelt,Levant_EastMed
"Larmée israélienne intensifie ses opérations à Gaza , 30 morts selon les secours",2025-04-04 14:00:00+00:00,France,franceguyane.fr,https://www.franceguyane.fr/actualite/international/nouvelles-operations-israeliennes-a-gaza-au-moins-30-morts-selon-la-defense-civile-1030199.php,Levant_EastMed,gdelt,Levant_EastMed
"Une offensive de larmée israélienne cible le nord de Gaza ce vendredi , ce que lon sait",2025-04-04 14:00:00+00:00,France,huffingtonpost.fr,https://www.huffingtonpost.fr/international/article/une-offensive-de-l-armee-israelienne-cible-le-nord-de-gaza-ce-vendredi-ce-que-l-on-sait_248410.html,Levant_EastMed,gdelt,Levant_EastMed
Israel expands ground offensive in Gaza City,2025-04-04 13:30:00+00:00,United States,digitaljournal.com,https://www.digitaljournal.com/world/israel-expands-ground-offensive-in-gaza-city/article,Levant_EastMed,gdelt,Levant_EastMed
الجامعة العربية : حروب إسرائيل في غزة ولبنان وسوريا دخلت مرحلة جديدة من العربدة,2025-04-04 13:00:00+00:00,Egypt,dostor.org,https://www.dostor.org/5022440,Levant_EastMed,gdelt,Levant_EastMed
أبو الغيط يحذر من عواقب العربدة الإسرائيلية في المنطقة,2025-04-04 13:00:00+00:00,Egypt,albawabhnews.com,https://www.albawabhnews.com/5178254,Levant_EastMed,gdelt,Levant_EastMed
Israel expands ground offensive in Gaza City,2025-04-04 13:00:00+00:00,United States,bransontrilakesnews.com,https://www.bransontrilakesnews.com/news/national/article_78765d8c-c6cd-55d3-a147-6529ac12b75e.html,Levant_EastMed,gdelt,Levant_EastMed
أبو الغيط يحذر من عواقب العربدة الإسرائيلية في المنطقة,2025-04-04 12:00:00+00:00,Egypt,shorouknews.com,https://www.shorouknews.com/news/view.aspx?cdate=04042025&id=bf924022-a120-4b0c-88ca-917104a428b8,Levant_EastMed,gdelt,Levant_EastMed
Israel expands ground offensive in Gaza,2025-04-04 12:00:00+00:00,South Africa,ewn.co.za,https://www.ewn.co.za/2025/04/04/israel-expands-ground-offensive-in-gaza,Levant_EastMed,gdelt,Levant_EastMed
"Nouvelles opérations israéliennes à Gaza , au moins 30 morts selon la Défense civile",2025-04-04 11:15:00+00:00,France,martinique.franceantilles.fr,https://www.martinique.franceantilles.fr/actualite/international/nouvelles-operations-israeliennes-a-gaza-au-moins-30-morts-selon-la-defense-civile-1030199.php,Levant_EastMed,gdelt,Levant_EastMed
"Nouvelles opérations israéliennes à Gaza , au moins 30 morts selon la Défense civile",2025-04-04 10:45:00+00:00,France,larepubliquedespyrenees.fr,https://www.larepubliquedespyrenees.fr:443/societe/afp/nouvelles-operations-israeliennes-a-gaza-au-moins-30-morts-selon-la-defense-civile-23906376.php,Levant_EastMed,gdelt,Levant_EastMed
Israel Expands Ground Offensive In Gaza,2025-04-04 09:45:00+00:00,United States,ibtimes.com,https://www.ibtimes.com/israel-expands-ground-offensive-gaza-3768822,Levant_EastMed,gdelt,Levant_EastMed
Türkiyeden İsrailin Suriyeye yaptığı saldırılara tepki,2025-04-04 09:00:00+00:00,Turkey,haksozhaber.net,https://www.haksozhaber.net/turkiyeden-israilin-suriyeye-yaptigi-saldirilara-tepki-188830h.htm,Levant_EastMed,gdelt,Levant_EastMed
Israel expands ground offensive in Gaza,2025-04-04 08:45:00+00:00,United States,yahoo.com,https://www.yahoo.com/news/israel-expands-ground-offensive-gaza-081216793.html,Levant_EastMed,gdelt,Levant_EastMed
加沙战火重燃红海局势骤紧 中东动荡升级 _ 新闻频道 _ 中华网,2025-04-04 07:30:00+00:00,China,news.china.com,https://news.china.com/socialgd/10000169/20250404/48170689.html,Levant_EastMed,gdelt,Levant_EastMed
"Dışişleri Bakanlığı :  İsrailin açıklamaları , saldırgan ve yayılmacı politikalarını yansıtıyor  ",2025-04-04 07:30:00+00:00,Turkey,sozcu.com.tr,https://www.sozcu.com.tr/disisleri-bakanligi-israil-in-aciklamalari-saldirgan-ve-yayilmaci-politikalarini-yansitiyor-p158522,Levant_EastMed,gdelt,Levant_EastMed
Israeli strikes in Syria a challenge to Turkey - BBC,2025-04-04 07:00:00+00:00,BBC,news.google.com,https://news.google.com/rss/articles/CBMiWkFVX3lxTFB2UHZVN1RpM1ZHeVpUaUxfRW84N2F5MDFHdThJZWRIc1ZZNmVMU0lQR2lMbTNfVGdLRVNzeWZTME9aMzg4dmtOS1ZUUWw3N2J6T3JJTVNHVUtwZw?oc=5,Levant_EastMed,google_rss,Levant_EastMed
İsrail yeni Şam  ı niye rahat bırakmıyor | Nilgün Tekfidan GÜMÜŞ Köşe Yazısı,2025-04-04 07:00:00+00:00,Turkey,hurriyet.com.tr,https://www.hurriyet.com.tr/yazarlar/nilgun-tekfidan-gumus/israil-yeni-sami-niye-rahat-birakmiyor-42751270,Levant_EastMed,gdelt,Levant_EastMed
"No : 75 , 3 April 2025 , Regarding the Statements by Israeli Ministers Targeting Türkiye / Republic of Türkiye Ministry of Foreign Affairs",2025-04-04 05:15:00+00:00,Turkey,mfa.gov.tr,https://www.mfa.gov.tr/no_-75_-israilli-bakanlarin-ulkemizi-hedef-alan-aciklamalari-hk.en.mfa,Levant_EastMed,gdelt,Levant_EastMed
黎巴嫩真主党呼吁地区团结抵抗美以霸权,2025-04-04 03:45:00+00:00,China,world.qianlong.com,https://world.qianlong.com/2025/0404/8464785.shtml,Levant_EastMed,gdelt,Levant_EastMed
Dışişlerinden İsrailin Suriyeye saldırılarına sert tepki ! Vazgeçin,2025-04-04 02:15:00+00:00,Turkey,yenicaggazetesi.com.tr,https://www.yenicaggazetesi.com.tr/disislerinden-israilin-suriyeye-saldirilarina-sert-tepki-vazgecin-901971h.htm,Levant_EastMed,gdelt,Levant_EastMed
"Israel thrives on conflict , biggest threat to regional peace : Türkiye",2025-04-04 00:15:00+00:00,Turkey,dailysabah.com,https://www.dailysabah.com/politics/diplomacy/israel-thrives-on-conflict-biggest-threat-to-regional-peace-turkiye,Levant_EastMed,gdelt,Levant_EastMed
Türkiyeden İsraile sert tepki !  Bölge güvenliği için en büyük tehdit ! ,2025-04-04 00:15:00+00:00,Turkey,haber.mynet.com,https://haber.mynet.com/turkiye-den-israil-e-sert-tepki-bolge-guvenligi-icin-en-buyuk-tehdit-110107202913,Levant_EastMed,gdelt,Levant_EastMed
At least 35 Palestinians killed in Israeli strike on Gaza school shelter,2025-04-04 00:15:00+00:00,Turkey,dailysabah.com,https://www.dailysabah.com/world/mid-east/at-least-35-palestinians-killed-in-israeli-strike-on-gaza-school-shelter,Levant_EastMed,gdelt,Levant_EastMed
טורקיה ממשיכה להחריף את הטון :  ישראל - האיום המרכזי על ביטחון האזור  ,2025-04-03 23:45:00+00:00,Israel,ynet.co.il,https://www.ynet.co.il/news/article/b14cqf2a1g,Levant_EastMed,gdelt,Levant_EastMed
Dışişlerinden Türkiyeyi hedef İsrailli bakanların açıklamasına tepki ! İsrail bölge için büyük tehdit,2025-04-03 22:15:00+00:00,Turkey,ahaber.com.tr,https://www.ahaber.com.tr/gundem/2025/04/03/disislerinden-turkiyeyi-hedef-israilli-bakanlarin-aciklamasina-tepki-israil-bolge-icin-buyuk-tehdit,Levant_EastMed,gdelt,Levant_EastMed
Dışişleri Bakanlığı  ndan İsrailli bakanlara tepki,2025-04-03 21:45:00+00:00,Turkey,dha.com.tr,https://www.dha.com.tr/politika/disisleri-bakanligindan-israilli-bakanlara-tepki-2612585,Levant_EastMed,gdelt,Levant_EastMed
"Dışişleri Bakanlığı :  İsrail , bölgemizin güvenliği için en büyük tehdit haline gelmiştir  ",2025-04-03 21:45:00+00:00,Turkey,ogunhaber.com,https://www.ogunhaber.com/genel/disisleri-bakanligi-israil-bolgemizin-guvenligi-icin-en-buyuk-tehdit-haline-gelmistir-2940335h.html,Levant_EastMed,gdelt,Levant_EastMed
Dışişlerinden Türkiyeyi hedef alan İsrailli bakanlara tepki,2025-04-03 20:30:00+00:00,Turkey,konhaber.com,https://www.konhaber.com/guncel/disisleri_nden_turkiye_yi_hedef_alan_israilli_bakanlara_tepki-1964474h,Levant_EastMed,gdelt,Levant_EastMed
"Türkiyeden , İsraile sert tepki :  Başka bir izahı bulunmuyor  ",2025-04-03 20:30:00+00:00,Turkey,haber.mynet.com,https://haber.mynet.com/turkiye-den-israil-e-sert-tepki-baska-bir-izahi-bulunmuyor-110107202908,Levant_EastMed,gdelt,Levant_EastMed
"İsrail , Suriyeye hava saldırısı - Manşet Haber",2025-04-03 20:30:00+00:00,Turkey,mansethaber.com,https://mansethaber.com/israil-suriyeye-hava-saldirisi/,Levant_EastMed,gdelt,Levant_EastMed
Dışişleri Bakanlığı  ndan Türkiyeyi hedef alan İsrailli bakanlara sert tepki : Provokatif beyanları saldırgan ve yayılmacı politikalarını yansıtmaktadır,2025-04-03 20:15:00+00:00,Turkey,takvim.com.tr,https://www.takvim.com.tr/guncel/2025/04/03/disisleri-bakanligindan-turkiyeyi-hedef-alan-israilli-bakanlara-sert-tepki-provokatif-beyanlari-saldirgan-ve-yayilmaci-politikalarini-yansitmaktadir,Levant_EastMed,gdelt,Levant_EastMed
Dışişleri Bakanlığı  ndan İsraile sert tepki,2025-04-03 20:15:00+00:00,Turkey,bursahakimiyet.com.tr,https://www.bursahakimiyet.com.tr/gundem/disisleri-bakanligi-ndan-israil-e-sert-tepki-1416309,Levant_EastMed,gdelt,Levant_EastMed
Türkiyeden İsrailin Suriyeye yaptığı saldırılara tepki,2025-04-03 20:00:00+00:00,Turkey,aa.com.tr,https://www.aa.com.tr/tr/gundem/turkiyeden-israilin-suriyeye-yaptigi-saldirilara-tepki/3527707,Levant_EastMed,gdelt,Levant_EastMed
Dışişlerinden Türkiyeyi hedef alan İsrailli bakanlara tepki,2025-04-03 20:00:00+00:00,Turkey,haberler.com,https://www.haberler.com/dunya/disisleri-nden-turkiye-yi-hedef-alan-israilli-18493028-haberi/,Levant_EastMed,gdelt,Levant_EastMed
Hizbullahtan İsrailin Saldırılarına Sert Tepki,2025-04-03 16:45:00+00:00,Turkey,haberler.com,https://www.haberler.com/guncel/hizbullah-tan-israil-in-saldirilarina-sert-tepki-18492755-haberi/,Levant_EastMed,gdelt,Levant_EastMed
Israeli Attack on Syria Kills 9 ; Suspected U . S . Strike on Yemen Kills 5,2025-04-03 15:00:00+00:00,United States,democracynow.org,https://www.democracynow.org/2025/4/3/headlines/israeli_attack_on_syria_kills_9_suspected_us_strike_on_yemen_kills_5,Red_Sea_Gulf_Aden,gdelt,Red_Sea_Gulf_Aden
وزير الخارجية الإسرائيلي : أنقرة تسعى إلى جعل سوريا محمية تركية,2025-04-03 13:15:00+00:00,,aljazeeramubasher.net,https://www.aljazeeramubasher.net/news/politics/2025/4/3/%D9%88%D8%B2%D9%8A%D8%B1-%D8%AE%D8%A7%D8%B1%D8%AC%D9%8A%D8%A9-%D8%A5%D8%B3%D8%B1%D8%A7%D8%A6%D9%8A%D9%84-%D9%82%D9%84%D9%82%D9%88%D9%86-%D8%A8%D8%B4%D8%A3%D9%86-%D8%A7%D9%84%D8%AF%D9%88%D8%B1,Levant_EastMed,gdelt,Levant_EastMed
Hungary announces withdrawal from International Criminal Court,2025-04-03 12:00:00+00:00,United Kingdom,euractiv.com,https://www.euractiv.com/section/politics/news/hungary-announces-withdrawal-from-international-criminal-court/,Levant_EastMed,gdelt,Levant_EastMed
Israeli strikes on Gaza overnight leaves more than 50 Palestinians dead,2025-04-03 11:00:00+00:00,United States,durangoherald.com,https://www.durangoherald.com/articles/israeli-strikes-on-gaza-overnight-leaves-more-than-50-palestinians-dead/,Levant_EastMed,gdelt,Levant_EastMed
İşgalci İsrail Suriyeye saldırarak Türkiyeye mesaj vermeyi amaçladı,2025-04-03 09:00:00+00:00,Turkey,haksozhaber.net,https://www.haksozhaber.net/isgalci-israil-suriyeye-saldirarak-turkiyeye-mesaj-vermeyi-amacladi-188789h.htm,Levant_EastMed,gdelt,Levant_EastMed
Israel launches deadly ground incursion amid air strikes on Syria - Al Jazeera,2025-04-03 07:00:00+00:00,Al Jazeera,news.google.com,https://news.google.com/rss/articles/CBMipwFBVV95cUxOTl9VRmlCTXNnTUIwU09SOWYySVE2ZFJjOFhTa3M1YkxpVk1HQk5PXy00SUJJVmxYS2NXdDh3cTBNdldGVDlBZ3BoazloM2ZhcEdTb25HUDVScHRqYk1wazNfQ190enltZlctV3pKNk9FTWNzeGJqN2ZCR1VnZjBYQWpDZ01OYmVabmRBUWgyNkV6WS1pN1lONS1GYWg0TDM4TEJaWHBLb9IBrAFBVV95cUxPSTRwY2dOQlJ6MFR5aXdPYkhZRl9xZERNc2FhRTNGZDZTcElRYW1hODU5dEF6ZWt3UmJrMWxqZjFJb3JOZVI2aHBiQjNIQ2xZclZQMFFGdHlRSm1zemYtUWJ5Y2lLYUxIaDNDVmkzakpEa3N1dkpJS3g4UGdTTFJQS0Q0R3VaNVJUZktESGZJdnhfT21OS3Y0OXdPVDN0Z1h5MFZtV2tPbFJzcFd3?oc=5,Levant_EastMed,google_rss,Levant_EastMed
[Visual] The Houthis’ Red Sea Attacks Explained - International Crisis Group,2025-04-03 07:00:00+00:00,International Crisis Group,news.google.com,https://news.google.com/rss/articles/CBMiZEFVX3lxTFA1b29SZHhGQU9JZHhkbk9fLWMxMmVqUDFxLVJiVjBBXzFlTDhNdGdXUFU0RVluNW5lYTYtRWg1RDgtMW1RM0NfcGR0WE9NRk45RTVlSjRtbzNjZDFNM2lwQ3dubHI?oc=5,Red_Sea_Gulf_Aden,google_rss,Red_Sea_Gulf_Aden
İsrailden Suriyeye hava saldırıları,2025-04-03 06:15:00+00:00,Turkey,internethaber.com,https://www.internethaber.com/israilden-suriyeye-hava-saldirilari-2394494h.htm,Levant_EastMed,gdelt,Levant_EastMed
"Israeli airstrikes pound Syrian military airbase , hit Damascus",2025-04-03 05:45:00+00:00,United States,stripes.com,https://www.stripes.com/theaters/middle_east/2025-04-02/israel-airstrikes-syria-military-base-17349413.html,Levant_EastMed,gdelt,Levant_EastMed
"Katil İsrail , Suriyeye hava saldırıları düzenledi",2025-04-03 05:45:00+00:00,Turkey,trthaber.com,https://www.trthaber.com/haber/dunya/katil-israil-suriyeye-hava-saldirilari-duzenledi-902760.html,Levant_EastMed,gdelt,Levant_EastMed
İsrailden Suriyeye hava saldırıları,2025-04-03 00:00:00+00:00,Turkey,sozcu.com.tr,https://www.sozcu.com.tr/israil-den-suriye-ye-hava-saldirilari-p158150,Levant_EastMed,gdelt,Levant_EastMed
İsrail Şam  ı vurdu,2025-04-02 22:45:00+00:00,Turkey,odatv.com,https://www.odatv.com/guncel/israil-sami-vurdu-120092992,Levant_EastMed,gdelt,Levant_EastMed
"İsrail , Suriyede Şam ve Hamaya hava saldırıları düzenledi",2025-04-02 21:45:00+00:00,Turkey,t24.com.tr,"https://t24.com.tr/haber/israil-suriye-de-sam-ve-hama-ya-hava-saldirilari-duzenledi,1230079",Levant_EastMed,gdelt,Levant_EastMed
İsrailden Suriyeye hava saldırısı ! ,2025-04-02 19:45:00+00:00,Turkey,turkiyegazetesi.com.tr,https://www.turkiyegazetesi.com.tr/dunya/israilden-suriyeye-hava-saldirisi-1106082,Levant_EastMed,gdelt,Levant_EastMed
 « Бог був на нашому боці »: як Україна потопила флагман Чорноморського флоту РФ крейсер « Москва » / vlasti . net,2025-04-02 17:30:00+00:00,Ukraine,vlasti.net,https://vlasti.net/news/362499,Black_Sea_Ukraine,gdelt,Black_Sea_Ukraine
"Houthi link - up with Somalia al - Shabab could newly imperil Middle East shipping , report says",2025-04-02 15:30:00+00:00,United States,stripes.com,https://www.stripes.com/theaters/middle_east/2025-04-02/somalia-africa-al-shabab-terrorism-17340518.html,Red_Sea_Gulf_Aden,gdelt,Red_Sea_Gulf_Aden
První zprávy - Domácí - Jiří Jaroš - Nickell : Jak se mýlil spisovatel Solženicyn,2025-04-02 09:00:00+00:00,Czech Republic,prvnizpravy.cz,https://www.prvnizpravy.cz/zpravy/politika/jiri-jaros-nickell-jak-se-mylil-spisovatel-solzenicyn/,Black_Sea_Ukraine,gdelt,Black_Sea_Ukraine
Middle East : Israeli strikes kill over 300 children UN – DW – 04 / 02 / 2025,2025-04-02 08:30:00+00:00,Germany,dw.com,https://www.dw.com/en/middle-east-israeli-strikes-kill-over-300-children-un/live-72102050,Levant_EastMed,gdelt,Levant_EastMed
专家解读美双航母集结红海 意图打击与威慑 _ 新闻频道 _ 中华网,2025-04-02 08:30:00+00:00,China,news.china.com,https://news.china.com/socialgd/10000169/20250402/48162332.html,Red_Sea_Gulf_Aden,gdelt,Red_Sea_Gulf_Aden
السيسي وترامب يبحثان تطورات الأوضاع في الشرق الأوسط,2025-04-02 08:00:00+00:00,China,arabic.people.com.cn,http://arabic.people.com.cn/n3/2025/0402/c31662-20297142.html,Red_Sea_Gulf_Aden,gdelt,Red_Sea_Gulf_Aden
打击也门武装 美军双航母坐镇中东 | 国际,2025-04-02 07:15:00+00:00,Malaysia,orientaldaily.com.my,https://www.orientaldaily.com.my/news/international/2025/04/02/723313,Red_Sea_Gulf_Aden,gdelt,Red_Sea_Gulf_Aden
Israel launches air attacks on Syria’s Damascus and Hama - Al Jazeera,2025-04-02 07:00:00+00:00,Al Jazeera,news.google.com,https://news.google.com/rss/articles/CBMimwFBVV95cUxPS1VkUzRfSjh0dkRMVFlTQ2lwOWp0M3ZoWmlSdU84Njk4ODNqN1kxYkt5QkFnTVdZbTFhMDFMYzlsdkY1OHpyQ2p4dEd2SXdpd2JmRTZ6S3NLdGdqenYwMUJUS01QTWdvRUNhOHhFRjlHR2JLNzhRbUd1dF9ndUVYX04zdEpjNWJNT08wTDhRQWd1Ujgwd0VhTmNEY9IBoAFBVV95cUxQbG9SczZKbVdXSmVYd1ZsQ1B2NzdyOXFDNE9wdXVITVFfUE9wUmVFZnFoZ19ZQ3l5SkQza3JUcHE5U09JOHhqNVVWUEkxdENDTzRub3Q0OE0yQVBkMXNpd3dhUnlMM1doS1dxeDdzLUozQ2lEa2E4M0tYQ0R6aVJ3NGpvQmwyS1l4Q05pdFJMTkE1bXZoNm95V2hsRXRHNUlY?oc=5,Levant_EastMed,google_rss,Levant_EastMed
Israel kills Hezbollah official in deadly Beirut airstrike,2025-04-02 03:15:00+00:00,Bangladesh,bdnews24.com,https://bdnews24.com/world/middle-east/d3a84533d827,Levant_EastMed,gdelt,Levant_EastMed
Крейсер Москва - як Україна знищила флагман Чорноморського флоту РФ УНІАН,2025-04-02 00:30:00+00:00,Ukraine,unian.ua,https://www.unian.ua/war/kreyser-moskva-yak-ukrajina-znishchila-flagman-chornomorskogo-flotu-rf-12963768.html,Black_Sea_Ukraine,gdelt,Black_Sea_Ukraine
"Israel strikes building in southern Beirut , killing at least 3 people",2025-04-02 00:15:00+00:00,United States,pressdemocrat.com,https://www.pressdemocrat.com/article/news/israel-strikes-building-in-southern-beirut-killing-at-least-3-people/,Levant_EastMed,gdelt,Levant_EastMed
Ukraine war briefing: Another 1.5m artillery shells for Ukraine under Czech scheme - The Guardian,2025-03-28 07:00:00+00:00,The Guardian,news.google.com,https://news.google.com/rss/articles/CBMixAFBVV95cUxNTmZVb2gxbUZvSGdkRUliQnlGMnVuSkR4S3lUMl9jN183QXprb19RLVczQVBGdGJNaDBQTm1XdDlUT2R4Y2x0aFlReFd3aEttWlA3aUh3VE9NaEJUNFhsRHgzdnEwcURPTHNRMnZSb3R2bzBpbnVnUVBIdURSaEtZN1k2V1A3NV9wRUtRZFV1NWx1ODVQemZCSTIxX2ZxZlM5ZjhmdnFIajVUREs5Ylk2Nk9BbXBiQUNWMU9zaWpFdEpRbDdo?oc=5,Black_Sea_Ukraine,google_rss,Black_Sea_Ukraine
"Ukraine, Russia Report Drone And Energy Infrastructure Attacks As Kremlin's Conditions Cloud Black Sea Truce - Radio Free Europe/Radio Liberty",2025-03-26 07:00:00+00:00,Radio Free Europe/Radio Liberty,news.google.com,https://news.google.com/rss/articles/CBMikAFBVV95cUxQd203NmRxS2p2TXNkTERlZ1Z1Nk12a1FGX0c2V0ctWS10MDVkcnExTzBwNVI0eGxraDVfOGhxTGdMNDBQeVNyVnJTZHA5azhtajFVSzlRUzRpYVBZRW1xY1pKRnJHZTFjN2R0NmN4U3hycEdhTU5Bb0RGQTdid1V6YzBhcVZDSy1vNWxDaTFKY0vSAZMBQVVfeXFMTnJ3WDBpcVg4am5ZWURpUm5pZkRGTDdqV3RGamQtc1hHbl95dkRTUFQ1ZFRqOWl5QTl6bWlEak5XenQtQ01fNmFEOW1jQzc0RkdrUDk0clk4UGVYU2VkMHJJM3FtUnNncGI5QVJFdkJUaVUwS2VTLWx5VWZ0OGhhWUpQVmlNaU5OOEVOVHBqZlJiR3Fr?oc=5,Black_Sea_Ukraine,google_rss,Black_Sea_Ukraine
Who are the Houthis and why is the US targeting them? - BBC,2025-03-25 07:00:00+00:00,BBC,news.google.com,https://news.google.com/rss/articles/CBMiYEFVX3lxTE1zQ2xXY3EtN2RZcng1eHhFWUxqRHpUY2VMbUNLd1FTbW9yUTBUZllSd2xaYWxBQ2FtZVVDVXMyWEFPR211UnR6Sm1EZEVsalNCRHJsYWNJWHhPejRvcmRZag?oc=5,Red_Sea_Gulf_Aden,google_rss,Red_Sea_Gulf_Aden
The Siege of the Red Sea - Council on Foreign Relations,2025-03-21 07:00:00+00:00,Council on Foreign Relations,news.google.com,https://news.google.com/rss/articles/CBMiVEFVX3lxTFBLZTZIcHl5ZDhHVlNua0poWVB2X2NyY1Z1X2ZrNHI2dG1oOHltSDNwREttNlF5ZzliakVNcnpieXJmRUpYTnhMYWlaY2NnX3VxSjRwVw?oc=5,Red_Sea_Gulf_Aden,google_rss,Red_Sea_Gulf_Aden
Calming the Red Sea’s Turbulent Waters - International Crisis Group,2025-03-21 07:00:00+00:00,International Crisis Group,news.google.com,https://news.google.com/rss/articles/CBMixgFBVV95cUxQczFXa0R5eGFIWnRtSWFodFdtRWVfaDFXNUQzYk84Ym8xUWdZVTRMLUlHQnMzX0E0Nkt0Yk5NTXJmX1VQVS1SNW1QVzNtQ1FXX1hqSzdZSlZTZkxUM3NYQk1ySVl0aElFakV0ZWxNdWV2Y1ZfemVUZGJfM25BcUNVc25kN2VoM0dEa05RX0VWQVRSckhwMHlSeVVNN1o4TkR3V1k1bkU4VXRGOTV0TmFGWUNpTnpHZ1NKRzRGbUJzV2h6UnVVcEE?oc=5,Red_Sea_Gulf_Aden,google_rss,Red_Sea_Gulf_Aden
Does Iran Want a War with America? - Middle East Forum,2025-03-18 07:00:00+00:00,Middle East Forum,news.google.com,https://news.google.com/rss/articles/CBMid0FVX3lxTE05M1h4WV85YVdqQUJVNnA0ank2ZWJ6aExQeHpnaWJGRHZrU0FrUFRrdTI1bWItR0F2R0w3MmsyMzdLcDcxdG42dm9wV1Z1dDJyQ2NMb18tWDZwWklockVtQnUwM1EtaUUxcmFDTkNmUjVZSjVwNzJF?oc=5,Red_Sea_Gulf_Aden,google_rss,Red_Sea_Gulf_Aden
Yemen’s Houthis and US launch new attacks amid Red Sea shipping threat - Al Jazeera,2025-03-17 07:00:00+00:00,Al Jazeera,news.google.com,https://news.google.com/rss/articles/CBMijgFBVV95cUxQc1BKV3d4SmZQQlU5cHFuYmxQcDVyLXBwWmlMZ2Q1SEZqMW9MaXlVdl9zRjVBVkxXUWZMclJuSFVsZ0lSTlQ0cTloTXVFa3NQMUxnejBqenppV25Za05lMzFqdVRmUEotUURSWWg3aDhVdHMyV19mbFhJUmVxWWlnNl96VkxRZkxtdzRyQnhB0gGTAUFVX3lxTE1rOFA5NW5jLUtYZXRjUWhVZVdhMmpJcWFOVzg5am1IUV9ucUk1b2cxaE43VTgwQVE2bmgtbGhrTERldmVhMkxnUGhXVk1ZcnlBcTBsU1RpeWs3a015bE80bDdsQS0wR0ZYaldYMk1FUjhjVl9ERDRLaHhiNUxGcTV3RkpqbmhvV05tbGdRcWJaMk5xOA?oc=5,Red_Sea_Gulf_Aden,google_rss,Red_Sea_Gulf_Aden
"Houthis Vow Retaliation Against U.S., Saying Yemen Strikes Killed at Least 53 (Published 2025) - The New York Times",2025-03-16 07:00:00+00:00,The New York Times,news.google.com,https://news.google.com/rss/articles/CBMimAFBVV95cUxOaFBfUEtjZ1RtODR4Ti10TTVjaFJ4SzVMNUxDOTZfNlpGWTNMVS1YT1FndUREVGtudXJHSnN4R2Q1T3VyT0pwTmRfckJqOFJublUxc21kR3ZlR2ctOHJibUZFN2lwN3BDRG9rcDktOW1ENW9TZXZhYl9ZYmtPOFBrVVF4dFdCamY5VWlkZkN2N2ZremliSjBHbg?oc=5,Red_Sea_Gulf_Aden,google_rss,Red_Sea_Gulf_Aden
A Thousand Snipers in the Sky: The New War in Ukraine (Published 2025) - The New York Times,2025-03-03 08:00:00+00:00,The New York Times,news.google.com,https://news.google.com/rss/articles/CBMingFBVV95cUxORnlfQ3R2YzI2MnN4ZUYwZDQ3TC1hblFsVEJXOTdCbW92c0NHZzlPZ1R3QVlwZ2pSek8xLTJlZzJ6dlpLQVNTQ01Wam85bE5BNU0xaWE5ZGNiNklHeGg5dE5BUjg3cDExN2hRcDVkdWxrLURXWk1HMUlyS2E2ekl2NmlYbjhySUJmbldtbXoxX184ZDJjdjU0VUoxd2hHdw?oc=5,Black_Sea_Ukraine,google_rss,Black_Sea_Ukraine
"Ukraine’s Drone Evolution, From Mavic Scouts to Long-Range Strike Weapons - UNITED24 Media",2025-02-28 08:00:00+00:00,UNITED24 Media,news.google.com,https://news.google.com/rss/articles/CBMiuAFBVV95cUxOeEtER2ppSkRQSjlCRTFReG9iWk9JM0YzcEZTNHloWG1TWUNrVWd1aEZjaGppUEJ5SGt0QjU4cGt4SXlMU0ZNQnFpMHJMaDJ0QzNYemNLRUNfbWc3NHZ5Z1NjMXN1MnQzdzltTHlTbW1qb3BlODBSMnprd3BRZ0NINFROVEZvTTZaeFFBbm0xNEZQeTZrUlJVaW8weWsyY1BqVmtzNzJBQnY0YTdtT2E4QlJaQzF5VGN0?oc=5,Black_Sea_Ukraine,google_rss,Black_Sea_Ukraine
How Can the West Counter Russia’s Artillery Advantage? - UNITED24 Media,2025-02-10 08:00:00+00:00,UNITED24 Media,news.google.com,https://news.google.com/rss/articles/CBMinwFBVV95cUxPcHdFVFc3cGVld1B2dFA4dzFzZjd5bktscjVjcDlDbW5wNEpYS0xkMjNQNmR2RjVYSV93djFfOUpwanpVZEFGemNkanVCRC0weWxRYUFkZjQySVptdzNHaEhrZHJnb3lpM3pGMEszMlVacGZsQXFpeGtWcWVSNFZqdGgwZXhyWm10OUdHdXhKcV9mcjRUb1BYb1QyMlRONlU?oc=5,Black_Sea_Ukraine,google_rss,Black_Sea_Ukraine
Russia deploys new tactic to counter Ukrainian naval drones in the Black Sea - The New Voice of Ukraine,2025-02-01 08:00:00+00:00,The New Voice of Ukraine,news.google.com,https://news.google.com/rss/articles/CBMiygFBVV95cUxNOWJXZmxrUVgxYUJHazRyUmVBeE1PVDFuZGRGbTZXR0NhS2JZUTh0OTZVUEJfRVVKSTVHZUM2MVJMN1AwVVdBUUppbHFSTEpnalAzXzhEUVQwS3RWWi1XR3FoYkNpNUw3THBvRGdoRTJUMmVJcDBVUEdnRDkzMFlsV1Yxdk9tZ0ZkeDJMaHdkQndzTFcxcG1MUjl3aU5IZjU2YVpjaHEtSzVHMndOcHVyQ2JMMjJUdFp5dThKVEpVUmo4d2lmU0ozbWNR0gHGAUFVX3lxTFBGaWpiclk2WVNFNzY4ZEpyTEVTVmdLTFI1RWg5d1hxYTNlUFYxWXEyUzN1RlhDNTVWV3pfUEd2Q0IxZWhDZEstZXozOXY4OTE4VmxueWtmenRaUjh2MlRUUEJnTlNRYU5mVjNHNFp2aXBTMkhiR2pZanNNZ2duR1J1TmNicy1RdDhvR0NYR3FpcXhwU3hhM29zZzY0b1lyY2l0WW43REVwLTRXdWtRWEFESUxCTDFTVWxNVExBT1NtMkd2LU0xQQ?oc=5,Black_Sea_Ukraine,google_rss,Black_Sea_Ukraine
Ukraine’s Marauding Sea Drones Bewilder Russia - Center for European Policy Analysis (CEPA),2025-01-30 08:00:00+00:00,Center for European Policy Analysis (CEPA),news.google.com,https://news.google.com/rss/articles/CBMie0FVX3lxTE1JQmpqZnJSWFZBM3RkSDFDVVlpR1IxbnRLY09rOU91LWpZdFNEZGExVUN6N2FZeEF3S1dodldUc1poa19JcGZicUJjUUU0WFRJbEk5Qmp5eDVlZE1Xd2Z0clVDcE9WZXExajRPWnkwRThYZmFTbV9xbHZ6Yw?oc=5,Black_Sea_Ukraine,google_rss,Black_Sea_Ukraine
Lebanon: Israeli air strikes that killed at least 49 civilians further evidence of war crimes - Amnesty International,2024-12-12 08:00:00+00:00,Amnesty International,news.google.com,https://news.google.com/rss/articles/CBMi1wFBVV95cUxQeWJzTl9vS2xFemNXTm8yb3VJZkRZT3c0VEh6N2I4SFo3M3d1c0k5THkyMUJTTERkZkR4Z3lRLUFCSkhuWUhvRTVScjF0OWZkd3I3TlZJeWRWTkFwNjBGMlNiZ0h1RkZkbDRXN01ZOGszOWktSkl4c2s2amRJUDRIVjZxdVh1QWo5LVE5a3hrS3JjdGFuMWp1TFhrWVptWjlya3BBdkFnZWpKQ19DaHQ5Ulc2Sk1iVHZLdFV2MnU3a3ZubjI5N2F4ZTYtemMyQldvbUJzTVpQQQ?oc=5,Levant_EastMed,google_rss,Levant_EastMed
Evolving Artillery Needs: What Ukraine’s Frontline Reveals About Modern Indirect Fires - The Defense Post,2024-12-11 08:00:00+00:00,The Defense Post,news.google.com,https://news.google.com/rss/articles/CBMifkFVX3lxTE9yMXpqWFZTTWNNdDVMQy1XVng3QUxQS3p3Mk9IRFpxa20wM1hZU0ttdzhESm5pQms3aTZybjBISVFRZ3ItaGpHZE5TcFNmSVBUQ2M1QzdFNy1IMjdCOFFVMVBXX0MtMDliVDZVTUtOdnh0Z1BaSVV1NzI3cklzZ9IBgwFBVV95cUxQNDFPdzNlUlNselNFTGtrUWxUOUFfOW0zb0lLcllNUWdXQlJ6M2M3ZHZmR2ZMWkZjUUdpQURGLWVlNHZZUmdMb2VPekxUME02b3NGaURGSGtUOFZDSDlLeVNQTnVvdlVFUmt2c19lN3ZjZzdCUXJqNWdQSnNrUkpzcktURQ?oc=5,Black_Sea_Ukraine,google_rss,Black_Sea_Ukraine
"World Central Kitchen says Israeli airstrike hit car with its workers in Gaza, killing 5 people - PBS",2024-11-30 08:00:00+00:00,PBS,news.google.com,https://news.google.com/rss/articles/CBMiyAFBVV95cUxQcWRHUFUzajJHcE1ycm5pUG9rSENTdHBkUDJZYUtvY2NZbk1YbkMzcHZ3SzhkYkVacTJjSlI1aVdzNFRFRS1EMl9MeDN4YnlSSXk5Y3V1dGhHdHNFYnI2TkhkVS1paWt5blpkQnlWeWdyUHJqNlJHendWUVlOYjVKbVVDMmU3RWVXY20yYVgwYlpmdXBnSVpMZW1tN0RMaEZmMDl4endPcDhmdkFSWXNNemZvMklMVXRCbUZNWHo0Qmk3Z0VEa2ZWZ9IBzgFBVV95cUxNXzNMWGRVQl9Od1FqZk1qZVUwbVlsTTFvcGlZR25aMnZQLW0tU3YwaFhjbmxqY2RlelozMGx3YnlCcGxJQy1NQ0s1R21GMmltQy1GY1p0Ry1lRkZ3SGFGTFBKN055T1JZY1hsZFBSaEFpSTE4ZngwQmpxZkw2YzZGQUJ4V01FUkpIMHd4LURxd1NxZl83dlg5Z1o4MmlRS0dSLWpNX3JWVjdJejBveVZyU2hkVkRzdWd4cWVieW9LR1V4S1NmbDdYZlA3VWJLQQ?oc=5,Levant_EastMed,google_rss,Levant_EastMed
"North Korea appears to be sending its powerful howitzers to the Ukraine war, where artillery has been king - Business Insider",2024-11-20 08:00:00+00:00,Business Insider,news.google.com,https://news.google.com/rss/articles/CBMilgFBVV95cUxPLXdGQV82LXV4VzZGTG44aHhWNVFMSVB2ZWQyVVQ5ODJBRmlUaldReDFkN25RTktUSFdod2tiU1F5cFg3aTFlR0NvVWVBR0RBYTViZTNsWHJpSWVmUjFtZ3lEWW9Wb2hEc2hoOVVPczNESWtJbWIyZTY2MWcwekZhUXJuQ3RzcC10SUF6MmR0bzliNmhOV2c?oc=5,Black_Sea_Ukraine,google_rss,Black_Sea_Ukraine
U.S. Strikes Underground Targets in Yemen - U.S. Department of War (.gov),2024-10-17 07:00:00+00:00,U.S. Department of War (.gov),news.google.com,https://news.google.com/rss/articles/CBMipAFBVV95cUxObkItV05kUkNwTURodHFpSXJ6ODkyUV9QcG9BUTFXc19rUU1OY1BaYnNGQlRvU1VYNnBsOWw4RnlLcF9jZTdBQlNCQjJxU1lWNVYtNFVyTXRCWjQ0a05qcU16TFI1U0d3LThJdHdQRVFaTzZGTXBRTzcwWlJWT3R0RndIdHhSY0MtMmdhUnMxSUNwTndUbTRIallPT25MLW9nMFJyNQ?oc=5,Red_Sea_Gulf_Aden,google_rss,Red_Sea_Gulf_Aden
"Her last memory is by the window with her baby in Gaza. Then, Israeli airstrikes hit - NPR",2024-10-11 07:00:00+00:00,NPR,news.google.com,https://news.google.com/rss/articles/CBMihgFBVV95cUxPN2dkazdxQnVxaF9VSk9kMFc1VVRnRFg3alNOYjRjLVdDUEZvc0UtRWJhZTRBUFptN1V5b2FxZXladF9XYl9HQXY1ZXZ2ZW9aWjVvbTVpb0YzQi1WSEc5NlIzQWFVT2RSRGFITHpjQUFZdDN6RVBkVVpSUm5GNTMxQjVxUV90QQ?oc=5,Levant_EastMed,google_rss,Levant_EastMed
Lebanon sees deadliest day since civil war as Israeli attacks kill 492 - Al Jazeera,2024-09-23 07:00:00+00:00,Al Jazeera,news.google.com,https://news.google.com/rss/articles/CBMioAFBVV95cUxNZFI3N1ZvcU95U1N0Z2p1cXdMbEEtMWdfazdrdnoxRUFJZ0I2czRNOThxcjQtRE01eHhBWGhMcldpZUo0dE1sVFlkTlBUZ1B4SG5ST1F2ejJMNmtwNXhja1RkR0xkd3NnZ1B6Q1o4aWtDMDZOaVYxY2NKTG5sZV9Xa2s3MWEtYkV5QjJ6THZLNng4N2Nncnd3WWdGMV9wZEVN0gGmAUFVX3lxTE5mTXBCY2hNU1BjSzlnNU1CVHlUX1ozME43a1FIQ0swcU5CQWd4U1p0MFZhM2hXb21DTHluUEdQTXYzQWxKaDNRc3hicW1GZjdjR1BKOE52bkxPUzhlendYMk10RUsxRFJQb2lzc0gwajlhVE5kUDMyMUVweVltTVBCU0hQeF9FUko2b2Z0WUZUQm1zNEctZElIa251cFlhVFcwRWlzSmc?oc=5,Levant_EastMed,google_rss,Levant_EastMed
"Sea drones at war: Tactical, operational and strategic analysis of maritime uncrewed systems - Euro-Sd.com",2024-09-05 07:00:00+00:00,Euro-Sd.com,news.google.com,https://news.google.com/rss/articles/CBMizwFBVV95cUxNdXRBMzV4UldvZlp2d1BCQTVZTkRWMFY5STNuQU1LWVNEckhIUHc1UWRhS3MzektCclpILVMzZzZmQklKR3NlcVk1aHZXQ3YyNzU5ZWVheTd6UWYwWVRfMnlockRxQjVDYzlmQkVpSFRENkVBeEFRT1NXMjRadFNJblNsZkdyRWoxR0pzVjZmSjdCb2ZDSkMxTldvX3VraGo2RzVqdmVtU05WSmNrRVVldHR1ZWhia0FuR1JYamNFOXFkQXhDekFxOFY2NXdhVU0?oc=5,Black_Sea_Ukraine,google_rss,Black_Sea_Ukraine
The Drone Wars: How Ukraine Beat Russia in the Battle of the Black Sea - Time Magazine,2024-08-26 07:00:00+00:00,Time Magazine,news.google.com,https://news.google.com/rss/articles/CBMigwFBVV95cUxQSFVhc3JuaHZNQVZOekpIWXdLZjJhZHZ2cjlpckhtR1BKeWd4ZVMxMHl2a05fS0hqVUNVenZGS2NVakdOZzZJZEhoc3ExUC1TVXo5bkZ1Y0ptZTJJZmt1aW9DbzhodUJUV3NqT2xwaWV2V0NGUHg2UEdNNkgzTFF6WlZNUQ?oc=5,Black_Sea_Ukraine,google_rss,Black_Sea_Ukraine
Red Sea shipping crisis worsens after Israel-Houthi attacks - DW.com,2024-07-24 07:00:00+00:00,DW.com,news.google.com,https://news.google.com/rss/articles/CBMilwFBVV95cUxQMVh2RWhDdm1FczREalFocFB6Um9rNVVRMGJTb2ZSUUNLODhYbWdCMF9kcXliTkRseDdxQWtwSnBELVRBVEgtb0JKWkNUN3h2NGo5TXZZb1pEQVlaNnNocXltVF9zY0VxYWd3RlU0YjJpUGpHOGJfdnU2WlNNVHc3MkpPRXQ4SjVGLW91TU9CRzFwZlhhbUhZ0gGXAUFVX3lxTE1Mc0JNTVJtTGFXaE5fZTdvLWZkVmtCbEU4OURrU1hMYk9PYUFGd2tkay1DdzJHRkw4RFZzdEIxbGlhcWhJaGtmaXBUTjkyZ01PMHJnTnU1NWpzNHBkcDMtWm93RC1raVJXYW9QMHZNdjlZU1d1dzk5bko0NEE1THRVX2M4ME5PRFY3dkViY3NOLW5UakJWUW8?oc=5,Red_Sea_Gulf_Aden,google_rss,Red_Sea_Gulf_Aden
Weighing additional U.S. responses to Houthi Red Sea attacks - Defense Priorities,2024-07-19 22:04:26+00:00,Defense Priorities,news.google.com,https://news.google.com/rss/articles/CBMiogFBVV95cUxQeWQwWGpCNnlUQm9nYW5HSGwyUnJXQVRjREh5bHpsTUhFUHhWMXhiOENyS3RTSnEwbHdzQ3VyS0ZzcVlpUVlraVFZc0w4UXJMT19TWVFudkpsTVlOQmJyaVB4b29MeWlDNXloRzNLM1RQQjRsOHNvUUVLT2c3d3l0Q0pPR3dOeHZBSXluZHhTS2VNZXVYbk9qdFdicnpkODRFeXc?oc=5,Red_Sea_Gulf_Aden,google_rss,Red_Sea_Gulf_Aden
How the Ukrainians – with no navy – defeated Russia’s Black Sea Fleet - The Conversation,2024-07-19 07:00:00+00:00,The Conversation,news.google.com,https://news.google.com/rss/articles/CBMioAFBVV95cUxOWU0zdWJ1SzZ0OE1KT1IzSXA4WWduYm8yUzJRdFY2U2JwY19QYm8tRXZQa3VoU0FBcFNiVDIzckNSRXdMVHFNb0NHZWl4MGNGSWstOG1jeDZXN2RBblNaNlZzd1dSR1JVcUVkb3dIQnZGQWRZRU1rc2ZpNjBXOU9ISDRPLWJrOWlWbzZSUzZfVUJYTWdZUHRBQnJodTdJYnFz?oc=5,Black_Sea_Ukraine,google_rss,Black_Sea_Ukraine
Houthi Explainer: Conflict in the Red Sea - The Iran Primer,2024-07-18 07:00:00+00:00,The Iran Primer,news.google.com,https://news.google.com/rss/articles/CBMihAFBVV95cUxQTlhvM0xHaWdPQmEzTW9reWJvckg0VFhONERXVUU3Wm95aFNTQjlQZklhTnBHN2pfd2doejhNb2ZMaHJuLXRhNnF5aTNERUZGeFBUeHpVY0ZUNnBGQmVSWkd3V1Naa2o2UnRRVVdFN3VVcXEtZWNWa0drX2VMeHhERGV6b18?oc=5,Red_Sea_Gulf_Aden,google_rss,Red_Sea_Gulf_Aden
Sea Drones in the Russia-Ukraine War Inspire New Tactics - IEEE Spectrum,2024-07-10 07:00:00+00:00,IEEE Spectrum,news.google.com,https://news.google.com/rss/articles/CBMiS0FVX3lxTE1nbWMwZi0xV0NNelM0b3RySVVSNXpsczUyODBqX2tiMFBFZGsxSU9aSnE3cW94ZUVVR0xkMlNGYjFKM1lQTVNUTWJsbw?oc=5,Black_Sea_Ukraine,google_rss,Black_Sea_Ukraine
"Five killed in Ukrainian strikes on Russian border regions, Donetsk, officials say - Reuters",2024-05-11 07:00:00+00:00,Reuters,news.google.com,https://news.google.com/rss/articles/CBMitgFBVV95cUxQMzdkU3BlVG1Iem1qVlI1S0cyMDNubEQtZ0tvZ1loRHljWUZwTUh5LWM3Vlh2YW9Fa0pWQWJ5SXFDOEJrbWJac1gzMF94VHJCYzNKUDdCRW5nbmVNOEw2dGRaYklySWJ3X2xTT3RJWjFOSWVHcW1YTzFtaVZsc1dYd0RCMy1KS0UwVkQ4QURvUlhqRVZIV0ZBT29WU1JoWE5HempFY3ZQX2tRR0F5MGlhR0hOUGV0Zw?oc=5,Black_Sea_Ukraine,google_rss,Black_Sea_Ukraine
Drones and AI are rewriting the rulebook on naval warfare — with uncertain consequences - CBC,2024-05-09 07:00:00+00:00,CBC,news.google.com,https://news.google.com/rss/articles/CBMikAFBVV95cUxNUGtFU2FZNER4N01uV2tOTktzTURnYmU0Um5MMmZlZWhRek1qLTRpUEo4M2RVX3ZNaURtWkpuNGpYd0ZMTmZENjE3WVFWZUJhcUs5ZDJaWmgxRnN4UWk2MTlXUVNvUzNCWG11ZGJjdnJfQmM3bWRKeHBSbXIzclhZT1M0Um1JUTRqRDlDNURKeFg?oc=5,Black_Sea_Ukraine,google_rss,Black_Sea_Ukraine
Insight: Sea drone warfare has arrived. The U.S. is floundering. - Reuters,2024-05-06 07:00:00+00:00,Reuters,news.google.com,https://news.google.com/rss/articles/CBMirwFBVV95cUxNcWw5d183NTZ3V3ExOERZVzZLMXRrZzhfSVFVOG9lSWgydW13LVFfS0JSdHJpVmZ5SWhKWHBseEE2RDlHN283aW1YRlc4LVBRaGFFN0pxZ3hZSjNwUDBXWGJ2bkVlNGRDOUFTWnJiNzFHTkVsSnBEbmJxby1PMFM2bnhkdWVVYnE0R2RSZFF1WHVTM3RYYjRPQWQ4STNEMkNrZEZDc0lPRlIxUDY1dFpB?oc=5,Black_Sea_Ukraine,google_rss,Black_Sea_Ukraine
Houthi Red Sea Attacks Have Global Economic Repercussions - Arab Center Washington DC,2024-04-05 07:00:00+00:00,Arab Center Washington DC,news.google.com,https://news.google.com/rss/articles/CBMilwFBVV95cUxQQUotLXlWUTkzenhMWEx4NHZXa3RWUGg2d0YzSGJNbWZwUG1ERG9hV1JhQTN1YTVhYVQyUnVDTGFCMkVyTkRyODdXSFktRVlKSGxYUlZsVzBPX1Z1OTM1S0ZBWXZ4dk96ZzRIU2ppU1BlemRMcEJ6V2pBQTM2R0V3UDJIMlFWLTRxVG1iQnJUYXUwWFZPY1JN?oc=5,Red_Sea_Gulf_Aden,google_rss,Red_Sea_Gulf_Aden
‘Lavender’: The AI machine directing Israel’s bombing spree in Gaza - +972 Magazine,2024-04-03 07:00:00+00:00,+972 Magazine,news.google.com,https://news.google.com/rss/articles/CBMiY0FVX3lxTFBLREpIQmVOZ1A5T1VlVkkxOFF3MGdIdnNGMlphZHlFWDUwcmM4cHBQYldneldSQ1hWbktVYmMzdEJ6N2twbzJId3FQTXE0Uy1xeUlKX0JqMXlQZXpwQTRJQU9JZw?oc=5,Levant_EastMed,google_rss,Levant_EastMed
Israel strikes Iran consulate in Syria’s capital Damascus: What we know - Al Jazeera,2024-04-02 07:00:00+00:00,Al Jazeera,news.google.com,https://news.google.com/rss/articles/CBMilwFBVV95cUxOdG82b1Q1Si1KSk9OWG1HMUZFM2dabXZBYUhvbG5FWUdtOGNpNXFSTzFSNmNHVGNMU2VvdzJpMTZPMDFQVXUtLUhET3dJUndpdjN2bGFmVkt3aXI4TFlvbU9hdWt4WTN1UFU0bnhOR2djeDM3ZGtKSnR3eFNpdl9IWXpycFhyaXI1V0ZEaURESlQxcXZTek5F0gGcAUFVX3lxTE5WX0xnTXNRSlpIMnltZkdYbG9fVFNWdGgxckxPazdpSnF2VnM2SkM0M21XU2VTQnJ0blJmNFJDcG5uVVZzWDA2TEJWTjA1b1pQN2Q2NzNxQWhRd0dKSm11MzhlYWhRU2xCTURCVldFbnZwNXVkdFV6VFUyUGJDT3hFRl9GR3V0N2trRTJEVUVqNnp5OGozek5Ia2J6MA?oc=5,Levant_EastMed,google_rss,Levant_EastMed
The Lawfulness of military strikes against the Houthis in Yemen and the Red Sea - EJIL: Talk!,2024-03-19 07:00:00+00:00,EJIL: Talk!,news.google.com,https://news.google.com/rss/articles/CBMiqAFBVV95cUxNZ2ZTYjlWMHFoVVpfWHJ5OS1Dc055WG9ObHhVTDcxOUZkWTAtZDMtOVRIWE1nOGRHT2xxY185cUFpRm11VnY5Mk5xb3RJemlDRVhTbTItMFRVVEZuamJ2b1FuaHdsQXNzQkI5bWd0OHBvbkRJQ1I1RmpmakNOWTRxcWRzbDdRYkw2S1hPVHFvQ2U3WHVwSTJiQmJ3MDEtSW1wTGpKemFIckU?oc=5,Red_Sea_Gulf_Aden,google_rss,Red_Sea_Gulf_Aden
Ukraine war: The sea drones keeping Russia's warships at bay - BBC,2024-03-11 07:00:00+00:00,BBC,news.google.com,https://news.google.com/rss/articles/CBMiWkFVX3lxTE1VaW5BQndFUDgxaTNia1paRUtJNmd4bHE1aFZCTW0wWTVFVHpmSEVUS1VjM0otcGtwVWs2WVBFR1JXdHhaa1ZTcFAwNVUyc3ZTbFRGZUg1M2RmQQ?oc=5,Black_Sea_Ukraine,google_rss,Black_Sea_Ukraine
"Russian Black Sea ship Sergey Kotov sunk after drone strike, says Ukraine - Al Jazeera",2024-03-05 08:00:00+00:00,Al Jazeera,news.google.com,https://news.google.com/rss/articles/CBMiqAFBVV95cUxNWGc5NFRwYXRGT2VLQTlTOUVpWHdhMWNWOU9CWmhBTHEzTm91Mlo5ZzBjTmxXMXg5dlRZNmhlVUpfOUFZcFlodThPYWt4YmhJSHBkYUw1MUV2YmRuaVQxV1pKcEh4NVRWS2Nzd3JMekxPRS0xZ3hKZFFIc21nMnlTclpYdnpCMDdnbk5yNmQ3Vm5Bbk43aXZ4azNJRG16eUFYdVFWUjg4NHbSAa4BQVVfeXFMUGxYYWplYUpzY3Z1d0E4QzB1OHl6ZlA3YXpadE5odnJYMm85SGxPcnhmSEVfRE40aXFEVFpycTZVZ3plb0ZPOHZRTjlSNG5YYk1KTUlHeDE0ZmtWZHVSQnFfQXNNaU5UQ1diYm84ZHc5THpSaEV5TVp5TUYyVmhlSjFFdENUcnV6SFZINXM5am9SYW40c29fOUptNEk1elVIaEVzSEJtU2VGLXI5aGNn?oc=5,Black_Sea_Ukraine,google_rss,Black_Sea_Ukraine
Ukraine says it sunk a Russian warship in Black Sea in drone attack - CBC,2024-03-05 08:00:00+00:00,CBC,news.google.com,https://news.google.com/rss/articles/CBMicEFVX3lxTFA2bTFwaEJxSjFYVU05QmhpSzA5Y2o5VDNrMEZCaDE3TzV2N2NNdkFLTnpKUk1ZMVZvYWRNSUpBUE1COHU4TFFkNl8yWXM0ODVNRmEzcTZROTJNZGgwNnBVclNDNTNEOVQ3eWYwcDY0S2E?oc=5,Black_Sea_Ukraine,google_rss,Black_Sea_Ukraine
Houthi Red Sea Attacks Impose ‘Economic Sanctions’ on Israel’s Backers - Baker Institute,2024-03-01 08:00:00+00:00,Baker Institute,news.google.com,https://news.google.com/rss/articles/CBMiqgFBVV95cUxQbzgwaHJTTW5pVElLT1RJNDRsTVE3NWxsYVV1U3pKRTJiWm9jeWhYLVNXU2g3WU5yc2ZQRFBSU0FLdkM4QzFfM216WnA5RTdzY3hyVS1yOTh6X1lyM3h3dmVKNkp3SDZhME1iemkza1Q0MWVWMHZLbmtJRWZkRUdwQ01taUZNbVdkTTR1bnhXa3lLZTdsOWs0M25vaXFFYkxUd09sSktGWmdaQQ?oc=5,Red_Sea_Gulf_Aden,google_rss,Red_Sea_Gulf_Aden
Five maps show where the war in Ukraine stands after two years - The Washington Post,2024-02-23 08:00:00+00:00,The Washington Post,news.google.com,https://news.google.com/rss/articles/CBMioAFBVV95cUxNRzBWQ2p4V3NBY29OZ2ZUdG9mcjlwMEY3aG5pd3FSdU9pcjFtb0VXWDJhYkFDR3N3eEItR0EzdEZhcGViQXdVeG80OVpwSk01MVJCZmxwNlF3WldPSWhYemliYzgxTmpac1h4ZWQtTnozUkoyWF9DeEpxTTduQ0V5WllRbVRySEwzUkkzRWNHdW1lcXNmMVpCUC1YTU13WDU1?oc=5,Black_Sea_Ukraine,google_rss,Black_Sea_Ukraine
Mapping the Red Sea attacks by Yemen's Houthis - interactive.aljazeera.com,2024-02-22 08:00:00+00:00,interactive.aljazeera.com,news.google.com,https://news.google.com/rss/articles/CBMiggFBVV95cUxQNXIzbG5XVW9wVTRadXYyazFCOHpyQWE5Z0xIUzdnekhBTHVPYUxBdUNoekYzM01IeERyV01STnlYdlNJbUpfWkJrYkd3WHo1OXNqWUZHckcxYmI1SHBaZlBhai1GdEZ1NXNUdXRKaUZrMGpvV01kMHRxbk5TQ0N0Q3RR?oc=5,Red_Sea_Gulf_Aden,google_rss,Red_Sea_Gulf_Aden
Two years of the Ukraine conflict: ‘This war should never have started’ - UN News,2024-02-21 08:00:00+00:00,UN News,news.google.com,https://news.google.com/rss/articles/CBMiXEFVX3lxTE56ZEMzRjQwVmFpXzNWeTRoRTZrSWh4SlVIUmIyMzk3Q2k5cWtpdWJVeV85YUV0N3NBLVRYR3lISTZHR2FXSTFFamRLZDR2RzBIa015MVZ2OER0MVcy?oc=5,Black_Sea_Ukraine,google_rss,Black_Sea_Ukraine
Red Sea on edge: Houthi attacks disrupt vital shipping routes - Universidad de Navarra,2024-02-16 02:33:20+00:00,Universidad de Navarra,news.google.com,https://news.google.com/rss/articles/CBMiogFBVV95cUxQUFY2UnFEbDUwZ0hYY084TEhyYWppU2Z3QXI2QnFmcVY1dmdlLUNITFJoX08zZV9BVGtfQVg1TEJDVndISlVzRzlILURJNXJmTlQ1Nl96WXBZLU0yc1M1dVRVamlmWWYzdFBRNjc5VHpGZm53dk43bFExVXdPRWxDZlBlUnk0dlliNG42MThpOUFsQ2FlWTFRT3FpUUVoWGVCSmc?oc=5,Red_Sea_Gulf_Aden,google_rss,Red_Sea_Gulf_Aden
"Russia's Black Sea Fleet in the ""Special Military Operation"" in Ukraine - Foreign Policy Research Institute",2024-02-07 08:00:00+00:00,Foreign Policy Research Institute,news.google.com,https://news.google.com/rss/articles/CBMiqgFBVV95cUxNVjltYjNBVUVZUUtuSmlZMUVucE9yTjdOODZjSzhJOW52Mk52bzRBTE1vUEQ2UG9SenBWR29ERE9FMUR4NVhBZDgtZWEyV1Z4YjhjNWRheGM4akQ2TVBQQjJRVE5OaTlvM3lscmdULXZwV013X1hsSDFxY280ZEJiZm5fRzUtT0Z2UWlsSm1wWmZwLUVLcGp0V0ZNQmNOWWNBeVItRFd0d1Nudw?oc=5,Black_Sea_Ukraine,google_rss,Black_Sea_Ukraine
Artillery can win or lose the war for Ukraine - Sandboxx,2024-01-22 08:00:00+00:00,Sandboxx,news.google.com,https://news.google.com/rss/articles/CBMigAFBVV95cUxPbjFMUzZKNjFlNFQ0WHphLThIQVk1Q0VGRk1pZzV5VGZYVTNicE52N25NRnBEWU1ocXA2R2tOYjhCX3FSa3I1ZkYxaXp5d0IyV1RSaW1xSkdqT3FpckpvRElzcmtuRVk2dHV3SnNoT1hiWlNreF9jX0VpV01jZnZ6Qw?oc=5,Black_Sea_Ukraine,google_rss,Black_Sea_Ukraine
The Global Economic Consequences of the Attacks on Red Sea Shipping Lanes - CSIS | Center for Strategic and International Studies,2024-01-22 08:00:00+00:00,CSIS | Center for Strategic and International Studies,news.google.com,https://news.google.com/rss/articles/CBMikwFBVV95cUxNSEtIODg0aFBsR2tINkY4cmlnWTBWUlNGcEkyWUdzdk5Kb0E1R2pXa3lXRi05RHZGUlBEUHhOVTJpQk5LUjc2a29YckhEdUZhOWNFRVFSdUtCYnZsdjJ0TGVxNWhod0N3OUVuN2hFNExwc3ZRMFFRbTVma2w0Q2tfYlZaUUJYSllJOWNRRUpTMTlKcG8?oc=5,Red_Sea_Gulf_Aden,google_rss,Red_Sea_Gulf_Aden
Strike on busy market kills at least 27 in Russian-held Donetsk - War in Ukraine - World - Ahram Online,2024-01-21 08:00:00+00:00,Ahram Online,news.google.com,https://news.google.com/rss/articles/CBMiWEFVX3lxTE81U3FWd3FzRkRXX09lRDBFcE9qcmpraUFtNjRXZ3NtTjV6UGVpa0lPVnl3SlBrOEFXQ0NFMU1YS3cxLUZDSHZteGtLanBtaktuT1ZnblJwWU0?oc=5,Black_Sea_Ukraine,google_rss,Black_Sea_Ukraine
"Strike On Market In Russian-Occupied Donetsk Kills 27, Local Official Says - Radio Free Europe/Radio Liberty",2024-01-21 08:00:00+00:00,Radio Free Europe/Radio Liberty,news.google.com,https://news.google.com/rss/articles/CBMikwFBVV95cUxQb0ZGWmdQekJNdE1kQVhqeTVmdGQyZDRTQ0RUR2kzSFdFUkZQamxLODFtd3V6aXNsRnBKSFVaeDkwWkFLTVpneFhCOW0tS29uU29USl9VS0JTQXE3WTNUUklOZTdBdEl6dTV0Yno2anh2OUJvNGJVenhFQUluSk9RTzlVaV9xVDhROFZlVklhOVl6QzDSAZYBQVVfeXFMTXA3Z0tWSmFiUWZadW9GR1hzNzlScFJTTklxTllKR1E2bnV6WHd5Zl91bTIxQVhOUzdXS0V3RmVXdnhySDJUdno2SnhqWkhFRkdfZGhJb2x6ektiQWlJTkdpc1hnY2I0MGhBRlhoLXJCU19BSEI4azQwQy1Fa3UzNGFlV1I5M1RrcXFHXzBIakZGcDhHSDdR?oc=5,Black_Sea_Ukraine,google_rss,Black_Sea_Ukraine
Saudi Arabia has most to lose if US strikes go sideways - Responsible Statecraft,2024-01-18 08:00:00+00:00,Responsible Statecraft,news.google.com,https://news.google.com/rss/articles/CBMiakFVX3lxTE1KU3huS05RMUoyMkRGNE1ucWJXUjEwSGpCbzZmLV9XeVVXSzB3WDB1TVRMelZUSkQ5MENVWGRLQmVYcnVsSXlYVldqaEtPZEZvdmZZTFFBVVFGdHIzYzk3c2hBaW81N1N3bkE?oc=5,Red_Sea_Gulf_Aden,google_rss,Red_Sea_Gulf_Aden
"US, UK forces can no longer pass through Bab el-Mandeb Strait - Mehr News Agency",2024-01-16 08:00:00+00:00,Mehr News Agency,news.google.com,https://news.google.com/rss/articles/CBMinAFBVV95cUxNRjkyY3BwZjlSaXdiYVdVcXBneUdWdlNTMkdvcTRsamp2ZnNZYlk3QzBIc0VJMFNLNkNPOXJXT2lLNUpsMnJYb2pmX1ZGcktlLW1OLXg3RzhXZExfYUMtNldxS2IwNUhpMEdlN1UtamVfSVZ0TjVIOXRjcnpVRnp2M19IbFd6dEx1NFdwOXBwWVRtN2hIc0hxM2hhWWI?oc=5,Red_Sea_Gulf_Aden,google_rss,Red_Sea_Gulf_Aden
"UK takes centre stage in Red Sea action, targeting Yemen’s Houthis - Al Jazeera",2024-01-16 08:00:00+00:00,Al Jazeera,news.google.com,https://news.google.com/rss/articles/CBMijgFBVV95cUxOVUtfa0R3aFJVOEQtNXA4SGI2QWJ1R1cxLTlIdGFuRjBfQUNVRGpWWVdiemp0THRqT0sycG1aai1zZkpYWFlyU0U0WlhWcTJxNUJua2p2LTBSVE5tUExaU0ZUT3d3ZFE2ZTV4c2RyeWlYQ19WUktJdkhhelQya2Y5WWctQW42RFh4MFhfUTl30gGTAUFVX3lxTE1pU0I5SWVESENoVG1sVTJxX1hEdWJoMXJ3ZGt3ai13NTUzTldKVHlYalZRTUV6VHdDTlUwWmQyRjRTOVFxVlQ3LVB5MGpXZFZiX0ZZTTdvOHN6NTZobkFMSXFZQXhCaGlGZGpwaS1rRWNjVm9Ld2JkZE8zbC1UYXdCdVNSbGJOYWgxNDQyLXNNNi1JOA?oc=5,Red_Sea_Gulf_Aden,google_rss,Red_Sea_Gulf_Aden
Why the 'Bab el Mandeb' plays an outsized role in human history - National Geographic,2024-01-12 08:00:00+00:00,National Geographic,news.google.com,https://news.google.com/rss/articles/CBMiqgFBVV95cUxQNEVxUFJzMWxKczFFOWRvclduSDRuNDdvUVlvZ1FTN0pJaFFWOWpBaHJSX2FJTzVLUHV1Y3l0dklUSFZSOGwxaFRLbnh1NWRUakwzd1pudzhSNXNwQmU2T3QwRDJuQl9KWnMzWklvMHlESEc4bzZuWXVLM1lRcFFzUUZBWnRZZ3N0YlI4bVlpQ29qUTRfNy12bzd6US12ZmN6ZHlkQjBwTnZlUQ?oc=5,Red_Sea_Gulf_Aden,google_rss,Red_Sea_Gulf_Aden
How Houthi Attacks in the Red Sea Threaten Global Shipping - Council on Foreign Relations,2024-01-12 08:00:00+00:00,Council on Foreign Relations,news.google.com,https://news.google.com/rss/articles/CBMihwFBVV95cUxPUkV3RjBlY3M4bndhalF4QWFqT3pCb2VMMGctalczVW05UGs2Yy14MXhCUXB2cjJ1UkQ5V0dDVThYT0hXb1ZUa054XzZEcjFwQ1FnM19RVV8xM3l0U3NyU1UtSHNTZ29QNkFFWnczWXNNTlhDRkY2a2pUUDB4WHNxbkhjZS1QZms?oc=5,Red_Sea_Gulf_Aden,google_rss,Red_Sea_Gulf_Aden
Security Council strongly condemns Houthi attacks on Red Sea shipping - UN News,2024-01-10 08:00:00+00:00,UN News,news.google.com,https://news.google.com/rss/articles/CBMiV0FVX3lxTE9JLUlBeWlWZ3BPY3Mta0dHNjVSYlNkSC1iV2tjUmFiLW5va2pPNHR2bG1yLXpHUDEtQkdONjBfNGQyS3o4MzV0dmY3QjEycUFuTnZxVDlsMA?oc=5,Red_Sea_Gulf_Aden,google_rss,Red_Sea_Gulf_Aden
Red Sea Shipping Crisis: What’s at Stake? - Geopolitical Monitor,2024-01-08 08:00:00+00:00,Geopolitical Monitor,news.google.com,https://news.google.com/rss/articles/CBMiqAFBVV95cUxOVnV2d3BFYndPeHRRUVRXZWFrZGtXZ0c5TFZpWnRZNU4yaUFtVzZfSGR6WXgwaDlyckhjc3ltWXZ4cC16Q1h5SWZULWQweE91N2JyRUNNUXNFcnhxVWFlYXpDMkZ4NU5rWWw5ZklLWnpGUHdLb042eUwyLTBlWF94LWliajBGVDQ3RERqZmg0ZWNKdXdDRnZrTEpHMFVEUjRoLTVKODBhT1E?oc=5,Red_Sea_Gulf_Aden,google_rss,Red_Sea_Gulf_Aden
Houthi Operations in the Red Sea and LOAC? - Lieber Institute West Point,2024-01-08 08:00:00+00:00,Lieber Institute West Point,news.google.com,https://news.google.com/rss/articles/CBMibEFVX3lxTE9kNGVnMno0Tnh1ZU9zTzFNa3gzMmhvbTVOYkNMVzh5dDBxZzlCczFLcnRZcnpkNGF6N1N0MC1kcGwtbHFMVDdQWUF3cTZkVTFZYnE5NEphZFhONm5Mc0JKbkFGS1k4bFI0QXR0Wg?oc=5,Red_Sea_Gulf_Aden,google_rss,Red_Sea_Gulf_Aden
Q&A: Why Are Yemen’s Houthis Attacking Ships in the Red Sea? - ACLED,2024-01-05 08:00:00+00:00,ACLED,news.google.com,https://news.google.com/rss/articles/CBMif0FVX3lxTFA1T2sxcEU0bVA1Vkw3a0ZaQlBUZUlBeFhKRVotSzVDRWNCdkhyNnlYbnE0LWx1WXJNaGJjU0pVYWZSUjhkdVVPLTNiWkpYb3dkQVVTRFBuOFgxQ28tNGRWdkFONmJVMllHQ1lKX2ctVDA1aFJsalFOb3doTjFlSVk?oc=5,Red_Sea_Gulf_Aden,google_rss,Red_Sea_Gulf_Aden
13 countries threaten Houthis with military response if attacks against shipping continue - Long War Journal,2024-01-03 08:00:00+00:00,Long War Journal,news.google.com,https://news.google.com/rss/articles/CBMi2AFBVV95cUxPQlZCZFRVM3pzNGJkWk8xVXl0Z2dsQ09aNDJpVDQxbzRZWURhenpTYlc0OU9nZ09aek5pQ1VVQXVlUkhEVW5melRjajVCVzcxbXR5ZFMyZlViVDVGR0QzTG9PTE9iR1Fyd0duczV2NW0wdUZvbml2elVjVWpQSVJRYlJzeGJlYVd6NTBEWEdYb3FNTlZQaVBHdXdIbWdpa1lXaThfbXJwNFhabmFjODdVcmJ5M3BoZ3JJN0tiTzdwbnNmWlNtbVRBbFVxb29hMUdxUkpyWF9wUlc?oc=5,Red_Sea_Gulf_Aden,google_rss,Red_Sea_Gulf_Aden
Russia-Ukraine war - Frontline update as of December 28 - RBC-Ukraine,2023-12-28 08:00:00+00:00,RBC-Ukraine,news.google.com,https://news.google.com/rss/articles/CBMikwFBVV95cUxNRFdrRXJPWFdPUFAwSlpMazFfYlhSWC1jR2x5bVBzQmF4SGxKa0d6bHViVm9POWlrTW1GRHBsODB6RTFlNWgzekdyNTNrU0Q0enBfZm5Dd1d1b05LYWJveGxyb29McGx0WjN5Z2l2cHdybW9jY1hMVUFOZWk3MUFaOTc2YlR6Mzd2SmU2anV1dXQ5Qkk?oc=5,Black_Sea_Ukraine,google_rss,Black_Sea_Ukraine
Houthi attacks and U.S. strikes add to concerns of broader conflict in the Middle East - CNBC,2023-12-27 08:00:00+00:00,CNBC,news.google.com,https://news.google.com/rss/articles/CBMipAFBVV95cUxPX05QNVVkUlVmTllaTVBWTjA2cWdSY1RPWWJLX3Q2ZHZuNGZudkZlVWRtMUd6MXJvM3FWMXktVU5DQU9WQ0JwcE9FWFA4TTAxaTlmeUlrYThaVnZpbXYtYVAzQmFVV0ZoemFnRi14V0JpSGZITnRTZFhQMVozMS1hN1NPQWUwNUQzcGJmeDNxcS1wV3RPTkRWM2REaWk4MkdKRWNMcdIBqgFBVV95cUxNZWo0Uy1MWnZvS2Nxc0xCVTRDcTgxZ3JMMjFNOWlkQkFya2JEOTVXelJOWXV1VmFjNjM3NDF6WE9vSVc1T3lDVTFLZWc1cEFzcHBvcTFMa1RGUFE5SllfVmNDZXBYS0xiUUttV3RQSUpPNV9BQlRLajh4V25fU3FkWWR1MkVlc1ZhaENYemU3V0Zfajl5MHRkeTYzT296cnQ4Z3FXNVlSNlJhUQ?oc=5,Red_Sea_Gulf_Aden,google_rss,Red_Sea_Gulf_Aden
What’s behind the attacks on ships in the Red Sea - Atlantic Council,2023-12-20 08:00:00+00:00,Atlantic Council,news.google.com,https://news.google.com/rss/articles/CBMipgFBVV95cUxNakZWVHJybWRjamhxOFNpSGVoOWgyRVZXQVFLcmNjNUgtM0k4MkRjbEh2VWY3dU9GQWdQLURyVkFYT2w1dFFueDY5MTlNRTdkX1d6T3p3WHZZOGFUcVEyajIzME84R1kwLWYxRjVyNnh1OTdDX0RyMnhkZVpRWUV1cEo3Y0hrMTQ1V25pMFltMUxyOTZ6RTk3WUsySVFSOGd0bTNXZ0RR?oc=5,Red_Sea_Gulf_Aden,google_rss,Red_Sea_Gulf_Aden
Russian drones hit Black Sea coast while Ukraine targets air base in Russia - PBS,2023-12-17 08:00:00+00:00,PBS,news.google.com,https://news.google.com/rss/articles/CBMirwFBVV95cUxNZWZJLVJaQmxzOUxsTU9RLUswNEJiRExsaXRRcVNOM1o0NkF1eG8zOU0yS0dESkVYYkh3YWlETVJiVFRaaUt5aHo2M0p2YmpCUHgyZEJGdk5aZm9vblk0OGx4NVpIQV91WkhtbmZ0d0pFMEJ5Uk5CVGI0V29MaEYwdHBNQXdwekhiOVp1RDRrVkppd3dCWUZUMzNkSmt6OVpSa3dCWU1rWXlEX1JINDk00gG0AUFVX3lxTE9lV25LdzFLMFNuU0Q5eDVFZDJ3dXdRamg1M184czBHQkp6cllTdHNnRTk4U0U0M3hXY2hEaWdIbUhUczZybUR2bXFwZktSeEdjMVM2SnZBTUN4QWwxaFFpR0pLLV9qQmpMZTVmT3hEVzVrM0ttOXNWb0FaYnlYZTFoTlZ3THNFSF9VaFkxREo1OWZqZFQwTXRkaHk4MGJmWjcySnBkNWt4TFRrQU40T3phUlJwbg?oc=5,Black_Sea_Ukraine,google_rss,Black_Sea_Ukraine
Israel/OPT: US-made munitions killed 43 civilians in two documented Israeli air strikes in Gaza – new investigation - Amnesty International,2023-12-05 08:00:00+00:00,Amnesty International,news.google.com,https://news.google.com/rss/articles/CBMi8gFBVV95cUxQeFZRX1o2aTVCZ1Y1dTE4WkZpdDBuVTR4VnBvVVZuZEw2Zk1Ncl9CQXFBYWxoN3RDLUZ0cWNHeEFYWkxYTGlSdDA3LVBTb09uWEp0WnpfcDFHcloxZlkwQzhoUnRsNUplNzRuZmRXSFBRNFg4YTlwVXBKRTZIenZzTHlxY0QwLUV1MElIOE43UDZ6UHh2bERIb3dIUVhTYVJxTFRmZ0tmSkRCZ1ZPeW1uN0xHbWNIRmFxX0JaMmdXN2ZyTkdnbjVRTU5rVUk2WFVYRjdIdjYzUDJsdFNwZm50S1BqZWhQNzM1dUNtQVNmVDQ4Zw?oc=5,Levant_EastMed,google_rss,Levant_EastMed
"After Houthi attacks in the Red Sea, fears of a wider Middle East conflict grow - NPR",2023-12-05 08:00:00+00:00,NPR,news.google.com,https://news.google.com/rss/articles/CBMipgFBVV95cUxPWXcxVUhHb0lSU1E5OE1RQ0dHNWhONUpiYWFJVVNnZXRQVEJPMmNTTWx5dEp5U25yRTVwQVVOZlR1cG9XSmM3ajB1eHlCUElCd2tBbEp1ejdmQzZqU29iTENha0wtUUhtaXVJamdZLUFpamlxVnpQekQyYkFfSmFTUDliQjN0NDEwWkVWQ2NDUm4tTUVmWUFKWXh4R2dpS19YZGN6Sld3?oc=5,Red_Sea_Gulf_Aden,google_rss,Red_Sea_Gulf_Aden
‘A mass assassination factory’: Inside Israel’s calculated bombing of Gaza - +972 Magazine,2023-11-30 08:00:00+00:00,+972 Magazine,news.google.com,https://news.google.com/rss/articles/CBMiiAFBVV95cUxOS3R6dU9ueDhuNFFwNU9mUXZ3YTJ0YkZkOXBtcWEybks1dl9CLW5hV05aOWVNNW9FbE1Bd216OVEwRVcySXo1RktPOC1TaEZjcnNLZGFrWVhEdFdfRTVrdGVGaDMxWEpWcFE3dVN1VDRzM09FQ3B1NndLdzJiTDNWUkoyMlJnZUlS?oc=5,Levant_EastMed,google_rss,Levant_EastMed
"Syria says Israel hit Damascus, Aleppo airports again amid Gaza bombing - Al Jazeera",2023-10-22 07:00:00+00:00,Al Jazeera,news.google.com,https://news.google.com/rss/articles/CBMisgFBVV95cUxOUlgwRlFDdTlfZzRiaTc2R2RBczZIX3J0YVFHMkhaam8xbm9iSkF0dHY4Z21sOW5TT052dHVfX3pLRXBMNUxHR2l2enlmcXdxeUp0MnRmbG5LSXNkUGdrbXVqdG5jaFpxWU9BV2N6d3BsRjN4MGFWbVR2LU1lekRVdjNSaVVEWjk5VV9ZRWtuc0xfdjN1aTlPc0FOOC1YWHRsMmpUZjBGUldJOXNjcDNoUHFB0gG3AUFVX3lxTE41Z1Q3bVN4NS1HLTA1OG1ZR3JIcWdhVU1MWXdYMW5uQ2kzb3JHUFVaOF8yYW14ejRVT1Bubm1QUXI2MDE5bGpEQ2VOb3dVOW03LW93N1JSLUQ1ME1FNWdWbHotRmJVa0lOblAyenlkOVpFdUNNVUFMeTRxeU9jdUN6dHhpc3FjX2NCUFlTS3JTSHBuQmZyaTV0aWZoNjJZVV9iZkEyUVo3M1ZsQWtEZmZsQU5mb3VQOA?oc=5,Levant_EastMed,google_rss,Levant_EastMed
Damning evidence of war crimes as Israeli attacks wipe out entire families in Gaza - Amnesty International,2023-10-20 07:00:00+00:00,Amnesty International,news.google.com,https://news.google.com/rss/articles/CBMiygFBVV95cUxNRmNGVlJVeUJiWmcxbzBjWVVWdlRmSXl6ZEN3Y1pqb2llMFdrRjNYZDVmZ3lBdTk0aU01TGR3cTh3ZDBLMHdjbUdzazFsdU0ycE95bUw4bDMzYUd0NHJZUDlUX1RIM2lnWVVZZ3hCZXd3Vkcwb1ktVFlXX080NFR3TkNUaEc1cUtETGR4SFAxNUNwclZ3RzRTOHhPWHVoN0ZqY3ZBZzNBTmhINnBjU2laTHROdS1JSC1OblZjTFkxdV9Ec1BUdU43aGNB?oc=5,Levant_EastMed,google_rss,Levant_EastMed
Black Sea Drone War: How a Country with No Warships Has Russia’s Navy on the Run - Inside Unmanned Systems,2023-10-19 07:00:00+00:00,Inside Unmanned Systems,news.google.com,https://news.google.com/rss/articles/CBMiswFBVV95cUxQdXBqM0EySE5jS0FWSHVXd0FWVXhpYTBxclVsMFZqVHBvSXdJOWNleUlQTVA5eDFMNkhQTy13ZUJ6dWZILTBTQUlPUUNEVS11SGgzQ3FyQjdlVUlUNlloM1YteFcwVWY0YWNWMkR2cUlaMHF4VlFEU1dva284a29PWDJoRmZkWmNWb0dreXdMV1BHTnkwXzlpNVFQanJEckVIbFJkeVp6RjR3bEdHbjNucVIwUQ?oc=5,Black_Sea_Ukraine,google_rss,Black_Sea_Ukraine
"Russia says 19 Ukrainian drones downed over Crimea, Black Sea, and regions - Al Jazeera",2023-09-21 07:00:00+00:00,Al Jazeera,news.google.com,https://news.google.com/rss/articles/CBMisgFBVV95cUxNTV9jdE1iZXVPUDRZTlpUX1RoRVI0SExTTXViUkNtYmFWMEp2Z3k3SnAtalpBN0s4d2QtaXJfZXNVMm9VZHhYNks1VmVYeGlvME5fVE00U0dVVFp2ZlBEN3kydnNMYVJqZVh2MWtJOV9rTzJNdTBTaTFLc05manpKeU9uYUY4X3ZVOTM3WGx4cDlIdmtmQ1NCbTYwSkFoTm5kRndYMm0wOExVeEtKd0xMb1R30gG3AUFVX3lxTE1qcmJ1S0tuS2lrX2ZHS2Q1UnQ2RHRidUtvM3ZOMDljWFI1UV9iUWtCNEtXc0RCRE9mUlEzajRTb1JzVW56NS1CTXpuTmg0NHNnVEpFQi1YVkI3WUNuMjJuWTBmUFpsYlM3Qmk4V29nQVlSYnluaXFIY1VTOC13X0lYRDdIM3JsYVFVS3JicTVIMXV1WWp4QkJaUFlaLXdPbzZZYkx5SEU2Y193X01qVXI3VWplSzRRYw?oc=5,Black_Sea_Ukraine,google_rss,Black_Sea_Ukraine
Russia-Ukraine war: Situation on the front as of September 9 - RBC-Ukraine,2023-09-09 07:00:00+00:00,RBC-Ukraine,news.google.com,https://news.google.com/rss/articles/CBMikwFBVV95cUxPeUZPZndFczY2dnF0cjVCTkNHMlAzUEJQWHdRa2M4cGNad25Ybjk2WDBqTXBUclV3bG11TllkNU9FaWZrNVpidTZ6bllkNEZlWDhqLXhWeVNCazhNdjktcmZ1dktpOTdQSVdaZ055RkZMUDl6NHZjd1MwQTdJS0pzZVE4and6Wk9ZZ1R3OU16c1UyeTg?oc=5,Black_Sea_Ukraine,google_rss,Black_Sea_Ukraine
Elon Musk Refused to Enable Ukraine Drone Attack on Russian Fleet (Published 2023) - The New York Times,2023-09-08 07:00:00+00:00,The New York Times,news.google.com,https://news.google.com/rss/articles/CBMijwFBVV95cUxOSDM3U1FwN21qcm9DWDNQU2VWTHBWRGlmSWFrS0g3a3RPajBxOFNtbFFRV1dBZ2E4ZDFOdEhCanVaMi1LQ1RXeEpGamxmV0tnWHRhbzVVQTc0N0xNODd6RVFQRFhCZmlENW51NUlZSi0ydm8zUWdyVWlZZXhvN0ZqTXE5WWgtUTV3WVJqM09vYw?oc=5,Black_Sea_Ukraine,google_rss,Black_Sea_Ukraine
Miratorg pig farm sustains artillery strike - Pig Progress,2023-09-01 07:00:00+00:00,Pig Progress,news.google.com,https://news.google.com/rss/articles/CBMi0wFBVV95cUxONFJvWkFUb1M1VUxGWmZYd0FhMWlyTjFUcVN0R3NiNG0zWC1IWXZJUzhFdEZ0Y3YxdzJFMXladklBRm9mS1NQYU5Vc0swMUV2b1A4aTd3NEVCQW9KSWpNNEg1d1paS0R6MFZEOXRFYThqbjhnR1IxNXFzWUk5SllFV3E2dVNWSWN4QXZmSXpIazdoVHZMZTZvWW1ubDVveXEyX0lzdWlQVEtOT1gtTFdqZ0toTmR5TWw2SGlFcVEyVFV5dUU2bnBTTG1fV3VOTHdMd09B?oc=5,Black_Sea_Ukraine,google_rss,Black_Sea_Ukraine
Ukraine strikes back against Russia as world’s first drone war escalates - Atlantic Council,2023-08-15 07:00:00+00:00,Atlantic Council,news.google.com,https://news.google.com/rss/articles/CBMiwAFBVV95cUxQaEVKMkdfU3FCLWxNZFNlb3VNZjBFVV9OcWktckJ1dXBabUdGMFYxbF9CemtOZGYyR3pPVEJjVV83YkNhS01BOXlGVVh0NFFNVmZ1S3pPaUxxVEZSMlZFVmdaVjQxZFYtMUlWX2w5d1RJN1IwTDlKU1llek5MVVlER2tuM1dZdWlHUlp6LUh2el91QmFGWGxfdFhqbHBXRDdjVUlNZElCTkhGVWdIdjluUm5XVlVNbVVQZzFwZnQ0dlU?oc=5,Black_Sea_Ukraine,google_rss,Black_Sea_Ukraine
Russia-Ukraine war - Frontline update as of August 9 - RBC-Ukraine,2023-08-09 07:00:00+00:00,RBC-Ukraine,news.google.com,https://news.google.com/rss/articles/CBMikwFBVV95cUxQcXVHYU1LVzgwaEVCajNMQ3RDUXFROTFrV00wcmF6cjc4WFJJSXNOYmFaMHhaMF9vMVliUW1sTWsxNFczX1VTdVh0aGoxOEtNNU5aWWFJZWV1bVUzaTlfVXN2NjBLWkZYbDR3LXhPMmhRcE5HSm0zRW0yTllzSWdoNXl1Ykc0MWx3WTEtbnpEdXBJakk?oc=5,Black_Sea_Ukraine,google_rss,Black_Sea_Ukraine
Russia-Ukraine war- Frontline update as of July 31 - RBC-Ukraine,2023-07-31 07:00:00+00:00,RBC-Ukraine,news.google.com,https://news.google.com/rss/articles/CBMikwFBVV95cUxPcTZHSlpWR2x1Q19Xa0x4bFdhWF9TSXY1NzNpT1JfQl8wbUg3NEtZazU4V3dwTDJpMHNkZDVEc21YUXFnTEg5aS1iYk5BZC1tem16bks1cEYyQzhXajM3RElUSXFkSENxWm1BMFVsS256YmlvTjl0OXNFZUlZVm03LWFPQU9VYXJSN05qR2ZFcjc1MDg?oc=5,Black_Sea_Ukraine,google_rss,Black_Sea_Ukraine
Russia-Ukraine war - frontline update as of July 28 - RBC-Ukraine,2023-07-28 07:00:00+00:00,RBC-Ukraine,news.google.com,https://news.google.com/rss/articles/CBMikwFBVV95cUxQSWpKVHZ4LXYzRkxFNEVjMFNxSVZ5Ym9lUDZXVWQ0LUxaS1phSmFFcGVjVkJtY0xydjRad3prX2k3RkFhUHlsWUwtMFZyeGhMb3pnT2YxX0F2RUNTaExBQnVOREo3MnFHTl9Ba3ZIa2NXU0NvTm1LU0RDZlRPajVWTVcyaHlmZUdHUEp0bXE1N19RbEE?oc=5,Black_Sea_Ukraine,google_rss,Black_Sea_Ukraine
Ukraine Under Attack: Documenting the Russian Invasion - The New York Times,2023-07-24 07:00:00+00:00,The New York Times,news.google.com,https://news.google.com/rss/articles/CBMib0FVX3lxTFByMmxnRG15Ym1FY0NSQVZ4Z0lUMk1xSXBNQmxoX0lFbVZjaEFjOWd2LUs0N0xZZS1Fdm5mWHdBU2M1dUdYdmd1aXNOV0NoYW9JSlNXY2FCVVp6bmhuY2VMV1lQcDBGVFJCdXQ1VC1tYw?oc=5,Black_Sea_Ukraine,google_rss,Black_Sea_Ukraine
Russia-Ukraine war: frontline update as of July 21 - RBC-Ukraine,2023-07-21 07:00:00+00:00,RBC-Ukraine,news.google.com,https://news.google.com/rss/articles/CBMikwFBVV95cUxOUVNoeGtqaDJqTko2U3pReEJvN1ROVXFtTVFfOHlvQVpCSTJJZDV2YjBnUmhtZjFZVENIV1pSM2cyUHdac1FOaDVJRHFkZzhRUl9YV2tWU21GSzAwdlI3WmlpMGpDWW9BQ1FVa0tOSld3RFQzUklNVTVrQVFDUVhrTFlpdWtJNzZVMnMzNW1zbXdKMnM?oc=5,Black_Sea_Ukraine,google_rss,Black_Sea_Ukraine
Why China Is Emerging as a Main Promoter of Stability in the Strait of Hormuz - Carnegie Endowment for International Peace,2023-05-24 07:00:00+00:00,Carnegie Endowment for International Peace,news.google.com,https://news.google.com/rss/articles/CBMiwgFBVV95cUxOOGlMZmIzWldMT3I0bkJUa0tzU0hpZzFreGNYUlkwd3lnUnNmMXdRZkVVSTVIQ3I0UUFyeFJtdTR0cGlfTkVVcVdkYmlfcEU2c2ZoejFnWXJSZ2tFNEw3UHhRUnZoMGRJM2VYOHFtelZRTjMzdkVJdUtqNGJBekpEb3RLa0h1R0taQU1Cb2xTbVNmNklrY194bWJ0ZTA5SkJDOElKNHZmaWtTSFhJZ0NKZjNocUU5elpQRDBxc25weS1fdw?oc=5,Persian_Gulf,google_rss,Persian_Gulf
Russia's Black Sea Fleet beefs up defences amid drone strikes -commander - Reuters,2023-05-12 07:00:00+00:00,Reuters,news.google.com,https://news.google.com/rss/articles/CBMiuwFBVV95cUxPdWV0ZWxDNjJvZmY0cS1temhMaE9mYnozM0dLb0RCbENXemhxZjdCczlta1dhYjBMR1pRd29IaFpkeThhWnh3REdVLWJlU09zLU9sLWxyQkR2RGFmMUg0UUREdFp3bzdUY1lWa25NQUZhTllBLXcyWUdLVDNxM3R3NURkOUowcjZLbWJsX0pxcjFBRlZ4d3ZnN0hKZUUwYU1veGgwSHI0amVzUEdrMG9RbTVVbjdTc21SeGdr?oc=5,Black_Sea_Ukraine,google_rss,Black_Sea_Ukraine
Live blog: Several civilians killed in Ukraine shelling attacks - Russia - TRT World,2023-04-06 07:00:00+00:00,TRT World,news.google.com,https://news.google.com/rss/articles/CBMiU0FVX3lxTE5ZWTkwVFdhaG04U082cVRPOHRiX3JJSXJxTS1aeTBmd3BrdDZESFh2TGNEX1c3bXV6clVFaGM3TEsxWFJXdkNWbm5DaFBoWXVoLWpR?oc=5,Black_Sea_Ukraine,google_rss,Black_Sea_Ukraine
"""Shell hunger"" over: russian army doubles air and artillery strikes on Bakhmut – Ukraine's armed forces - Rubryka",2023-04-04 07:00:00+00:00,Rubryka,news.google.com,https://news.google.com/rss/articles/CBMiyAFBVV95cUxNTFFzaDF0M2RjZl9LVmNsaFFjYkl2ZjdkOE5XMDVlbWxDbm8xZUtxdzVCVjZ2eWNOTFlrRE1kVE9aMWJERFh4WWdfa24zbmdXcXJvTEIwRmRzLUlPMGc4ZTl6N21wOExZMkxZN0t4OUk4WGp6cVc4MDlBRmhsWmZqTExxUy1FUXhKTy1DUjNxeDhTZkhBRGVRUlp3WTRaNm9jX21wd1JjS3M2bUFjREJIUkVQMU80ZnlleW85YXNvbmRfdWZXV2JiOQ?oc=5,Black_Sea_Ukraine,google_rss,Black_Sea_Ukraine
"Ukrainian civilians killed as Russian artillery strikes hit apartment building, dormitories - PBS",2023-03-22 07:00:00+00:00,PBS,news.google.com,https://news.google.com/rss/articles/CBMiwwFBVV95cUxOU29hT09MX1k1bHRsVWZleFE4b1hvQnhCaW9lRHdqZUR2bFBxRXZ4NlZ5SHlaT1lRY3Nxb0xsYVZxWnJPT0M2eGhmZUVLbXozbGNSZUFMOXE0NjVkYUNzUTJvYXd0aFRhOWRiTVBGdEdJUThxSkVPOWx6VEdmOFg4S3c0Q2JVS2JGcVVPbnFhZS1DcFNSWWl3LWp2a1dHcUVUb1RfNDBrOTQ5YmJ0eWNGcWdjdXE4bkxmUTBrc0lxc3kyUDTSAcgBQVVfeXFMUFRfNk9oQ3dqNDZ2ZWxlNC1qbW9zZTVxeUNQR1NKa0tyb3lEU2o5NVlVMWdDaXhmU2UtaG02T1hRTUZCZy1TcWI1NWs2eFI4ajcyVDZRM21rWndlSWdjZHl4akM1Z0pLNnZycXdsdFlrQVYwLXhzSkVzVDEwUnA1Y3VQdVZhNVhYU1JUZExkUHdubVRXZ3o1M0xZcXJrSC00dkVKNDVjVmJRSGxBUkFEbEFXdDBjdWZhMXFiSGpwVTBEMFllTkhZeW8?oc=5,Black_Sea_Ukraine,google_rss,Black_Sea_Ukraine
"Drone strikes, sabotage, shelling: Russia’s war on Ukraine comes to Russia - The Washington Post",2023-03-20 07:00:00+00:00,The Washington Post,news.google.com,https://news.google.com/rss/articles/CBMifkFVX3lxTFBJZDV2RFVlem9ZUXhOd3FkNEFsbG9tYm5ScVlfU3d3aTQzZVcxSFdCVlEyc01wU3JKMnN5TG50cDZPQ05ycDhFNDZ2TDkyOW16MWt0NzM5bkJ3YTZQUWJsZ0FwUUNVYWFhdjFhMFBKTVBHdFBtaGQxdjVVN2hJZw?oc=5,Black_Sea_Ukraine,google_rss,Black_Sea_Ukraine
"War in Ukraine: One Year On, Nowhere Safe - ACLED",2023-03-01 08:00:00+00:00,ACLED,news.google.com,https://news.google.com/rss/articles/CBMib0FVX3lxTE12M0t1cmVvWFhCa0VWa1ZBVzkyRWpVWkNjOVYxeHBBTWxKUzJpWWs1a3JrZzVUZXRRQlNobUQ4SVlfb2xKcFczNHRvWkk1ZFA0U19Nek5ZbmsxSGE3MmtUbUR1UVVKY253b19rUy1Ibw?oc=5,Black_Sea_Ukraine,google_rss,Black_Sea_Ukraine
Deadly Russian Artillery Strikes Reported in Ukraine’s East and South (Published 2023) - The New York Times,2023-02-26 08:00:00+00:00,The New York Times,news.google.com,https://news.google.com/rss/articles/CBMigAFBVV95cUxPbTBTTFNBTHJ4MjBVSG1ZMk9FU21SZzNVbHRCUUlmQXRVWTNxQUYyaUNXelBSNjNvb1BPSTgzRDZjY3RTVFRRajc5eGpyaXZBWEUyeHItWWdscC16RUZMNzBjZzF1akdtQ3FGd2E0QVBnRnhTcjVNOC1hMFpJWEtRaQ?oc=5,Black_Sea_Ukraine,google_rss,Black_Sea_Ukraine
"In Northern Ukraine, a Different Sort of War Game (Published 2023) - The New York Times",2023-02-21 08:00:00+00:00,The New York Times,news.google.com,https://news.google.com/rss/articles/CBMijAFBVV95cUxNYk5CZUk4bkVqSU9QQkpzdG1iS3RQMkI1akZKSDA2eEs2cUxBZXhJaUJ1dW9jUE5YdkZoMlNMWGl2S2p0SF9VSmtSVjlLR2JmRnFmMFQyd1ZmczZGYTFramtyMEF6ZVpYc1VIdE5henl5QkY5aDd1bWdvc2RQVGtJdUUzcUR1bThPWm9lZA?oc=5,Black_Sea_Ukraine,google_rss,Black_Sea_Ukraine
"Five killed in Israeli air strikes on Syria’s capital, Damascus - Al Jazeera",2023-02-19 08:00:00+00:00,Al Jazeera,news.google.com,https://news.google.com/rss/articles/CBMilAFBVV95cUxNTUJGVWVpeTg4Yk5wOUxmckVOOHd1YTB4UFV5RDI3VWF3ZF9oTFdyY05sVWh5WDVMYUhNZ3kybDI0SklkaTVEbWJBeWljRVJiQmZ6TFJYUkR2c05xWTMwUkJKVkFaaUxFWlBFQ21LREVwdVdKVWl1TERpdm9pQU9reUNEYXl0MXNQeXExSm9nR05QOGZR0gGaAUFVX3lxTE1tU1BUb205dDJyTFFHLWdSeVNIWlFHRXAxTFZBaUMzLUFlNkFfVmloSjF3b0psQ3luUmpRSVRqRGZRN0F4bTZINGN4RDBVMmY4V0p4LTZ1d2Z6U0F0N203UDhJSnlhcDdNZ01MWm5PVGRWNEVYN0Q4cnZFcF9QT1o1QUlKdTlDdGo0YnhJZ05La3NKbC1HVUQ2dXc?oc=5,Levant_EastMed,google_rss,Levant_EastMed
Ukraine is crowdfunding a naval drone fleet to repeat its Black Sea success - Task & Purpose,2022-11-12 08:00:00+00:00,Task & Purpose,news.google.com,https://news.google.com/rss/articles/CBMiiAFBVV95cUxPTFNWQnhsNEVCNEpPRWNtSnQ5NHNFZ2JZQUFFalIyYUhMcWZZLVN1bmp0VVJTV09uMVlGTmFFTzZfN0lFdjR4ZGViZFA2OUVSX2tWNWlaMzF0a09TR3lTSlBiZXN0RnR4OHItVWw1UTFLTHZkcWk2T0ZucWpPVW05ejlqZVF4Mm5Y?oc=5,Black_Sea_Ukraine,google_rss,Black_Sea_Ukraine
Ukraine Launches Unprecedented Drone Attack on Russian Black Sea Fleet’s Sevastopol Headquarters - The Jamestown Foundation,2022-11-08 08:00:00+00:00,The Jamestown Foundation,news.google.com,https://news.google.com/rss/articles/CBMiugFBVV95cUxQWDhZRTZtSnRUN3A4ak9WaGxlbUo0eXZlSmlnTWlTakd1ekZtb1luUmE3bUVRQmFZNU1HU2NUbjQ5SGhJME5tSWFpcWdDNHRsSVBGaksyWEIwNlJFQzZqZXp5b0xzRnVMWGpNZURRbTBHSG5td2sxZXMxaU9vMG9SX2wwVU9GSEszbS0xQzZxVjZ2ZHRrOTd2ZU1QQ0ZzazVKTDhZRzZKT1NnMlpHQXNwOFNUMlZwZEQwTUE?oc=5,Black_Sea_Ukraine,google_rss,Black_Sea_Ukraine
Sea Drone Attack on Russian Fleet Puts Focus on Expanded Ukrainian Arms (Published 2022) - The New York Times,2022-10-31 07:00:00+00:00,The New York Times,news.google.com,https://news.google.com/rss/articles/CBMihgFBVV95cUxORkttMlU1RXJMeHpmeG15MFRVSmsxQTZQcGdKVEQ3elJ2UFRZOWNKcHBPS19kSUhxaGFWQTRib2FIZ09jYjBaRkR5Y0Y0bWFzcG5VY0RlYy1nTmsxTVhldHJHb25Wa1JhbE5rdDVFVmlDM0tJckNxdXh4WTB3X1Fvb2trNDl3QQ?oc=5,Black_Sea_Ukraine,google_rss,Black_Sea_Ukraine
Moscow Cancels Black Sea Grain Deal After Large-Scale Drone Attack on Russian Warships - USNI News,2022-10-31 07:00:00+00:00,USNI News,news.google.com,https://news.google.com/rss/articles/CBMiuwFBVV95cUxQOXlpUDIxOTRpMWFzRmdtZnd5QlBjZm1XUElHbDRrTF83QzhMSktBYVc5TmtTTWQxTlhudWI2S2JmN1F4U1JpWkU2bE1TSFVFSDVydzByNVVQY3lyekxTM0FuT2x2Zng2Z015RW9WdkJ4bkxBc0ZlWDIwOVUyMi1XT2ItY09Fam5qdVF2bnBpekRKaHBWQmZncFVsczgtWXFCVWk4ZXUwVGhkTWQwRVc3bGdId3ZvSTNNajFV?oc=5,Black_Sea_Ukraine,google_rss,Black_Sea_Ukraine
Coordinated Drone Attack Targets the Russian Black Sea Fleet at Sevastopol - Defense Update,2022-10-30 07:00:00+00:00,Defense Update,news.google.com,https://news.google.com/rss/articles/CBMitgFBVV95cUxQWDJVYWhpSkM2c0FCcUp4T21Kbm52dUdlak11c0hVRWZ3MHZGV3JaQWJVcUJPRUZkUThJZFo2akpZUDhQU2FIM2N5Y3FreU5tb1hmUXkyX05UWG9XdnJlcnNpX3hSeUdINnFGLXllcGYtTHlSTDc2aUtBNlVCQW95TUFkMnVNNkVrVk83U0o5d05kdjl5TEtLZVpxaHRIMWVhc241aXhoSzEwOTZxS3NEVnlBblJ6Zw?oc=5,Black_Sea_Ukraine,google_rss,Black_Sea_Ukraine
Russia seeks good news in eastern Ukraine with artillery strikes of Bakhmut - PBS,2022-10-28 07:00:00+00:00,PBS,news.google.com,https://news.google.com/rss/articles/CBMirwFBVV95cUxPQkctQm1rVEVmbENpaWlxY2FHUF9Ed01fMmVlTXdtcXdSNjdIeV9obVJQVjFjalVha3J1NUhya3Vuamt3YmRBWkcxdWdZR25PZ3N4LW93c1lPbjVwejZKQ3ZJTGFJRE50dGVYSkhQcFRaRUlrTnM5QmoyZU4zdk42dzNHT25NY2RZTm9NODYxZllLN1VNV1Y4UWR1LWV3M3BfLXR1a0gyaUlmcnYyZVRF0gG0AUFVX3lxTE4tWFNSRm9Wa3I1UlR1SHVyZ2U2VGdlR3hyMjdxQl9aQlh2NjBVRUNPTHRxdy1iRGE0ZTM0WnJfY25MakZtcm1zdGVyS2xsS2VIUXhpQjkySXFlTk5Ya1VhNUlQLWN6Nm9rdWloQlFxT3YxQTRyaVFJbWlaNnRUa3NIMXRHdjZRTFE5QnZva0kyUG1MSXdOcGMwdXJ1dHpUX3J2eHVjSFhRZlpkR01jSWc5THJDMw?oc=5,Black_Sea_Ukraine,google_rss,Black_Sea_Ukraine
Turkish Drone Strategy in the Black Sea Region and Beyond - The Jamestown Foundation,2022-10-12 07:00:00+00:00,The Jamestown Foundation,news.google.com,https://news.google.com/rss/articles/CBMihwFBVV95cUxPSHZwMTJUM19TejZRMVJyNDhMeWd2N3pJMGh0OWV0c1JBVmxFRU5SWkF1Qi1Yc1JMOWttTnZRN3RKOUtNUWlDQUM4d0ZGOEU3QWN1WWZ5QmVVVWZnV0pNS1ZoYXFKRGFYQkVLSERJT3h4My1ta3BLY29lSGN4UlVnRVQxd2oxV2s?oc=5,Black_Sea_Ukraine,google_rss,Black_Sea_Ukraine
"The US military needs a lot more artillery shells, rockets, and missiles for the next war - Task & Purpose",2022-09-05 07:00:00+00:00,Task & Purpose,news.google.com,https://news.google.com/rss/articles/CBMilwFBVV95cUxQSTdIRDRpQ0J4Q2U2UTBhcUNYNElLeGY4MFZRN1Qta2t2T1o0WE9xbzQwa21oYmNnU3JGc3VUYm5abHgtT0thdlNSbDN0eHdHVkllNnpZN2tWX2xPOVVmd19kTzh5MjUxXzVyNTBIemEwWWVTSlBrQU8wXzhoTEI5cVZWb3pCTENMVUphVFJ0ZTlQOVNYVElZ?oc=5,Black_Sea_Ukraine,google_rss,Black_Sea_Ukraine
New artillery attack as IAEA heads to Ukraine nuclear plant - Al Jazeera,2022-08-29 07:00:00+00:00,Al Jazeera,news.google.com,https://news.google.com/rss/articles/CBMiqAFBVV95cUxQX2lSaURxWHQwa2FlVDFza2VhXzB4VkZRT3Y4RXExTmNVMjRJYzRFWVNTUHZzVmFORXRIa05VWWstU0lzQlN2R2ZpMnVsVGdJZlE2NXhoYzV5RFdxYzVJMk0zemJBeDB6N1pUQlV3ZDMtTjRxeXQ3SE82M1ZVUmlYMTNsN0FhSjUzM05GN1htcXNyZG5sZWoxV2V3cG9nc203aUdQdE9iamjSAa4BQVVfeXFMTzFQbzEwVXhtRFpvY2Q0SVR6bmpQaFhFbktEZTNyMWNBUnNSLXJlWFRhUy0wengwWGNaOGpSQ19tTDNWYUhNd1RmVGI1VXFuNDNEUVQtVG9zUnRIRFZpUkJ5ekw0V25hUWEwakNYSHk4S0ZsblhqUGpWd09BOWRvVGpFeHhZWUJYb0RXNThRQ0F3S05QMldOX0dJUkIxdDZUektaU3ZlQWJSMFJVQ0xB?oc=5,Black_Sea_Ukraine,google_rss,Black_Sea_Ukraine
Drone Strikes Headquarters Of Russia's Black Sea Fleet In Ukraine's Occupied Crimea Region - Radio Free Europe/Radio Liberty,2022-08-20 07:00:00+00:00,Radio Free Europe/Radio Liberty,news.google.com,https://news.google.com/rss/articles/CBMikgFBVV95cUxPMldWWGZiV0RrX3VTS0RBdWg2eW5fbS1IWFNKT185TDUtRllQYktjNXNvVFNQMnVKVGFZb1Y5TkVOSTdVMkR1SEFxLWJHV09MNmcwVzZCdVZOaFZ6Z0wwT0RQR09BTEpBd1AxSnYwSk1BSk9hTlFtV3F1NUI3RUFNMmpWWFFRS3lwMm1VVF84eFhGd9IBlAFBVV95cUxPRTlJblBpYWppNl9UaXZQQ3BOYzZ4ZFJqOVBDQzJIS19TOFgxTkF6Q3k5OEs4TmpnaVN1Um1ZSWJ6XzRldERZbmFheGZMaUlFbGI1YXd1WWJSRHo1bklmUHhuam51T25qekg2YTNvbTVWbDZmNWJQS3JMUVJ4VHI4YXRXUzR0M2VPU3JBMXI0UDk0X1g1?oc=5,Black_Sea_Ukraine,google_rss,Black_Sea_Ukraine
Drone attack targets Russia’s Black Sea Fleet headquarters - Al Jazeera,2022-08-20 07:00:00+00:00,Al Jazeera,news.google.com,https://news.google.com/rss/articles/CBMipwFBVV95cUxOSE1hZlJHa2NaS0l1dTdmblBKUXlTRklQY0V2VS1mMDhYaVRqN2NtUVZTVUlERU9VcGE4STF1U0dRaWk3OHVkRHZBQ2k5WFdibkgwLXRDc19mMW5zOENhQzlJZGdMRllJR0h0dGlmcW1SNTlDQ21KTU45d2dwUnhsVmRqcURKWUtpOUlqckVpSWVIS1hhWmJfeE5LMTZrOTQ1bk13TWZJONIBrAFBVV95cUxQTDRwUFVsMS1SeUd4OGxNd3hTRHRsbEFPaC1mVGZxYWRJMVVpNVU0YkduUzBnNDlTdTBTY0N1dmVKVkFaYVNpalhoVXl1MERMSVNpRUVBcmNMTks3N0E3Snl5S0RzdmtveGhmUVdhLVZpbV9ZX3JxOE9ua2xwYktVQ29kSEhwNVZqb0ZkNUxoQWJTS0tIZk94NmxFWHNSLVBvT0ZSM0t3UnBqQkFK?oc=5,Black_Sea_Ukraine,google_rss,Black_Sea_Ukraine
"Russians, Ukrainians again trade blame for new shelling near nuclear plant - France 24",2022-08-15 07:00:00+00:00,France 24,news.google.com,https://news.google.com/rss/articles/CBMiuAFBVV95cUxQTnlNSEd6X3hRZW10NmFSUDN2cnMxUVZRTVh4b0s0anNicXU0LTFnSGhFakZvUjRZSER0RldQSERDWXJtOXdiM2s4VUt3NGRmUHRSeHNFNkVXeURWVjl2TTFvTXZGdDFWX0Rfd250OXlDeGE1cWFGWmZXalEwWE4teWFJTnpSMFFleDEweGFHNTdhXzN5YWlweU1MRnhBX0o0N2hkcXNDdWFxeXZ5Y3pFYzNkbXhDb3B1?oc=5,Black_Sea_Ukraine,google_rss,Black_Sea_Ukraine
"Ukraine, Russia Trade Blame On Shelling At Nuclear Power Plant As Fighting Rages In Donetsk - Radio Free Europe/Radio Liberty",2022-08-05 07:00:00+00:00,Radio Free Europe/Radio Liberty,news.google.com,https://news.google.com/rss/articles/CBMilwFBVV95cUxPcjZaV2gtcjY5NFdLc0VqeGJ5b1dWaWVsZHUxTUl2MHdZYUEzZ2cyR0hia1BWYVlZZjl2UC1GUlY2WXdwYzRHVkNVTzRId2pCaG5hc1lKWTJHYTI1b3FGb3I4U19kQUZ1c1dsVHVqWWdiSV9Hb2x2bzB4QVo5N0VVQ2QwOVZrUmFYRGRDQWNmNVU3VXJzWXVR0gGaAUFVX3lxTE1jOE9nYlZ5b0VPcTBBYXBVSk5pQkc0dFc3d0ROaThJeEJpOWdzSFg1azBYQXY5NFlGMUE3eHJ1d1lLbV9pUUdGVThJVHZuTjBpYy14SHNtLXpab0QtaG9IZUZncUYwMHhnd05BS2N5VDJDTWFJRXE4aVNVb3FBQzVFNVhZZnNKYnZqRUtSZ2R5bFdSa2xOQ2RnV3c?oc=5,Black_Sea_Ukraine,google_rss,Black_Sea_Ukraine
"Using Nuclear Reactors for Cover, Russians Lob Rockets at Ukrainians (Published 2022) - The New York Times",2022-08-01 07:00:00+00:00,The New York Times,news.google.com,https://news.google.com/rss/articles/CBMilgFBVV95cUxQc3FIR1k5T21NU0xVNUo5SzBiZUFRZnF5eHI1YUtHVmFHS2ltaV9QeXlZMmpEVEtjdEhNZWhNNGQyWk9BNVlpT25uTDQ0bzk5TGdZamdMSkVZR2xTWFhfOTF5dEJPaGRtQXhPZy03UTlLMEhuZEtjcFZRWUhOeGFpQkgwd19KZDIzWXNHOEJTMGR5UkhPS3c?oc=5,Black_Sea_Ukraine,google_rss,Black_Sea_Ukraine
Red Cross seeks access to Ukraine POW prison as Russian missiles rain down elsewhere - PBS,2022-07-30 07:00:00+00:00,PBS,news.google.com,https://news.google.com/rss/articles/CBMiuwFBVV95cUxNZFNoRTB4M3psWHFrand3QVpya2tXUEEwbDhrcmNRX21tUXBaTzM2VTV3NnpwT24yQl9zZjZ2d1dHZkhLWWRURGhtWlo1bVZ1UmZJRllpZVA3djJOMWNpa2lLTm51M3haTXBkUXVOZGV6UldnbXhqajhZNEE5bm90eWJrbGhnZjR6R2RtLXBYcTNta1VBOEN4Rm5aNG9zWTlsbHlXSXg5ZExoMTZ4X3ViUGtET1BBSTRTQ3hN0gHAAUFVX3lxTFBJTFJYMHRMd3pzTmxWVktkZEdaOVdleGVjWC00V0dZUUYyZ2Vjd25LdjB5NXBqSkZLTU1hcmFMd0xXeEpwM2R2VzhCRTQ0YW9ZWWkwQ19PU1pVc1lwTkotTzlkb3ZLVmlvVmxsejZIYVVhS2k4ekFGSDVzcXV2ZUJ2M1pTd3JGOFV5X244dTg5VUF0TERNYWpNZUI0TVhFWmp3UGctVE5mM3NmU2YyZTdrc0Q3V19YWXRQcFhtMl9wZw?oc=5,Black_Sea_Ukraine,google_rss,Black_Sea_Ukraine
"Russia, Ukraine blame each other for deadly attack on POW prison in Donetsk region - PBS",2022-07-29 07:00:00+00:00,PBS,news.google.com,https://news.google.com/rss/articles/CBMitwFBVV95cUxORnVQT2F3OW5uWUh1SVBMeWI4Y2FUQU9YdkcwRTg3NE5vdUxjd2I2dWV4a3NnQWNZWUtVSU1GZVhsTGFacEdycVhUeHFFTGtzOVd0MnhBOTNYa3E1QTNCbXJ1ejFxWkNvWnpQR0FBeUdGQ3V5ZzM1N1ZZM054Wi1NOHN3REdCcjZPRmdyZ1g2WlpFQ3M3alJySVk3ZGowV1FLeHVrMHZPeUp1LWx3Q0RtRHhjNE1NUGvSAbwBQVVfeXFMTmJoUmRLUTNYaU5ScHVLM1diamljc01NcnVRODk4RmJfalVJVDM0Q1UxblhtUUhoZW53bHg2bkM0bWxVM1BJc0djQU9wX3VrSUUtVkNRcGNNQzlPdDdFRlVhVXV3TFRlSmpXZUQ3amRjc3lzTFcyMzdHUDJ2WnBfd09SbE9VTmpCdlFoTE9tYy04aC1HdXFNN3VrSzFUdEN5el9iUmxyQk9RSERuYjZvNWthWEVPbXpyVEJmYUc?oc=5,Black_Sea_Ukraine,google_rss,Black_Sea_Ukraine
Russia Shelling Ukrainian Cities As Death Toll Mounts In Conflict - Radio Free Europe/Radio Liberty,2022-07-20 07:00:00+00:00,Radio Free Europe/Radio Liberty,news.google.com,https://news.google.com/rss/articles/CBMiggFBVV95cUxOMTllX1dCZHRyMTNkQ183TUtKaEJwTFRndEhQb1ZoVC1GdmZRQzFQVkF2VHpLRktjd08xRnk3U2RxN0ZSNTZITUtXVzJtN1RaUkhJTi1YNGJSQmJyLUx5cF9hNDR3ZmJLeVc4RV93U3Q3eGxDYzNGQkZiT0xESWExNnVR0gGEAUFVX3lxTE1IY2VVVlNzUzA3MnBSdW1PdUFyajVRVWJmTXJ0OWJJSTdxVXo4YzhVQmNRaEVxckMzclpKdy1ZRXprZWU5eGR6djJwMTJuaGdLT09JZnVBTnlNWjVSNzk0SV9Zd0hSLW5mMno2UUVGS2VEeTVELUFNU080alB6c1Q1Rm9neg?oc=5,Black_Sea_Ukraine,google_rss,Black_Sea_Ukraine
"Five killed, 22 injured in Ukrainian artillery attacks in Donetsk, Russian-backed separatists say - Reuters",2022-06-14 07:00:00+00:00,Reuters,news.google.com,https://news.google.com/rss/articles/CBMiygFBVV95cUxNa292M2M0bDNCVjQ5YnF1MHlxSzc4a01ZQzQ2cjdmMHk4WUFGSXdieGxzMFB2NFV6V0FVWnlfWW1vcWYwTll0VXl4NXVQMGZ5T1dtTkRXeFhWcU0wRURlR3BibjZrLXJMaDFSal85Qkszc0R2TTdmV01Lb01TNWRKdUhCY0EtazN5dEZVOTluRzhMV0VFNUxfNklDS2dzVGpJSFJYakVsalliYW56U2hhWnlDbHo2MUpnWmJsYTlVZ0ZBaFByQ0hzUTZR?oc=5,Black_Sea_Ukraine,google_rss,Black_Sea_Ukraine
"Russia is hammering Ukraine with up to 60,000 artillery shells and rockets every day - Task & Purpose",2022-06-13 07:00:00+00:00,Task & Purpose,news.google.com,https://news.google.com/rss/articles/CBMigwFBVV95cUxPcy1HanlQVkRMalF6MFVwRWM3VjVmc0xHNkNTLUE4WjdQZ0NJdEtRdjRwaEdMWERxS0lKeEVKNjlJaXdLTllLS2h0Z1ZYaWNTZi1DMnZWNWpWLUVPeDIwX1U5emlOTXB1R09hVHRZbHRKQU1HZWJBRXR2SnZQZTk0WEJVVQ?oc=5,Black_Sea_Ukraine,google_rss,Black_Sea_Ukraine
"Battered by Russian Shells, a Monastery Remains Loyal to Moscow (Published 2022) - The New York Times",2022-06-06 07:00:00+00:00,The New York Times,news.google.com,https://news.google.com/rss/articles/CBMimAFBVV95cUxQNGtyNTlkUkd0amNWUkNwMFFMblVhTjdYdDJfdmVrZjhGYXhxYzdQNXQtUjEzSEp4TUxoN0tQZ2NrZjJNaXlOX0ctdnltYlk4LUUwNXpVSmxEVmFGT00yUFdKTnBJZk02NFFPTlE1MU4yWkJCMy1YM2p3SWZId1NwQ0g0WEsxN1M4cmlDVVdBSVBRTkk3T1EwTw?oc=5,Black_Sea_Ukraine,google_rss,Black_Sea_Ukraine
‘They’re in hell’: Hail of Russian artillery tests Ukrainian morale - The Washington Post,2022-06-03 07:00:00+00:00,The Washington Post,news.google.com,https://news.google.com/rss/articles/CBMigAFBVV95cUxOQjVyUWdCQnBGS1F3cWVncERVUzdRZmlfZnh5TUthZkY3R3Z4Q1lhMllOaWM5ejRmcDJ2WjFONzdYRXY3WGtsOHlGS01BNVB5QzhhVV81RWlCUVRIZ2ZWcVAyR3dnOG5lbkRmOHY2M0dwUExGcTYzZEg2YlF0QzB2WA?oc=5,Black_Sea_Ukraine,google_rss,Black_Sea_Ukraine
"A whistle, then a deadly barrage. Ukraine’s soldiers are under relentless fire. (Published 2022) - The New York Times",2022-06-01 07:00:00+00:00,The New York Times,news.google.com,https://news.google.com/rss/articles/CBMihgFBVV95cUxNVkh3THRzMDVLaW9leEl0dnU4cGRYZ29DMEF1bndVM1dlUVFXcVY1ZDJDZnFkMG1PTk5QczJRekVBMVVDSWgtblQ2ZDdmNWZ4TUJLRGRBX1dQSHpReDhLUWExX19Na0NfLUpUZldrRGVScFRGNHY0Z1pmQ2VxcVM3Sk5JZ3Rvdw?oc=5,Black_Sea_Ukraine,google_rss,Black_Sea_Ukraine
"Russian artillery pounds cities, towns and villages in eastern Ukraine - Los Angeles Times",2022-04-30 07:00:00+00:00,Los Angeles Times,news.google.com,https://news.google.com/rss/articles/CBMi1AFBVV95cUxOYkRMTVItNnZQU01ZbVdtVVlaLUhOY05QNk9jS0ZxYllLY0xBcnR3OHFycnBIRmhTUHEzcGdZREpyTU9lZHg2c29IVkxwVk81cDFEWUVFU3AyLS1pQWFmYzFZSFlTaTZCcGRwMThyVktoY2p3WlpqQWJHYjRxUUlsdVpOTG14eF9ST25oSHlMUlEycWp3a3N4M3pta1NZNGRrTi1hc2Fsa2FFN0hDSW40RDJCTzcxRUJTYmpJbmtDV1gtdWFocERDeVZ5ZzVTMzF1MnBXVw?oc=5,Black_Sea_Ukraine,google_rss,Black_Sea_Ukraine
"The War Moves East, as Putin Looks for a Victory (Published 2022) - The New York Times",2022-04-04 07:00:00+00:00,The New York Times,news.google.com,https://news.google.com/rss/articles/CBMiggFBVV95cUxNUGxLbnJBQ3ZfNVFGT2dEN01vY0xWdkN0aVRPR0lhamlCRlJuUHptQlFHYURNbjk3dDFzRzc4OGM1Y2NXTHhBLUxYYktxR1JsX1pWTHVWUkd4VFk0by15bUQ5QzBLSUZyTWxFS1c4eEQ5M2ZubnVYSGZjc2VrajJWYjV3?oc=5,Black_Sea_Ukraine,google_rss,Black_Sea_Ukraine
Ukrainian mayor says 21 killed as school and community center hit by Russian artillery strike - CBS News,2022-03-17 07:00:00+00:00,CBS News,news.google.com,https://news.google.com/rss/articles/CBMisgFBVV95cUxQU3FPZXl5NUZJT1pxRGZydlFuZUpoR2R4dWtDLVN0b1RiUlhibHBnTFp1QUdSTEhhaEowZll1b2k4V1g1QWRJOWYyMjI3Z1ptdElTTExfRFVjdC1ZNkpMRmhoS3NwbXpZYU54S1d0TmpjcFJPM1hnOGRiMTFZamI5VDFWVFlYRW5sc3BtcEZ5OWtfSkp0c1BaVVgxakRhUVZEbkZTY2dGSHlKWWFydjdDdWpR0gG3AUFVX3lxTE1aZGxFWm5FN21NRzNTbjVDUlZSdDJIc2R5VUgtdkF5WGZIcTIzMDFaNW1iTXlHeEhuR3RfcU82UnJNQWFhbU1aeGFYRkp1Yi03a2drZE41R19FNERCMnpSa3J3TWNZYjluNl90WVlRUTVYdms4M2ZWbHlaWjE0YzBvVGdZRE1laFZrSW9fTzRlczBRWXFrdHF1clg5YlJRbmJ4N0NSc0s2UWRNbmpXTkNGeXo4SFJIcw?oc=5,Black_Sea_Ukraine,google_rss,Black_Sea_Ukraine
70 Ukrainian servicemen killed by Russian shelling of military base - The Jerusalem Post,2022-03-01 08:00:00+00:00,The Jerusalem Post,news.google.com,https://news.google.com/rss/articles/CBMiX0FVX3lxTE16amJiT3E4UzFJazFFaTFvZWFaZHpqVGNuQWMzNUt2WWlLMk1Wc3dyb1I5b2VVUXFYeFphMkJ4Y0tvYXQwZmlNcEVReWhJTGJ4NjVxeTJPekFxUndHeXVV?oc=5,Black_Sea_Ukraine,google_rss,Black_Sea_Ukraine
Ukraine Invasion Updates - Critical Threats,2022-02-22 08:00:00+00:00,Critical Threats,news.google.com,https://news.google.com/rss/articles/CBMic0FVX3lxTE1qQ2wyZUlQRURiMm9FZUxFTTlGUjJSM0RTeTFHblUzc20xMUU5aEF6dVNteVJlRHg4N29NeXdUTnlZeHVyYjBDMjJmNnZtSF8yaGNHaXpnOXh2bkVRMDhSZEpxRVFnNWt3VjYtcXJLRTVnelU?oc=5,Black_Sea_Ukraine,google_rss,Black_Sea_Ukraine
"Shelling Escalates in Ukraine as Thousands Flee, Fearing Attack (Published 2022) - The New York Times",2022-02-19 08:00:00+00:00,The New York Times,news.google.com,https://news.google.com/rss/articles/CBMiigFBVV95cUxOYWh4QWNJeG5UblphTzZmX29vRzhBd2kxSFhNQUN1Mi0xWVlGanEwbE1hLVhLNU9sWDU5bndFd0xIYVFQcFNsTjlJenRpaThwWG9pdkJ0bkY2S0lvenpudENRNXFLaGhuZk5qeThjeHhmUzlLWktYQXNOeFYzMGVaSEZRYWFsVEtCM1E?oc=5,Black_Sea_Ukraine,google_rss,Black_Sea_Ukraine
"In Ukraine’s war-weary east, intensifying shelling and battered homes signal attempts at provocation by Russia - The Washington Post",2022-02-19 08:00:00+00:00,The Washington Post,news.google.com,https://news.google.com/rss/articles/CBMif0FVX3lxTE9FVnhLaVZ6NFU5NHExZWlKbGt0ak5wSTd1M1FDVEJSdTNiUFJjQ1lhdGdNYTdMSjVqRzdKazluamhGU19oQ200dzBfX1R4ZDl4dUFPNVNlSlNSNWNlZXpTT3dnd3l4cGNjUG1yTVpuanZYaGNJNTdQSUd2SGZ0VzA?oc=5,Black_Sea_Ukraine,google_rss,Black_Sea_Ukraine
"As Shelling Picks Up, Eastern Ukrainians Are Cowering (Published 2022) - The New York Times",2022-02-18 08:00:00+00:00,The New York Times,news.google.com,https://news.google.com/rss/articles/CBMikgFBVV95cUxOaG1zYjU4bERlY3NWdFloR01NQlE0UkNlNkhiZDlRNHRPenB5XzFNdTA0ZWQ1Q0drOE5tcEVZLXdSb0RIYldlaERGVUZoQTMxZDBfU09udVJGMFhhVFV5bXltRXdGVE1QbkliRE1LMUF0dkVWVE1Tc2RVZ1JsNzRiaWgtSHNCWTJsN2E2MWRhQUpodw?oc=5,Black_Sea_Ukraine,google_rss,Black_Sea_Ukraine
The Iranian and Houthi War against Saudi Arabia - CSIS | Center for Strategic and International Studies,2021-12-21 08:00:00+00:00,CSIS | Center for Strategic and International Studies,news.google.com,https://news.google.com/rss/articles/CBMifkFVX3lxTFAxZnhUSVBkOE5NQ1BpMndST2k5Tm9MNW5xRXpOVm5TREREQnUyMHVwRy1seFlaNU9fS243UUJGdS15YzNRMlRHbGZNQTBPYlIzWG1ucFQ2c29EeU5UcXZZcWF3WlFDRDlBTXd1c1hEZjJQbzJ6dE9sa2VudDJhZw?oc=5,Red_Sea_Gulf_Aden,google_rss,Red_Sea_Gulf_Aden
"Iran Owns the Gray Zone | Proceedings - March 2018 144/3/1,381 - U.S. Naval Institute",2019-02-27 10:27:57+00:00,U.S. Naval Institute,news.google.com,https://news.google.com/rss/articles/CBMifkFVX3lxTE95NVY5SEVfTlF6bjd6VnZaeno5SkxtM2xPZThqRktQMUZPUjFoUHV2QzBPMDFfcW1SZ3pFal82RmVXcllIYW9pbEhHMFFSVm1WVjZnNWM3cDdla3FKV1VuTXhfNGlid3piY2libFBfcFNiVjc5LVkyRElsLUdHQQ?oc=5,Red_Sea_Gulf_Aden,google_rss,Red_Sea_Gulf_Aden
Putin's Undeclared War: Summer 2014 - Russian Artillery Strikes against Ukraine - Bellingcat,2016-12-21 08:00:00+00:00,Bellingcat,news.google.com,https://news.google.com/rss/articles/CBMijgFBVV95cUxQaWVZM2dpLVBKdEJqUmlNVlJReHJVNFJ5Um8xVG1mcmx0R0xPSy05MVVzRFR4NU5aMVU3MkJlN2pTX2gzZTE0V3RwZW1aOC03azJEX2xEWktrSXdadnN6MjJVRmlmNFZLRHBjelRhOWdFZmpFbXU1bGpLLUNUdHhJRmFtZW5PMURrQ0ZEUGF3?oc=5,Black_Sea_Ukraine,google_rss,Black_Sea_Ukraine
Yemeni Houthis fire at ship with Iranian-supplied missile - Long War Journal,2016-10-05 07:00:00+00:00,Long War Journal,news.google.com,https://news.google.com/rss/articles/CBMirAFBVV95cUxOX2hnamwzLXVLSFB5VU5iaFJxam1ucXM5clNtMURSTGZjZE4wcTRNdENLT3E5R2sxcVFtb3REYlVyWFFrTmRMWjlPQkFQdG9pYXBjaHZWMWRaMGt1eW5rb2ZwdTBhSUhkTFFUc2JEaGZFV0ZsV2JoYjFHekZZUFRuMkM3Q09zN2FxMHptRDBhQS12NUQyV05CaUZOSlhnM2VHem1kd0RkRnllbTBp?oc=5,Red_Sea_Gulf_Aden,google_rss,Red_Sea_Gulf_Aden
Hiding in plain sight: Putin’s war in Ukraine - Atlantic Council,2015-10-15 07:00:00+00:00,Atlantic Council,news.google.com,https://news.google.com/rss/articles/CBMikAFBVV95cUxPaGNjWG92U0trTjhsOVktLWVRWUdMVU5TanhsdzcyUnhFaWVnVmVpZURkMF9JelliNzhJRHBURmp3WC00TW9tSlhWVUk5TnRyZmNIcXlWelVDRTJYeGVPVmlacEU1c0RDcExpd0hnTUtPdWF4R0NQRTVPRDktem1heDlkMV96STlBVVhqNE9HMm0?oc=5,Black_Sea_Ukraine,google_rss,Black_Sea_Ukraine
Bellingcat Report - Origin of Artillery Attacks on Ukrainian Military Positions in Eastern Ukraine Between 14 July 2014 and 8 August 2014 - Bellingcat,2015-02-17 08:00:00+00:00,Bellingcat,news.google.com,https://news.google.com/rss/articles/CBMihAFBVV95cUxQdUxMRkVZZ0dOb2ZSNnVlLUpRZktDNmExVXNmM2JVZ1ZVQ2pydXFROXNHQWpGU3o4c1I3RURfRVhGMmZfaEw4M0RZNW9uWGtxZzgxUndXVmttay03eVRHZXJIczJ2M3l2ZGxJZkc5Y25VMFNNYS1OQVVPRHNMek51NTVna1c?oc=5,Black_Sea_Ukraine,google_rss,Black_Sea_Ukraine
Military Implications of the Syria-Turkey Border Incident - The Washington Institute,2012-10-05 07:00:00+00:00,The Washington Institute,news.google.com,https://news.google.com/rss/articles/CBMipAFBVV95cUxNc0lxdmJKTUl0ZzV0TENmWGNZa2NPTzBmM3RPSU9kS004WE8wTVM3MktXUW40ZW1MRE1hLVVtQWx2dDN0REhrV0o2dG9hd1lvZ202ZEFiTmlYaUgzM3V4WWJkX0dIeFI2alUwTmRSa3VNRS1BdklpdTc0RDd4NXdLVFd5ZzRaNDl6RWdxb0h2cHdVb0cyWG1zOV9lNmZ5S3JKb09wZQ?oc=5,Levant_EastMed,google_rss,Levant_EastMed
Iranian Naval Capabilities and the Security of the Hormuz Strait - The Jamestown Foundation,2010-07-29 07:00:00+00:00,The Jamestown Foundation,news.google.com,https://news.google.com/rss/articles/CBMikAFBVV95cUxOSVRIcVh1NnRHY0ZNRmRibWpMYUlJWnZ6ZXJJSkVER1RrV0FtbVpVZUhkVlZSQ2k5cE94ZXdmLTVOM3h1MlhwMHo1SG5vcmdLTFllck4xUVptRHR5UVN4bUtjNHBOdjhNaUVMQVJrd1hMb05rdUdVT1Rwemo5VktxVXMxQXhYYkl2NlFzUVJOa2E?oc=5,Persian_Gulf,google_rss,Persian_Gulf
